fecha_hora,fecha,hora,anio,mag,depth,latitude,longitude,magType,place,energia_j,id
1983-02-13 14:01:36.340000+00:00,1983-02-13,14:01:36,1983,4.4,33.0,-4.965,-80.327,mb,"4 km SSE of Tambo Grande, Peru",251188643150.95822,usp0001t0r
1983-02-18 08:55:46.910000+00:00,1983-02-18,08:55:46,1983,5.1,105.1,-3.113,-79.053,mb,"24 km SSW of Cuenca, Ecuador",2818382931264.449,usp0001t4y
1983-02-27 01:20:26.360000+00:00,1983-02-27,01:20:26,1983,4.2,126.6,-4.005,-76.404,mb,"58 km S of Alianza Cristiana, Peru",125892541179.41713,usp0001tbv
1983-03-15 17:15:36.080000+00:00,1983-03-15,17:15:36,1983,4.8,125.4,0.587,-78.209,mb,"27 km NNW of Ibarra, Ecuador",1000000000000.0,usp0001tp3
1983-03-20 23:45:39.930000+00:00,1983-03-20,23:45:39,1983,4.6,33.0,1.55,-79.626,mb,"65 km N of Esmeraldas, Ecuador",501187233627.2715,usp0001tt4
1983-03-21 01:02:51.620000+00:00,1983-03-21,01:02:51,1983,4.6,65.7,-3.81,-77.942,mb,"84 km ESE of Gualaquiza, Ecuador",501187233627.2715,usp0001tt7
1983-03-31 13:12:52.640000+00:00,1983-03-31,13:12:52,1983,5.5,22.2,2.461,-76.686,mb,"8 km WNW of Popayán, Colombia",11220184543019.652,usp0001u34
1983-04-04 02:01:10.420000+00:00,1983-04-04,02:01:10,1983,4.7,52.7,-5.58,-78.777,mb,"9 km ENE of Las Pirias, Peru",707945784384.1403,usp0001u5r
1983-04-12 12:07:54.520000+00:00,1983-04-12,12:07:54,1983,7.0,104.2,-4.843,-78.103,mw,"92 km NNE of La Peca, Peru",1995262314968882.8,usp0001uct
1983-04-13 15:00:33.760000+00:00,1983-04-13,15:00:33,1983,4.9,33.0,-4.473,-81.98,mb,"79 km W of Talara, Peru",1412537544622.7554,usp0001udx
1983-04-15 10:08:20.540000+00:00,1983-04-15,10:08:20,1983,5.6,118.0,-5.979,-75.663,mb,"40 km NNE of Navarro, Peru",15848931924611.11,usp0001ufz
1983-04-15 13:25:36.080000+00:00,1983-04-15,13:25:36,1983,4.8,120.0,-3.712,-78.67,mb,"16 km NE of Yantzaza, Ecuador",1000000000000.0,usp0001ug4
1983-04-27 21:06:00.880000+00:00,1983-04-27,21:06:00,1983,4.9,32.8,-1.821,-77.679,mb,"34 km ESE of Palora, Ecuador",1412537544622.7554,usp0001uua
1983-05-19 19:07:18.610000+00:00,1983-05-19,19:07:18,1983,5.7,22.7,0.147,-77.122,mb,"26 km WNW of Nueva Loja, Ecuador",22387211385683.47,usp0001vgk
1983-06-01 12:23:50.280000+00:00,1983-06-01,12:23:50,1983,4.9,57.2,-2.448,-79.348,mb,"2 km SSW of La Troncal, Ecuador",1412537544622.7554,usp0001vuu
1983-06-12 04:15:27.170000+00:00,1983-06-12,04:15:27,1983,4.8,37.0,0.279,-80.148,mb,"25 km NNW of Pedernales, Ecuador",1000000000000.0,usp0001w1c
1983-06-12 15:24:25.990000+00:00,1983-06-12,15:24:25,1983,4.4,57.2,-3.801,-80.844,mb,"22 km SW of Zorritos, Peru",251188643150.95822,usp0001w1u
1983-07-21 06:46:02.870000+00:00,1983-07-21,06:46:02,1983,5.0,34.4,-1.22,-80.908,mb,"33 km SW of Montecristi, Ecuador",1995262314968.8828,usp0001wzj
1983-07-21 07:03:31.370000+00:00,1983-07-21,07:03:31,1983,4.8,33.0,-1.153,-80.738,mb,"14 km SW of Montecristi, Ecuador",1000000000000.0,usp0001wzk
1983-08-04 07:44:25.420000+00:00,1983-08-04,07:44:25,1983,4.9,99.4,-4.017,-76.583,mb,"62 km SSW of Alianza Cristiana, Peru",1412537544622.7554,usp0001xb3
1983-08-06 14:20:43.700000+00:00,1983-08-06,14:20:43,1983,4.7,33.0,-5.692,-80.021,mb,"15 km W of Pueblo Nuevo, Peru",707945784384.1403,usp0001xcq
1983-08-21 15:47:17.230000+00:00,1983-08-21,15:47:17,1983,4.6,129.9,-4.981,-76.011,mb,"46 km NW of Lagunas, Peru",501187233627.2715,usp0001xua
1983-09-08 04:34:50.180000+00:00,1983-09-08,04:34:50,1983,4.4,191.9,-1.569,-77.785,mb,"24 km NE of Palora, Ecuador",251188643150.95822,usp0001y6s
1983-09-11 03:08:45.410000+00:00,1983-09-11,03:08:45,1983,4.7,33.0,2.734,-79.786,mb,"146 km WNW of Salahonda, Colombia",707945784384.1403,usp0001y90
1983-09-14 08:35:17.240000+00:00,1983-09-14,08:35:17,1983,5.6,94.0,-3.672,-79.245,mb,"35 km N of Loja, Ecuador",15848931924611.11,usp0001ybv
1983-10-11 10:05:36.660000+00:00,1983-10-11,10:05:36,1983,5.1,86.1,-3.734,-79.07,mb,"32 km NNE of Loja, Ecuador",2818382931264.449,usp0001yx6
1983-10-17 12:53:59.900000+00:00,1983-10-17,12:53:59,1983,4.8,105.3,-3.761,-77.593,mb,"116 km ESE of Gualaquiza, Ecuador",1000000000000.0,usp0001z23
1983-11-03 07:41:11.470000+00:00,1983-11-03,07:41:11,1983,5.9,92.8,-4.014,-79.418,mw,"7 km WSW of Catamayo, Ecuador",44668359215096.53,usp0001zhg
1983-11-08 06:52:46.330000+00:00,1983-11-08,06:52:46,1983,4.6,96.8,-3.819,-79.127,mb,"21 km NNE of Loja, Ecuador",501187233627.2715,usp0001zn9
1983-11-13 22:38:45.680000+00:00,1983-11-13,22:38:45,1983,5.0,29.2,-5.592,-77.056,mb,"49 km N of Moyobamba, Peru",1995262314968.8828,usp0001zsz
1983-11-22 14:21:03.080000+00:00,1983-11-22,14:21:03,1983,6.6,54.9,0.482,-79.877,mw,"21 km SE of Muisne, Ecuador",501187233627271.44,usp0001zzs
1983-11-22 15:15:14.960000+00:00,1983-11-22,15:15:14,1983,5.2,25.6,-5.006,-78.105,mb,"76 km NNE of La Peca, Peru",3981071705534.9854,usp0001zzu
1983-11-25 22:56:25.880000+00:00,1983-11-25,22:56:25,1983,5.5,114.7,-3.77,-76.309,mb,"35 km SSE of Alianza Cristiana, Peru",11220184543019.652,usp000202b
1983-11-27 17:48:03.700000+00:00,1983-11-27,17:48:03,1983,4.8,111.0,-4.894,-76.156,mb,"58 km E of Barranca, Peru",1000000000000.0,usp000203q
1983-12-21 18:36:55.310000+00:00,1983-12-21,18:36:55,1983,5.2,39.9,0.4,-79.907,mb,"26 km SSE of Muisne, Ecuador",3981071705534.9854,usp00020pu
1983-12-24 08:35:38.040000+00:00,1983-12-24,08:35:38,1983,4.5,33.0,-2.157,-78.774,mb,"9 km ENE of Alausí, Ecuador",354813389233.57605,usp00020s3
1983-12-30 09:31:55.410000+00:00,1983-12-30,09:31:55,1983,4.6,33.0,-2.091,-77.679,mb,"53 km SE of Palora, Ecuador",501187233627.2715,usp00020xb
1984-01-13 02:29:00.990000+00:00,1984-01-13,02:29:00,1984,5.7,102.9,-3.863,-78.494,mw,"29 km E of Yantzaza, Ecuador",22387211385683.47,usp000216k
1984-01-17 16:19:03.360000+00:00,1984-01-17,16:19:03,1984,5.6,18.2,-3.904,-81.425,mw,"46 km NNW of El Alto, Peru",15848931924611.11,usp00021b2
1984-02-06 04:40:19.140000+00:00,1984-02-06,04:40:19,1984,4.7,33.0,1.941,-80.074,mb,"118 km NNW of Esmeraldas, Ecuador",707945784384.1403,usp00021te
1984-02-21 03:20:45.040000+00:00,1984-02-21,03:20:45,1984,4.7,33.0,-1.543,-81.064,mb,"58 km WSW of Jipijapa, Ecuador",707945784384.1403,usp0002252
1984-02-21 03:38:32.950000+00:00,1984-02-21,03:38:32,1984,4.9,33.0,-1.532,-80.927,mb,"43 km WSW of Jipijapa, Ecuador",1412537544622.7554,usp0002255
1984-02-22 05:16:26.840000+00:00,1984-02-22,05:16:26,1984,4.5,37.1,-4.025,-80.805,mb,"9 km NW of Papayal, Peru",354813389233.57605,usp000225w
1984-03-06 21:40:04.930000+00:00,1984-03-06,21:40:04,1984,4.8,120.0,-5.312,-77.266,mb,"74 km N of Segunda Jerusalén - Azunguillo, Peru",1000000000000.0,usp00022ft
1984-03-15 10:47:45.110000+00:00,1984-03-15,10:47:45,1984,4.5,33.0,2.594,-79.801,mb,"141 km WNW of Salahonda, Colombia",354813389233.57605,usp00022p0
1984-04-15 21:26:32.270000+00:00,1984-04-15,21:26:32,1984,5.4,109.6,-3.682,-77.79,mw,"93 km ESE of Gualaquiza, Ecuador",7943282347242.8545,usp00023ke
1984-04-22 18:57:37.820000+00:00,1984-04-22,18:57:37,1984,4.6,33.0,-0.532,-78.047,mb,"49 km NNW of Archidona, Ecuador",501187233627.2715,usp00023t5
1984-04-28 20:12:06.330000+00:00,1984-04-28,20:12:06,1984,5.7,47.4,-1.776,-78.101,mw,"17 km WSW of Palora, Ecuador",22387211385683.47,usp00023z1
1984-04-28 21:43:47+00:00,1984-04-28,21:43:47,1984,4.9,33.0,-2.081,-78.692,mb,"21 km NE of Alausí, Ecuador",1412537544622.7554,usp00023z3
1984-05-13 23:53:29.650000+00:00,1984-05-13,23:53:29,1984,5.0,34.7,-3.938,-80.831,mw,"18 km NW of Papayal, Peru",1995262314968.8828,usp00024c3
1984-05-22 23:56:45.570000+00:00,1984-05-22,23:56:45,1984,4.8,151.4,-2.401,-77.007,mb,"123 km E of Macas, Ecuador",1000000000000.0,usp00024jv
1984-05-25 02:57:53.160000+00:00,1984-05-25,02:57:53,1984,4.5,115.9,-3.729,-77.123,mb,"81 km WSW of Alianza Cristiana, Peru",354813389233.57605,usp00024m2
1984-06-08 10:05:21.860000+00:00,1984-06-08,10:05:21,1984,4.9,106.0,-5.075,-80.111,mb,"6 km ENE of Chulucanas, Peru",1412537544622.7554,usp00024wq
1984-06-13 05:47:07.090000+00:00,1984-06-13,05:47:07,1984,4.8,47.7,-1.81,-80.256,mb,"2 km WNW of Pedro Carbo, Ecuador",1000000000000.0,usp00024zu
1984-07-29 06:02:29.140000+00:00,1984-07-29,06:02:29,1984,4.4,36.8,-5.288,-76.598,mb,"51 km S of Barranca, Peru",251188643150.95822,usp0002626
1984-07-30 02:47:20.800000+00:00,1984-07-30,02:47:20,1984,4.7,61.6,2.284,-78.958,mb,"42 km NW of Salahonda, Colombia",707945784384.1403,usp000263b
1984-07-30 04:27:25.150000+00:00,1984-07-30,04:27:25,1984,5.2,19.2,2.295,-78.997,mw,"46 km NW of Salahonda, Colombia",3981071705534.9854,usp000263d
1984-09-06 19:10:00.330000+00:00,1984-09-06,19:10:00,1984,5.4,82.7,-3.645,-79.64,mb,"6 km NNW of Zaruma, Ecuador",7943282347242.8545,usp000274e
1984-09-12 01:04:58.430000+00:00,1984-09-12,01:04:58,1984,4.5,33.0,2.609,-79.562,mb,"118 km WNW of Salahonda, Colombia",354813389233.57605,usp00027af
1984-09-17 07:36:34.810000+00:00,1984-09-17,07:36:34,1984,4.3,33.0,1.17,-75.253,mb,"31 km ESE of Milán, Colombia",177827941003.89227,usp00027fb
1984-10-26 16:12:47.180000+00:00,1984-10-26,16:12:47,1984,4.5,162.6,2.922,-76.304,mb,"5 km SW of Toribío, Colombia",354813389233.57605,usp00028hq
1984-11-13 14:03:15.850000+00:00,1984-11-13,14:03:15,1984,5.1,16.5,1.978,-76.011,mb,"3 km ESE of Saladoblanco, Colombia",2818382931264.449,usp000291a
1984-11-20 14:26:27.030000+00:00,1984-11-20,14:26:27,1984,4.7,33.0,-3.279,-80.612,mb,"36 km NNW of Tumbes, Peru",707945784384.1403,usp0002984
1984-12-27 08:07:44.070000+00:00,1984-12-27,08:07:44,1984,4.7,185.6,-1.424,-77.818,mb,"21 km ENE of Puyo, Ecuador",707945784384.1403,usp0002af3
1985-01-08 08:57:26.600000+00:00,1985-01-08,08:57:26,1985,4.5,196.4,-1.503,-77.693,mb,"34 km E of Puyo, Ecuador",354813389233.57605,usp0002av4
1985-01-09 10:28:21.910000+00:00,1985-01-09,10:28:21,1985,4.9,33.0,2.609,-79.637,mb,"125 km WNW of Salahonda, Colombia",1412537544622.7554,usp0002aw7
1985-01-11 09:43:04.170000+00:00,1985-01-11,09:43:04,1985,4.4,33.0,-1.692,-79.81,mb,"16 km SSW of Vinces, Ecuador",251188643150.95822,usp0002aya
1985-01-30 02:26:00.850000+00:00,1985-01-30,02:26:00,1985,4.9,43.9,-5.767,-80.288,mb,"45 km W of Pueblo Nuevo, Peru",1412537544622.7554,usp0002bft
1985-02-04 10:50:27.220000+00:00,1985-02-04,10:50:27,1985,5.0,124.0,-3.64,-78.004,mb,"69 km ESE of Gualaquiza, Ecuador",1995262314968.8828,usp0002bme
1985-02-05 08:56:09.290000+00:00,1985-02-05,08:56:09,1985,4.2,33.0,-3.634,-80.607,mb,"9 km ENE of Zorritos, Peru",125892541179.41713,usp0002bn6
1985-02-10 14:27:44.250000+00:00,1985-02-10,14:27:44,1985,4.6,194.3,-1.558,-77.668,mb,"36 km ENE of Palora, Ecuador",501187233627.2715,usp0002bsj
1985-02-14 03:24:14.770000+00:00,1985-02-14,03:24:14,1985,4.5,68.4,-4.917,-75.902,mb,"42 km NW of Lagunas, Peru",354813389233.57605,usp0002bw2
1985-03-07 02:54:35.040000+00:00,1985-03-07,02:54:35,1985,4.0,41.2,2.334,-78.971,mb,"47 km NW of Salahonda, Colombia",63095734448.019424,usp0002cj2
1985-03-08 21:45:21.340000+00:00,1985-03-08,21:45:21,1985,4.9,159.7,-2.937,-75.413,mb,"128 km ENE of Alianza Cristiana, Peru",1412537544622.7554,usp0002ckm
1985-03-17 07:14:07.200000+00:00,1985-03-17,07:14:07,1985,5.0,54.2,-4.451,-80.843,mb,"21 km SSE of La Breita, Peru",1995262314968.8828,usp0002cz1
1985-03-18 22:57:35.220000+00:00,1985-03-18,22:57:35,1985,4.3,182.1,-1.356,-77.813,mb,"25 km NE of Puyo, Ecuador",177827941003.89227,usp0002d0u
1985-04-10 20:15:36.610000+00:00,1985-04-10,20:15:36,1985,5.2,10.0,1.56,-77.017,mw,"5 km SE of Belén, Colombia",3981071705534.9854,usp0002dpb
1985-04-13 02:32:56.750000+00:00,1985-04-13,02:32:56,1985,4.3,33.0,-3.872,-79.867,mb,"27 km NNE of Celica, Ecuador",177827941003.89227,usp0002drq
1985-04-21 17:39:49.500000+00:00,1985-04-21,17:39:49,1985,4.6,33.0,-0.501,-80.51,mb,"14 km NW of Bahía de Caráquez, Ecuador",501187233627.2715,usp0002e0b
1985-05-29 16:45:01.110000+00:00,1985-05-29,16:45:01,1985,4.3,33.0,-0.186,-80.72,mb,"56 km NW of Bahía de Caráquez, Ecuador",177827941003.89227,usp0002fad
1985-06-01 10:39:34.090000+00:00,1985-06-01,10:39:34,1985,4.7,104.3,-2.516,-78.641,mb,"33 km E of Cañar, Ecuador",707945784384.1403,usp0002fdm
1985-06-24 16:20:09.630000+00:00,1985-06-24,16:20:09,1985,5.2,33.0,-1.896,-78.102,mb,"26 km SW of Palora, Ecuador",3981071705534.9854,usp0002g45
1985-06-24 22:05:50.970000+00:00,1985-06-24,22:05:50,1985,4.4,33.0,-0.374,-80.244,mb,"31 km NE of Bahía de Caráquez, Ecuador",251188643150.95822,usp0002g4c
1985-06-25 05:08:10.670000+00:00,1985-06-25,05:08:10,1985,4.5,33.0,-1.155,-78.507,mb,"4 km ENE of Píllaro, Ecuador",354813389233.57605,usp0002g4k
1985-06-25 20:00:44.600000+00:00,1985-06-25,20:00:44,1985,4.2,33.0,-0.211,-80.426,mb,"42 km N of Bahía de Caráquez, Ecuador",125892541179.41713,usp0002g58
1985-06-26 02:36:20.400000+00:00,1985-06-26,02:36:20,1985,4.5,33.0,-0.501,-80.495,mb,"13 km NW of Bahía de Caráquez, Ecuador",354813389233.57605,usp0002g5n
1985-07-03 23:27:36.490000+00:00,1985-07-03,23:27:36,1985,4.8,33.0,-3.293,-80.659,ms,"38 km NW of Tumbes, Peru",1000000000000.0,usp0002gde
1985-07-26 17:56:58.440000+00:00,1985-07-26,17:56:58,1985,5.3,18.4,-5.378,-78.653,mw,"31 km N of Bellavista, Peru",5623413251903.491,usp0002h3v
1985-08-13 12:54:36.780000+00:00,1985-08-13,12:54:36,1985,4.8,159.4,-2.008,-77.204,mb,"91 km ESE of Palora, Ecuador",1000000000000.0,usp0002hpq
1985-08-27 14:52:12.300000+00:00,1985-08-27,14:52:12,1985,4.3,169.1,-1.59,-77.946,mb,"12 km N of Palora, Ecuador",177827941003.89227,usp0002j6k
1985-08-28 18:44:00.240000+00:00,1985-08-28,18:44:00,1985,4.8,33.0,-0.906,-79.279,mb,"7 km WNW of La Maná, Ecuador",1000000000000.0,usp0002j7q
1985-09-10 04:53:36.500000+00:00,1985-09-10,04:53:36,1985,5.0,128.0,-4.816,-76.75,mb,"8 km WNW of Barranca, Peru",1995262314968.8828,usp0002jkg
1985-09-27 08:54:43.800000+00:00,1985-09-27,08:54:43,1985,4.7,122.4,-5.199,-77.249,mb,"75 km WSW of Barranca, Peru",707945784384.1403,usp0002k6h
1985-10-03 03:15:44.150000+00:00,1985-10-03,03:15:44,1985,4.4,33.0,2.125,-79.348,mb,"71 km WNW of Tumaco, Colombia",251188643150.95822,usp0002kdq
1985-10-03 04:50:02.670000+00:00,1985-10-03,04:50:02,1985,4.7,10.0,1.592,-79.621,mb,"70 km N of Esmeraldas, Ecuador",707945784384.1403,usp0002kdt
1985-10-09 03:48:33+00:00,1985-10-09,03:48:33,1985,4.7,68.2,-5.475,-78.568,mb,"21 km NW of La Peca, Peru",707945784384.1403,usp0002km7
1985-10-21 22:03:30.950000+00:00,1985-10-21,22:03:30,1985,4.6,192.2,-1.563,-77.648,mb,"38 km ENE of Palora, Ecuador",501187233627.2715,usp0002m0c
1985-10-24 08:25:05.230000+00:00,1985-10-24,08:25:05,1985,4.7,95.7,0.214,-79.227,mb,"30 km ESE of Rosa Zarate, Ecuador",707945784384.1403,usp0002m31
1985-11-12 15:12:11.390000+00:00,1985-11-12,15:12:11,1985,5.0,194.3,-1.451,-77.736,mb,"29 km E of Puyo, Ecuador",1995262314968.8828,usp0002mq2
1985-11-26 19:02:23.980000+00:00,1985-11-26,19:02:23,1985,4.9,33.0,-3.165,-77.042,mb,"75 km WNW of Alianza Cristiana, Peru",1412537544622.7554,usp0002n8j
1985-12-03 21:06:07.120000+00:00,1985-12-03,21:06:07,1985,4.7,33.0,-5.793,-81.835,mb,"111 km SW of Paita, Peru",707945784384.1403,usp0002nh5
1985-12-07 00:06:54.620000+00:00,1985-12-07,00:06:54,1985,5.0,44.9,-2.008,-80.868,mb,"24 km N of Santa Elena, Ecuador",1995262314968.8828,usp0002nmg
1985-12-12 17:32:36.620000+00:00,1985-12-12,17:32:36,1985,4.7,162.0,-1.754,-77.817,mb,"17 km ESE of Palora, Ecuador",707945784384.1403,usp0002ntc
1985-12-15 06:03:30.950000+00:00,1985-12-15,06:03:30,1985,4.0,33.0,-1.165,-76.174,mb,"112 km WSW of Pantoja, Peru",63095734448.019424,usp0002nw3
1985-12-20 02:33:02.980000+00:00,1985-12-20,02:33:02,1985,4.4,106.2,-2.476,-78.794,mb,"18 km ENE of Cañar, Ecuador",251188643150.95822,usp0002p3q
1985-12-29 13:11:39.750000+00:00,1985-12-29,13:11:39,1985,4.2,33.0,2.382,-79.263,mb,"77 km WNW of Salahonda, Colombia",125892541179.41713,usp0002pjg
1986-01-12 06:38:20.590000+00:00,1986-01-12,06:38:20,1986,5.3,96.0,-3.981,-79.404,mw,"5 km W of Catamayo, Ecuador",5623413251903.491,usp0002pzr
1986-01-19 08:03:26.630000+00:00,1986-01-19,08:03:26,1986,5.0,33.0,0.555,-80.041,mw,"6 km SSW of Muisne, Ecuador",1995262314968.8828,usp0002q7f
1986-01-28 06:51:45.490000+00:00,1986-01-28,06:51:45,1986,5.4,164.2,-1.838,-77.457,mw,"58 km ESE of Palora, Ecuador",7943282347242.8545,usp0002qgz
1986-01-30 19:24:52.840000+00:00,1986-01-30,19:24:52,1986,4.3,33.0,-5.795,-81.012,mb,"33 km SW of Sechura, Peru",177827941003.89227,usp0002qk5
1986-02-22 18:47:21.310000+00:00,1986-02-22,18:47:21,1986,4.8,33.0,-2.092,-78.297,mb,"31 km NW of Macas, Ecuador",1000000000000.0,usp0002r7j
1986-03-24 21:38:05.520000+00:00,1986-03-24,21:38:05,1986,4.8,33.0,-1.917,-78.211,mb,"36 km SW of Palora, Ecuador",1000000000000.0,usp0002s7t
1986-03-28 21:19:22.930000+00:00,1986-03-28,21:19:22,1986,4.9,164.0,-1.538,-78.063,mb,"9 km SW of Puyo, Ecuador",1412537544622.7554,usp0002scq
1986-04-02 06:49:30.450000+00:00,1986-04-02,06:49:30,1986,4.7,33.0,-4.152,-80.852,mb,"12 km NNE of La Breita, Peru",707945784384.1403,usp0002sjr
1986-04-18 02:03:53+00:00,1986-04-18,02:03:53,1986,4.3,110.7,-2.662,-78.469,mb,"39 km SW of Sucúa, Ecuador",177827941003.89227,usp0002t00
1986-04-23 20:27:12.720000+00:00,1986-04-23,20:27:12,1986,5.3,46.2,-3.868,-80.983,mw,"27 km NNE of Máncora, Peru",5623413251903.491,usp0002t4x
1986-05-13 23:10:55.900000+00:00,1986-05-13,23:10:55,1986,4.2,129.4,-1.963,-78.495,mb,"36 km SSE of Riobamba, Ecuador",125892541179.41713,usp0002tz7
1986-05-16 05:40:10.290000+00:00,1986-05-16,05:40:10,1986,4.2,211.5,-2.223,-76.591,mb,"139 km N of Alianza Cristiana, Peru",125892541179.41713,usp0002u27
1986-05-17 05:01:38.200000+00:00,1986-05-17,05:01:38,1986,4.6,10.0,2.183,-79.745,mb,"114 km WNW of Tumaco, Colombia",501187233627.2715,usp0002u3c
1986-05-21 03:56:56.280000+00:00,1986-05-21,03:56:56,1986,4.9,120.5,-3.454,-76.697,mb,"29 km W of Alianza Cristiana, Peru",1412537544622.7554,usp0002u8e
1986-05-24 17:01:17.120000+00:00,1986-05-24,17:01:17,1986,4.5,178.8,-1.437,-77.785,mb,"24 km ENE of Puyo, Ecuador",354813389233.57605,usp0002ucv
1986-06-07 12:26:25.370000+00:00,1986-06-07,12:26:25,1986,5.0,125.8,-5.391,-76.932,mb,"67 km SSW of Barranca, Peru",1995262314968.8828,usp0002uvk
1986-06-12 18:16:20.740000+00:00,1986-06-12,18:16:20,1986,4.6,87.7,-2.328,-79.866,mb,"14 km S of Guayaquil, Ecuador",501187233627.2715,usp0002v0d
1986-06-27 21:07:56.860000+00:00,1986-06-27,21:07:56,1986,4.3,33.0,0.061,-77.384,mb,"54 km W of Nueva Loja, Ecuador",177827941003.89227,usp0002vfs
1986-07-11 02:39:55.760000+00:00,1986-07-11,02:39:55,1986,4.6,80.5,-5.048,-81.809,mb,"77 km W of Paita, Peru",501187233627.2715,usp0002vx8
1986-07-13 10:26:07.160000+00:00,1986-07-13,10:26:07,1986,4.9,5.0,-0.607,-77.957,mb,"37 km NNW of Archidona, Ecuador",1412537544622.7554,usp0002vzh
1986-07-13 19:02:41.630000+00:00,1986-07-13,19:02:41,1986,4.6,117.8,-3.114,-77.603,mb,"96 km SE of Sucúa, Ecuador",501187233627.2715,usp0002w04
1986-07-29 09:56:24.500000+00:00,1986-07-29,09:56:24,1986,4.4,189.7,-2.259,-77.912,mb,"22 km ENE of Macas, Ecuador",251188643150.95822,usp0002wnx
1986-08-21 11:46:08+00:00,1986-08-21,11:46:08,1986,4.4,131.9,-1.612,-77.914,mb,"11 km NNE of Palora, Ecuador",251188643150.95822,usp0002xcv
1986-08-27 23:44:17.140000+00:00,1986-08-27,23:44:17,1986,4.7,125.3,-4.567,-76.149,mb,"65 km ENE of Barranca, Peru",707945784384.1403,usp0002xkw
1986-09-03 23:58:50.850000+00:00,1986-09-03,23:58:50,1986,4.4,166.9,-1.798,-77.735,mb,"27 km ESE of Palora, Ecuador",251188643150.95822,usp0002xtc
1986-09-07 18:34:08.110000+00:00,1986-09-07,18:34:08,1986,4.0,33.0,-2.428,-77.659,mb,"52 km ESE of Macas, Ecuador",63095734448.019424,usp0002xws
1986-09-13 04:25:42.590000+00:00,1986-09-13,04:25:42,1986,4.4,33.0,1.962,-79.525,mb,"83 km WNW of Tumaco, Colombia",251188643150.95822,usp0002y1f
1986-09-20 07:01:34.830000+00:00,1986-09-20,07:01:34,1986,4.5,132.1,-5.045,-76.905,mb,"34 km SW of Barranca, Peru",354813389233.57605,usp0002y81
1986-10-12 08:07:12+00:00,1986-10-12,08:07:12,1986,4.4,135.9,-4.915,-77.25,mb,"64 km W of Barranca, Peru",251188643150.95822,usp0002yvt
1986-10-28 18:42:24.080000+00:00,1986-10-28,18:42:24,1986,4.8,33.0,-2.567,-79.736,mb,"17 km NW of Naranjal, Ecuador",1000000000000.0,usp0002zfd
1986-10-31 01:11:14.820000+00:00,1986-10-31,01:11:14,1986,4.3,175.0,-2.219,-76.458,mb,"138 km N of Alianza Cristiana, Peru",177827941003.89227,usp0002zhe
1986-11-01 01:12:37.810000+00:00,1986-11-01,01:12:37,1986,4.4,222.3,-1.582,-77.429,mb,"61 km ENE of Palora, Ecuador",251188643150.95822,usp0002zj6
1986-11-06 03:34:31.010000+00:00,1986-11-06,03:34:31,1986,4.6,33.0,-1.174,-78.449,mb,"10 km E of Píllaro, Ecuador",501187233627.2715,usp0002zqt
1986-11-19 01:14:53.010000+00:00,1986-11-19,01:14:53,1986,4.7,202.2,-1.579,-77.416,mb,"62 km ENE of Palora, Ecuador",707945784384.1403,usp000305a
1986-11-22 15:00:27.920000+00:00,1986-11-22,15:00:27,1986,4.9,33.0,-0.014,-79.854,mb,"24 km ESE of Pedernales, Ecuador",1412537544622.7554,usp000309v
1986-11-23 01:39:23.900000+00:00,1986-11-23,01:39:23,1986,6.8,105.7,-3.342,-77.411,mw,"109 km W of Alianza Cristiana, Peru",1000000000000000.0,usp00030ah
1986-11-23 16:30:05.330000+00:00,1986-11-23,16:30:05,1986,5.3,33.0,-0.247,-78.481,mb,"5 km ESE of Quito, Ecuador",5623413251903.491,usp00030b5
1986-12-25 21:02:54.270000+00:00,1986-12-25,21:02:54,1986,4.8,121.4,-4.865,-76.359,mb,"35 km E of Barranca, Peru",1000000000000.0,usp0003154
1986-12-28 05:27:17.600000+00:00,1986-12-28,05:27:17,1986,4.6,141.2,-4.441,-76.991,mb,"55 km NW of Barranca, Peru",501187233627.2715,usp000317e
1987-01-08 08:52:03.920000+00:00,1987-01-08,08:52:03,1987,4.6,33.0,-3.521,-78.208,mb,"43 km ESE of Gualaquiza, Ecuador",501187233627.2715,usp00031gg
1987-01-15 22:37:46.400000+00:00,1987-01-15,22:37:46,1987,4.6,33.0,-2.745,-79.698,mb,"11 km SW of Naranjal, Ecuador",501187233627.2715,usp00031q0
1987-01-21 16:35:12.620000+00:00,1987-01-21,16:35:12,1987,4.3,138.0,-1.049,-77.631,mb,"21 km ESE of Tena, Ecuador",177827941003.89227,usp00031ts
1987-01-28 15:04:25.220000+00:00,1987-01-28,15:04:25,1987,4.7,33.0,2.723,-79.719,mb,"139 km WNW of Salahonda, Colombia",707945784384.1403,usp00031zx
1987-02-11 22:22:59.820000+00:00,1987-02-11,22:22:59,1987,4.4,10.0,2.834,-79.63,mb,"135 km WNW of Mosquera, Colombia",251188643150.95822,usp00032dh
1987-03-05 11:08:21.860000+00:00,1987-03-05,11:08:21,1987,5.0,33.0,-5.922,-78.969,mb,"12 km ENE of Colasay, Peru",1995262314968.8828,usp0003309
1987-03-06 01:54:50.490000+00:00,1987-03-06,01:54:50,1987,6.4,14.1,0.048,-77.653,mw,"49 km SE of Pimampiro, Ecuador",251188643150959.25,usp000330t
1987-03-06 04:10:41.960000+00:00,1987-03-06,04:10:41,1987,7.2,10.0,0.151,-77.821,mw,"29 km SSE of Pimampiro, Ecuador",3981071705534985.5,usp000330w
1987-03-06 04:17:30.070000+00:00,1987-03-06,04:17:30,1987,5.5,10.0,-0.22,-77.6,mb,"67 km ESE of Cayambe, Ecuador",11220184543019.652,usp000330x
1987-03-06 06:33:03.690000+00:00,1987-03-06,06:33:03,1987,5.2,10.0,-0.055,-77.629,mb,"58 km E of Cayambe, Ecuador",3981071705534.9854,usp0003312
1987-03-06 08:14:48.080000+00:00,1987-03-06,08:14:48,1987,6.0,8.5,0.022,-77.927,mw,"24 km E of Cayambe, Ecuador",63095734448019.43,usp0003315
1987-03-06 12:40:05.030000+00:00,1987-03-06,12:40:05,1987,4.9,12.2,-0.152,-77.565,mb,"68 km ESE of Cayambe, Ecuador",1412537544622.7554,usp000331d
1987-03-06 13:49:52.350000+00:00,1987-03-06,13:49:52,1987,4.7,10.0,0.14,-77.268,mb,"41 km W of Nueva Loja, Ecuador",707945784384.1403,usp000331f
1987-03-07 19:16:32.230000+00:00,1987-03-07,19:16:32,1987,4.3,10.0,-0.208,-77.716,mb,"55 km ESE of Cayambe, Ecuador",177827941003.89227,usp000332x
1987-03-07 22:58:14.080000+00:00,1987-03-07,22:58:14,1987,4.7,10.0,-0.138,-77.533,mb,"70 km WNW of Puerto Francisco de Orellana, Ecuador",707945784384.1403,usp0003334
1987-03-08 22:41:55.740000+00:00,1987-03-08,22:41:55,1987,4.7,33.0,-5.308,-80.909,mb,"18 km WNW of Tablazo Norte, Peru",707945784384.1403,usp0003342
1987-03-09 09:25:28.750000+00:00,1987-03-09,09:25:28,1987,4.7,10.0,-0.561,-78.797,mb,"26 km WSW of Machachi, Ecuador",707945784384.1403,usp000334g
1987-03-10 01:35:28.550000+00:00,1987-03-10,01:35:28,1987,4.8,10.0,-0.187,-77.948,mb,"33 km SE of Cayambe, Ecuador",1000000000000.0,usp0003358
1987-03-10 06:38:56.550000+00:00,1987-03-10,06:38:56,1987,4.7,10.0,-0.267,-77.95,mb,"40 km SSE of Cayambe, Ecuador",707945784384.1403,usp000335j
1987-03-10 14:59:23.420000+00:00,1987-03-10,14:59:23,1987,4.7,10.0,-0.268,-77.733,mb,"57 km SE of Cayambe, Ecuador",707945784384.1403,usp000335w
1987-03-12 11:02:28.290000+00:00,1987-03-12,11:02:28,1987,5.2,33.4,-3.861,-81.444,mw,"51 km NNW of El Alto, Peru",3981071705534.9854,usp000337x
1987-03-16 07:31:49.740000+00:00,1987-03-16,07:31:49,1987,4.3,10.0,-0.1,-77.776,mb,"43 km ESE of Cayambe, Ecuador",177827941003.89227,usp00033by
1987-04-13 12:15:24.640000+00:00,1987-04-13,12:15:24,1987,4.6,33.0,-4.969,-78.553,mb,"53 km ENE of San Ignacio, Peru",501187233627.2715,usp000344m
1987-04-26 10:07:18+00:00,1987-04-26,10:07:18,1987,4.0,33.0,-0.961,-80.858,mb,"16 km W of Manta, Ecuador",63095734448.019424,usp00034g8
1987-05-11 01:32:29.730000+00:00,1987-05-11,01:32:29,1987,4.4,163.0,-2.089,-77.414,mb,"74 km SE of Palora, Ecuador",251188643150.95822,usp00034wr
1987-05-14 16:04:26.430000+00:00,1987-05-14,16:04:26,1987,6.0,28.6,-5.644,-81.377,mw,"62 km W of Sechura, Peru",63095734448019.43,usp0003507
1987-05-20 23:41:22.720000+00:00,1987-05-20,23:41:22,1987,4.9,167.6,-2.007,-77.585,mb,"54 km SE of Palora, Ecuador",1412537544622.7554,usp0003556
1987-06-06 06:25:08.520000+00:00,1987-06-06,06:25:08,1987,4.6,41.7,-3.155,-80.873,mb,"62 km NNW of Zorritos, Peru",501187233627.2715,usp00035jk
1987-06-07 15:18:04.850000+00:00,1987-06-07,15:18:04,1987,4.3,182.6,-1.676,-77.741,mb,"25 km E of Palora, Ecuador",177827941003.89227,usp00035m5
1987-06-11 18:52:19.780000+00:00,1987-06-11,18:52:19,1987,4.6,121.7,-2.795,-76.545,mb,"76 km N of Alianza Cristiana, Peru",501187233627.2715,usp00035qe
1987-07-17 02:34:33.110000+00:00,1987-07-17,02:34:33,1987,4.7,33.0,-2.976,-80.644,mb,"47 km SW of Playas, Ecuador",707945784384.1403,usp00036q3
1987-07-31 19:05:46.520000+00:00,1987-07-31,19:05:46,1987,4.8,33.0,-1.314,-80.589,mb,"4 km NNW of Jipijapa, Ecuador",1000000000000.0,usp000373m
1987-08-15 13:46:37.900000+00:00,1987-08-15,13:46:37,1987,4.6,58.7,-1.165,-78.093,mb,"36 km WSW of Tena, Ecuador",501187233627.2715,usp00037jk
1987-09-06 06:54:00.260000+00:00,1987-09-06,06:54:00,1987,4.4,197.9,-1.497,-77.487,mb,"57 km E of Puyo, Ecuador",251188643150.95822,usp000384w
1987-09-07 20:59:06+00:00,1987-09-07,20:59:06,1987,4.8,10.0,-2.972,-81.898,mb,"134 km SW of Salinas, Ecuador",1000000000000.0,usp000386q
1987-09-22 13:43:37.680000+00:00,1987-09-22,13:43:37,1987,6.4,10.0,-0.978,-78.05,mw,"26 km W of Tena, Ecuador",251188643150959.25,usp00038m3
1987-09-22 16:21:35.130000+00:00,1987-09-22,16:21:35,1987,6.0,10.0,-1.082,-78.127,mw,"36 km WSW of Tena, Ecuador",63095734448019.43,usp00038mb
1987-09-23 06:40:09.640000+00:00,1987-09-23,06:40:09,1987,4.0,33.0,-1.138,-79.197,mb,"22 km S of La Maná, Ecuador",63095734448.019424,usp00038ms
1987-10-19 12:34:30.880000+00:00,1987-10-19,12:34:30,1987,4.7,33.0,-2.808,-80.147,mb,"33 km SE of Playas, Ecuador",707945784384.1403,usp00039dp
1987-10-23 15:49:57.270000+00:00,1987-10-23,15:49:57,1987,4.4,33.0,-1.115,-77.964,mb,"21 km SW of Tena, Ecuador",251188643150.95822,usp00039hh
1987-12-02 04:14:33.190000+00:00,1987-12-02,04:14:33,1987,4.7,33.0,-5.92,-81.902,mb,"126 km WSW of Sechura, Peru",707945784384.1403,usp0003aux
1987-12-07 01:34:18.280000+00:00,1987-12-07,01:34:18,1987,4.6,10.0,2.386,-79.146,mb,"66 km NW of Salahonda, Colombia",501187233627.2715,usp0003b18
1987-12-15 14:20:49.130000+00:00,1987-12-15,14:20:49,1987,4.8,57.4,-1.103,-80.784,mb,"15 km WSW of Montecristi, Ecuador",1000000000000.0,usp0003ba9
1987-12-18 05:01:23.100000+00:00,1987-12-18,05:01:23,1987,5.5,177.3,-1.403,-77.803,mw,"23 km ENE of Puyo, Ecuador",11220184543019.652,usp0003bcm
1987-12-18 07:45:31.100000+00:00,1987-12-18,07:45:31,1987,4.5,33.0,-1.283,-81.028,mb,"48 km WSW of Montecristi, Ecuador",354813389233.57605,usp0003bct
1987-12-19 13:26:39.610000+00:00,1987-12-19,13:26:39,1987,4.9,48.6,-0.714,-80.553,mb,"19 km SW of Bahía de Caráquez, Ecuador",1412537544622.7554,usp0003bdr
1987-12-21 07:56:43.620000+00:00,1987-12-21,07:56:43,1987,4.7,124.1,-2.747,-77.0,mb,"102 km NW of Alianza Cristiana, Peru",707945784384.1403,usp0003bev
1987-12-23 08:26:38.670000+00:00,1987-12-23,08:26:38,1987,4.2,33.0,-5.366,-77.867,mb,"41 km N of Yambrasbamba, Peru",125892541179.41713,usp0003bgh
1987-12-25 19:29:10.020000+00:00,1987-12-25,19:29:10,1987,4.6,33.0,-3.76,-81.398,mb,"54 km NW of Máncora, Peru",501187233627.2715,usp0003bj8
1988-01-17 10:58:06.560000+00:00,1988-01-17,10:58:06,1988,4.4,136.0,-3.075,-75.479,mb,"115 km ENE of Alianza Cristiana, Peru",251188643150.95822,usp0003c4g
1988-01-18 13:48:12.540000+00:00,1988-01-18,13:48:12,1988,4.9,148.7,-2.446,-76.641,mb,"116 km NNW of Alianza Cristiana, Peru",1412537544622.7554,usp0003c5j
1988-03-17 12:02:42.430000+00:00,1988-03-17,12:02:42,1988,4.9,33.0,-5.853,-76.414,mb,"32 km W of Yurimaguas, Peru",1412537544622.7554,usp0003e1k
1988-04-02 19:45:03.840000+00:00,1988-04-02,19:45:03,1988,5.4,33.0,-5.777,-80.927,mw,"26 km SSW of Sechura, Peru",7943282347242.8545,usp0003ekj
1988-04-12 03:41:54.820000+00:00,1988-04-12,03:41:54,1988,4.0,33.0,-0.311,-78.529,mb,"8 km WNW of Sangolquí, Ecuador",63095734448.019424,usp0003eyj
1988-04-12 15:26:19.770000+00:00,1988-04-12,15:26:19,1988,5.2,27.2,-2.787,-77.649,mw,"68 km ESE of Sucúa, Ecuador",3981071705534.9854,usp0003ez2
1988-04-13 22:06:22.470000+00:00,1988-04-13,22:06:22,1988,4.9,138.4,-3.347,-75.861,mb,"65 km ENE of Alianza Cristiana, Peru",1412537544622.7554,usp0003f0g
1988-04-14 10:43:41.270000+00:00,1988-04-14,10:43:41,1988,5.0,113.6,-3.856,-77.6,mb,"119 km ESE of Gualaquiza, Ecuador",1995262314968.8828,usp0003f16
1988-06-03 23:22:13.560000+00:00,1988-06-03,23:22:13,1988,4.9,33.0,2.782,-79.544,mb,"125 km WNW of Mosquera, Colombia",1412537544622.7554,usp0003gpd
1988-06-16 16:33:02.790000+00:00,1988-06-16,16:33:02,1988,4.8,26.6,-0.163,-77.793,mb,"45 km ESE of Cayambe, Ecuador",1000000000000.0,usp0003h18
1988-06-25 05:49:12.280000+00:00,1988-06-25,05:49:12,1988,4.8,55.3,-4.106,-80.452,mb,"28 km SE of Cañaveral, Peru",1000000000000.0,usp0003h9e
1988-07-11 01:53:02.240000+00:00,1988-07-11,01:53:02,1988,4.4,33.0,-4.756,-81.158,mb,"20 km NNW of San Lucas ( Pueblo Nuevo de Colan), Peru",251188643150.95822,usp0003hs5
1988-07-29 14:10:58.700000+00:00,1988-07-29,14:10:58,1988,5.4,33.0,-5.934,-80.875,mb,"42 km S of Sechura, Peru",7943282347242.8545,usp0003jbz
1988-08-02 08:54:41.450000+00:00,1988-08-02,08:54:41,1988,4.9,33.0,-5.743,-80.896,mb,"22 km SSW of Sechura, Peru",1412537544622.7554,usp0003jj9
1988-08-04 11:38:09.960000+00:00,1988-08-04,11:38:09,1988,4.7,33.0,-2.413,-80.184,mb,"32 km SW of Santa Lucía, Ecuador",707945784384.1403,usp0003jn2
1988-08-20 03:06:31.410000+00:00,1988-08-20,03:06:31,1988,5.0,47.4,-2.506,-79.587,mb,"18 km N of Naranjal, Ecuador",1995262314968.8828,usp0003k5u
1988-08-22 08:57:02.180000+00:00,1988-08-22,08:57:02,1988,4.6,59.4,-1.879,-77.402,mb,"65 km ESE of Palora, Ecuador",501187233627.2715,usp0003k8v
1988-09-15 18:48:01.110000+00:00,1988-09-15,18:48:01,1988,6.2,170.2,-1.442,-77.866,mw,"15 km ENE of Puyo, Ecuador",125892541179417.14,usp0003m02
1988-09-21 13:57:44.730000+00:00,1988-09-21,13:57:44,1988,4.9,163.8,-1.484,-77.956,mb,"5 km E of Puyo, Ecuador",1412537544622.7554,usp0003m55
1988-10-30 00:48:49.530000+00:00,1988-10-30,00:48:49,1988,4.4,91.1,2.976,-77.521,mb,"27 km NE of Timbiquí, Colombia",251188643150.95822,usp0003nbn
1988-11-14 10:06:59.130000+00:00,1988-11-14,10:06:59,1988,4.5,73.3,-4.893,-77.46,mb,"87 km W of Barranca, Peru",354813389233.57605,usp0003nuv
1988-11-22 21:45:59.680000+00:00,1988-11-22,21:45:59,1988,4.5,33.0,-3.871,-80.047,mb,"26 km SE of Matapalo, Peru",354813389233.57605,usp0003p3k
1988-12-09 20:29:29.120000+00:00,1988-12-09,20:29:29,1988,5.4,26.6,-2.867,-77.706,mw,"68 km SE of Sucúa, Ecuador",7943282347242.8545,usp0003pqm
1988-12-11 08:49:33.880000+00:00,1988-12-11,08:49:33,1988,5.2,56.1,-2.579,-77.695,mb,"54 km ESE of Sucúa, Ecuador",3981071705534.9854,usp0003pru
1988-12-11 09:05:22.630000+00:00,1988-12-11,09:05:22,1988,4.7,79.8,-2.45,-77.524,mb,"67 km ESE of Macas, Ecuador",707945784384.1403,usp0003prv
1988-12-13 02:47:42.370000+00:00,1988-12-13,02:47:42,1988,4.3,33.0,-2.787,-77.93,mb,"45 km SE of Sucúa, Ecuador",177827941003.89227,usp0003ptj
1989-02-08 11:34:25.200000+00:00,1989-02-08,11:34:25,1989,4.5,193.6,-1.561,-77.422,mb,"62 km ENE of Palora, Ecuador",354813389233.57605,usp0003rnu
1989-02-12 20:03:16.740000+00:00,1989-02-12,20:03:16,1989,5.1,33.0,2.742,-79.727,mw,"141 km WNW of Salahonda, Colombia",2818382931264.449,usp0003ruk
1989-02-26 10:12:29.210000+00:00,1989-02-26,10:12:29,1989,4.8,33.0,-4.852,-76.748,mb,"8 km WSW of Barranca, Peru",1000000000000.0,usp0003sc7
1989-03-01 13:31:22.160000+00:00,1989-03-01,13:31:22,1989,4.8,33.0,-4.372,-80.564,mb,"37 km SSE of Papayal, Peru",1000000000000.0,usp0003sfx
1989-03-02 11:32:54.830000+00:00,1989-03-02,11:32:54,1989,4.9,40.7,-4.246,-78.121,mb,"84 km ESE of Yantzaza, Ecuador",1412537544622.7554,usp0003sgp
1989-03-02 14:10:28.570000+00:00,1989-03-02,14:10:28,1989,5.0,41.5,-0.593,-77.514,mb,"43 km WNW of Boca Suno, Ecuador",1995262314968.8828,usp0003sh0
1989-03-06 11:44:05.430000+00:00,1989-03-06,11:44:05,1989,4.7,38.7,-3.111,-80.488,mb,"49 km NNW of Aguas Verdes, Peru",707945784384.1403,usp0003snr
1989-03-23 17:50:03.470000+00:00,1989-03-23,17:50:03,1989,4.9,70.6,-5.383,-80.523,mb,"21 km SE of Catacaos, Peru",1412537544622.7554,usp0003t7y
1989-04-29 22:01:45.720000+00:00,1989-04-29,22:01:45,1989,4.6,33.0,-0.903,-80.406,mb,"5 km ENE of Rocafuerte, Ecuador",501187233627.2715,usp0003ung
1989-05-02 05:49:36.760000+00:00,1989-05-02,05:49:36,1989,4.3,33.0,0.41,-80.422,mb,"50 km WSW of Muisne, Ecuador",177827941003.89227,usp0003us5
1989-05-03 03:40:48.010000+00:00,1989-05-03,03:40:48,1989,4.4,10.0,-1.057,-78.251,mb,"35 km ENE of Píllaro, Ecuador",251188643150.95822,usp0003utt
1989-05-19 02:46:47.960000+00:00,1989-05-19,02:46:47,1989,4.7,163.9,-1.71,-77.832,mb,"14 km E of Palora, Ecuador",707945784384.1403,usp0003vcp
1989-05-23 17:52:21.200000+00:00,1989-05-23,17:52:21,1989,4.5,118.0,-2.777,-77.431,mb,"89 km ESE of Sucúa, Ecuador",354813389233.57605,usp0003vjq
1989-05-25 15:30:21.730000+00:00,1989-05-25,15:30:21,1989,4.9,38.1,-1.392,-79.285,mb,"20 km ENE of Ventanas, Ecuador",1412537544622.7554,usp0003vmz
1989-06-18 21:11:58.870000+00:00,1989-06-18,21:11:58,1989,4.7,33.0,2.023,-79.017,mb,"35 km NW of Tumaco, Colombia",707945784384.1403,usp0003wds
1989-06-24 15:02:07.740000+00:00,1989-06-24,15:02:07,1989,5.3,25.2,1.974,-79.066,mb,"36 km WNW of Tumaco, Colombia",5623413251903.491,usp0003wkn
1989-06-25 20:37:32.460000+00:00,1989-06-25,20:37:32,1989,6.3,15.1,1.134,-79.616,mw,"19 km NNE of Esmeraldas, Ecuador",177827941003892.28,usp0003wnd
1989-06-26 14:01:14.560000+00:00,1989-06-26,14:01:14,1989,4.8,114.4,-2.322,-79.329,mb,"11 km N of La Troncal, Ecuador",1000000000000.0,usp0003wpa
1989-07-02 14:07:27.330000+00:00,1989-07-02,14:07:27,1989,4.5,190.4,-1.385,-77.977,mb,"11 km NNE of Puyo, Ecuador",354813389233.57605,usp0003ww5
1989-07-17 21:53:54.030000+00:00,1989-07-17,21:53:54,1989,4.3,15.5,2.463,-79.551,mb,"109 km WNW of Salahonda, Colombia",177827941003.89227,usp0003xdt
1989-07-21 02:52:58.610000+00:00,1989-07-21,02:52:58,1989,4.5,181.3,-1.371,-77.682,mb,"38 km ENE of Puyo, Ecuador",354813389233.57605,usp0003xh7
1989-07-23 19:19:41.380000+00:00,1989-07-23,19:19:41,1989,4.8,33.0,0.371,-80.459,mb,"55 km WSW of Muisne, Ecuador",1000000000000.0,usp0003xmk
1989-07-29 11:28:30.570000+00:00,1989-07-29,11:28:30,1989,4.8,43.9,1.565,-79.693,mb,"67 km N of Esmeraldas, Ecuador",1000000000000.0,usp0003xtt
1989-08-12 03:55:43.470000+00:00,1989-08-12,03:55:43,1989,4.5,169.7,-1.413,-77.824,mb,"21 km ENE of Puyo, Ecuador",354813389233.57605,usp0003ycr
1989-08-16 00:17:21.760000+00:00,1989-08-16,00:17:21,1989,4.9,41.9,-2.268,-77.606,mb,"56 km E of Macas, Ecuador",1412537544622.7554,usp0003yh4
1989-08-22 18:07:28.520000+00:00,1989-08-22,18:07:28,1989,4.3,33.0,-2.355,-79.893,mb,"17 km S of Guayaquil, Ecuador",177827941003.89227,usp0003ysb
1989-09-09 01:40:35.770000+00:00,1989-09-09,01:40:35,1989,5.9,6.5,2.435,-79.761,mw,"129 km WNW of Tumaco, Colombia",44668359215096.53,usp0003zc9
1989-09-09 02:19:01.170000+00:00,1989-09-09,02:19:01,1989,4.7,10.0,2.434,-79.657,mb,"119 km WNW of Salahonda, Colombia",707945784384.1403,usp0003zca
1989-09-09 04:11:24.790000+00:00,1989-09-09,04:11:24,1989,4.3,10.0,2.411,-79.658,mb,"118 km NW of Tumaco, Colombia",177827941003.89227,usp0003zcd
1989-09-16 01:49:15.890000+00:00,1989-09-16,01:49:15,1989,5.4,10.0,-0.592,-77.469,mb,"38 km WNW of Boca Suno, Ecuador",7943282347242.8545,usp0003zmr
1989-09-22 05:43:18.010000+00:00,1989-09-22,05:43:18,1989,4.4,64.5,-3.836,-80.679,mb,"12 km NNW of Cañaveral, Peru",251188643150.95822,usp0003zvt
1989-10-05 15:39:31.490000+00:00,1989-10-05,15:39:31,1989,4.4,33.0,-4.337,-80.913,mb,"9 km SSW of La Breita, Peru",251188643150.95822,usp00040c0
1989-10-06 21:15:41.630000+00:00,1989-10-06,21:15:41,1989,4.6,10.0,-0.676,-77.546,mb,"38 km NE of Archidona, Ecuador",501187233627.2715,usp00040db
1989-10-07 01:17:58.300000+00:00,1989-10-07,01:17:58,1989,4.3,81.8,-4.949,-78.039,mb,"85 km NNE of La Peca, Peru",177827941003.89227,usp00040dk
1989-10-09 10:03:19.490000+00:00,1989-10-09,10:03:19,1989,5.5,35.4,-4.293,-77.563,mw,"115 km WNW of Barranca, Peru",11220184543019.652,usp00040g6
1989-10-12 18:33:08.480000+00:00,1989-10-12,18:33:08,1989,4.8,102.9,-2.12,-79.581,mb,"2 km NE of Milagro, Ecuador",1000000000000.0,usp00040m3
1989-10-24 04:27:19.590000+00:00,1989-10-24,04:27:19,1989,4.6,57.1,0.934,-78.936,mb,"35 km S of Valdez, Ecuador",501187233627.2715,usp000416d
1989-10-24 17:29:42.460000+00:00,1989-10-24,17:29:42,1989,5.0,37.5,-2.706,-77.702,mb,"58 km ESE of Sucúa, Ecuador",1995262314968.8828,usp0004176
1989-10-25 05:56:13.070000+00:00,1989-10-25,05:56:13,1989,4.7,38.7,-4.83,-81.072,mb,"8 km N of San Lucas ( Pueblo Nuevo de Colan), Peru",707945784384.1403,usp0004180
1989-10-29 04:56:15.570000+00:00,1989-10-29,04:56:15,1989,4.7,71.5,-2.701,-79.772,mb,"17 km W of Naranjal, Ecuador",707945784384.1403,usp00041dk
1989-11-04 15:39:15.450000+00:00,1989-11-04,15:39:15,1989,5.0,36.0,-3.484,-80.321,mb,"5 km WNW of Zarumilla, Peru",1995262314968.8828,usp00041qs
1989-11-06 21:00:38.180000+00:00,1989-11-06,21:00:38,1989,5.3,33.0,-3.191,-80.584,ms,"44 km NNW of Tumbes, Peru",5623413251903.491,usp00041tq
1989-11-08 10:15:09.440000+00:00,1989-11-08,10:15:09,1989,4.9,33.0,-5.623,-76.026,mb,"32 km NNE of Yurimaguas, Peru",1412537544622.7554,usp00041v8
1989-11-27 08:07:50.890000+00:00,1989-11-27,08:07:50,1989,4.6,73.8,-4.75,-81.201,mb,"20 km SSE of Talara, Peru",501187233627.2715,usp00042fp
1989-12-07 16:38:32.790000+00:00,1989-12-07,16:38:32,1989,5.0,124.2,-4.276,-76.526,mb,"63 km NNE of Barranca, Peru",1995262314968.8828,usp00042uu
1989-12-17 07:32:29.610000+00:00,1989-12-17,07:32:29,1989,4.9,33.0,-1.262,-78.348,mb,"17 km NNE of Baños, Ecuador",1412537544622.7554,usp000436j
1990-01-05 15:18:46.240000+00:00,1990-01-05,15:18:46,1990,5.0,52.0,-4.056,-80.877,mb,"15 km W of Papayal, Peru",1995262314968.8828,usp00043xz
1990-01-21 13:10:07.930000+00:00,1990-01-21,13:10:07,1990,4.9,14.5,2.623,-79.825,mb,"144 km WNW of Salahonda, Colombia",1412537544622.7554,usp00044j7
1990-01-22 02:31:45.140000+00:00,1990-01-22,02:31:45,1990,4.2,33.0,-0.644,-80.799,ms,"36 km NNW of Manta, Ecuador",125892541179.41713,usp00044k0
1990-02-10 17:12:10.490000+00:00,1990-02-10,17:12:10,1990,5.6,56.9,-3.17,-80.829,mw,"58 km NNW of Zorritos, Peru",15848931924611.11,usp00045a3
1990-02-10 18:40:29.270000+00:00,1990-02-10,18:40:29,1990,5.1,33.0,-3.224,-81.755,mb,"125 km NW of Máncora, Peru",2818382931264.449,usp00045a5
1990-02-11 11:23:53.840000+00:00,1990-02-11,11:23:53,1990,5.0,32.6,-3.876,-81.745,mb,"72 km NW of El Alto, Peru",1995262314968.8828,usp00045b5
1990-02-16 15:12:46.480000+00:00,1990-02-16,15:12:46,1990,5.3,76.4,-3.121,-80.683,mw,"55 km NNW of Tumbes, Peru",5623413251903.491,usp00045gz
1990-02-21 21:33:32.200000+00:00,1990-02-21,21:33:32,1990,4.8,58.2,0.179,-80.204,mb,"20 km NW of Pedernales, Ecuador",1000000000000.0,usp00045rj
1990-02-28 21:13:32.170000+00:00,1990-02-28,21:13:32,1990,4.8,13.1,2.71,-79.765,mb,"143 km WNW of Salahonda, Colombia",1000000000000.0,usp000460n
1990-03-01 04:28:50.510000+00:00,1990-03-01,04:28:50,1990,4.3,47.0,-2.825,-79.678,mb,"17 km ENE of Baláo, Ecuador",177827941003.89227,usp000461q
1990-03-12 07:32:08.770000+00:00,1990-03-12,07:32:08,1990,4.1,10.0,-1.04,-78.019,mb,"23 km WSW of Tena, Ecuador",89125093813.3744,usp00046g7
1990-03-13 19:40:33.680000+00:00,1990-03-13,19:40:33,1990,5.6,112.1,-3.429,-76.913,mw,"53 km W of Alianza Cristiana, Peru",15848931924611.11,usp00046jg
1990-03-19 01:12:19.780000+00:00,1990-03-19,01:12:19,1990,4.3,162.1,-1.693,-77.909,mb,"6 km E of Palora, Ecuador",177827941003.89227,usp00046t9
1990-03-19 13:15:02.150000+00:00,1990-03-19,13:15:02,1990,4.7,33.0,2.695,-79.682,mb,"134 km WNW of Salahonda, Colombia",707945784384.1403,usp00046ty
1990-03-25 03:37:34.900000+00:00,1990-03-25,03:37:34,1990,4.1,33.0,-2.374,-79.946,mb,"20 km SSW of Guayaquil, Ecuador",89125093813.3744,usp0004717
1990-03-31 10:02:15.480000+00:00,1990-03-31,10:02:15,1990,4.4,85.6,-2.779,-79.403,mb,"26 km ESE of Naranjal, Ecuador",251188643150.95822,usp000479m
1990-04-21 19:26:41.700000+00:00,1990-04-21,19:26:41,1990,4.5,33.0,-2.99,-77.673,mb,"80 km SE of Sucúa, Ecuador",354813389233.57605,usp0004895
1990-04-28 09:44:48.020000+00:00,1990-04-28,09:44:48,1990,4.8,33.0,-5.547,-79.405,mb,"15 km NW of Sallique, Peru",1000000000000.0,usp00048k9
1990-05-05 17:10:10.520000+00:00,1990-05-05,17:10:10,1990,4.8,28.8,-2.716,-79.657,mb,"6 km SW of Naranjal, Ecuador",1000000000000.0,usp00048ww
1990-05-09 08:05:33.610000+00:00,1990-05-09,08:05:33,1990,4.7,27.8,-2.167,-80.596,mb,near the coast of Ecuador,707945784384.1403,usp0004931
1990-05-15 05:07:04.290000+00:00,1990-05-15,05:07:04,1990,5.0,31.9,-4.974,-81.041,mb,"7 km NNE of Salinera Colán, Peru",1995262314968.8828,usp00049an
1990-05-30 07:03:46.430000+00:00,1990-05-30,07:03:46,1990,4.4,45.4,-5.997,-76.941,mb,"5 km NE of Moyobamba, Peru",251188643150.95822,usp00049yc
1990-06-03 00:55:16.270000+00:00,1990-06-03,00:55:16,1990,4.8,37.9,-5.976,-77.164,mb,"8 km N of Rioja, Peru",1000000000000.0,usp0004a2v
1990-06-25 04:12:06.490000+00:00,1990-06-25,04:12:06,1990,4.4,33.0,-5.256,-79.235,mb,"8 km NE of Tabaconas, Peru",251188643150.95822,usp0004azf
1990-06-25 18:34:59.310000+00:00,1990-06-25,18:34:59,1990,4.5,193.0,-1.454,-77.933,mb,"8 km ENE of Puyo, Ecuador",354813389233.57605,usp0004b07
1990-07-15 10:10:18.960000+00:00,1990-07-15,10:10:18,1990,4.6,132.9,-2.429,-77.827,mb,"34 km ESE of Macas, Ecuador",501187233627.2715,usp0004bwa
1990-07-29 15:29:12.510000+00:00,1990-07-29,15:29:12,1990,5.2,39.1,-4.893,-80.857,mw,"11 km E of La Huaca, Peru",3981071705534.9854,usp0004cq1
1990-08-11 02:59:54.970000+00:00,1990-08-11,02:59:54,1990,5.3,5.0,-0.059,-78.449,mw,"20 km NNE of Quito, Ecuador",5623413251903.491,usp0004d7s
1990-08-12 05:35:19.250000+00:00,1990-08-12,05:35:19,1990,4.4,33.0,-0.385,-80.305,mb,"26 km NNE of Bahía de Caráquez, Ecuador",251188643150.95822,usp0004d9m
1990-08-15 21:24:42.490000+00:00,1990-08-15,21:24:42,1990,5.0,32.8,-4.294,-80.758,mb,"14 km ESE of La Breita, Peru",1995262314968.8828,usp0004dex
1990-08-18 11:07:30.800000+00:00,1990-08-18,11:07:30,1990,5.0,135.7,-2.703,-76.658,mb,"88 km NNW of Alianza Cristiana, Peru",1995262314968.8828,usp0004dk7
1990-09-02 04:26:48.070000+00:00,1990-09-02,04:26:48,1990,6.6,14.2,-0.143,-80.283,mw,"34 km SW of Pedernales, Ecuador",501187233627271.44,usp0004e6r
1990-09-02 05:07:16.280000+00:00,1990-09-02,05:07:16,1990,5.0,28.0,-0.087,-80.229,mb,"26 km SW of Pedernales, Ecuador",1995262314968.8828,usp0004e6t
1990-09-05 05:49:19.710000+00:00,1990-09-05,05:49:19,1990,4.9,63.6,-2.213,-80.361,mb,"40 km W of Santa Lucía, Ecuador",1412537544622.7554,usp0004eb6
1990-09-08 04:11:01.930000+00:00,1990-09-08,04:11:01,1990,4.7,10.0,-5.883,-77.066,mb,"19 km NNW of Moyobamba, Peru",707945784384.1403,usp0004eem
1990-09-24 08:49:37.490000+00:00,1990-09-24,08:49:37,1990,4.2,10.0,0.013,-78.006,mb,"15 km E of Cayambe, Ecuador",125892541179.41713,usp0004f0v
1990-09-26 07:55:47.400000+00:00,1990-09-26,07:55:47,1990,4.2,174.7,-1.935,-77.24,mb,"84 km ESE of Palora, Ecuador",125892541179.41713,usp0004f2q
1990-10-13 11:14:33.150000+00:00,1990-10-13,11:14:33,1990,5.0,75.6,-2.225,-80.044,mb,"6 km SW of Santa Lucía, Ecuador",1995262314968.8828,usp0004fq3
1990-10-21 15:10:43.700000+00:00,1990-10-21,15:10:43,1990,5.4,116.3,-3.989,-77.274,mw,"109 km WSW of Alianza Cristiana, Peru",7943282347242.8545,usp0004g0j
1990-10-28 02:27:44.330000+00:00,1990-10-28,02:27:44,1990,4.8,33.0,-4.816,-76.898,mb,"24 km W of Barranca, Peru",1000000000000.0,usp0004g8b
1990-11-06 15:39:08.430000+00:00,1990-11-06,15:39:08,1990,4.5,109.1,-0.952,-79.09,mb,"15 km E of La Maná, Ecuador",354813389233.57605,usp0004gk8
1990-11-17 14:16:47.060000+00:00,1990-11-17,14:16:47,1990,4.2,121.0,-4.577,-76.776,mb,"30 km NNW of Barranca, Peru",125892541179.41713,usp0004h1p
1990-11-23 07:27:35.680000+00:00,1990-11-23,07:27:35,1990,4.9,33.0,-3.616,-80.823,mb,"17 km WNW of Zorritos, Peru",1412537544622.7554,usp0004h97
1990-11-23 22:15:59.600000+00:00,1990-11-23,22:15:59,1990,4.7,155.7,-1.803,-78.084,mb,"17 km SW of Palora, Ecuador",707945784384.1403,usp0004ha2
1990-11-25 12:32:45.190000+00:00,1990-11-25,12:32:45,1990,5.4,25.4,-2.692,-77.773,mw,"51 km ESE of Sucúa, Ecuador",7943282347242.8545,usp0004hcr
1990-12-26 05:58:30.600000+00:00,1990-12-26,05:58:30,1990,4.6,33.0,-5.136,-78.303,mb,"54 km NNE of La Peca, Peru",501187233627.2715,usp0004jtb
1990-12-30 07:33:36.020000+00:00,1990-12-30,07:33:36,1990,4.2,33.0,2.842,-79.642,mb,"137 km WNW of Mosquera, Colombia",125892541179.41713,usp0004jzc
1990-12-31 17:58:02.700000+00:00,1990-12-31,17:58:02,1990,4.0,31.0,2.717,-79.31,mb,"98 km WNW of Mosquera, Colombia",63095734448.019424,usp0004k1a
1991-01-03 09:56:05.780000+00:00,1991-01-03,09:56:05,1991,4.3,10.0,-4.207,-79.704,mb,"18 km SSW of Catacocha, Ecuador",177827941003.89227,usp0004k5d
1991-01-04 07:11:27.440000+00:00,1991-01-04,07:11:27,1991,4.7,33.0,2.997,-79.158,md,"95 km NW of Mosquera, Colombia",707945784384.1403,usp0004k6y
1991-01-06 01:47:43.450000+00:00,1991-01-06,01:47:43,1991,4.5,103.4,-3.83,-79.723,mb,"16 km SW of Portovelo, Ecuador",354813389233.57605,usp0004k99
1991-01-09 11:23:11.640000+00:00,1991-01-09,11:23:11,1991,4.0,33.0,2.942,-74.803,md,"36 km SE of Baraya, Colombia",63095734448.019424,usp0004kee
1991-01-10 13:07:24.400000+00:00,1991-01-10,13:07:24,1991,4.4,40.8,-4.804,-76.506,mb,"19 km E of Barranca, Peru",251188643150.95822,usp0004kfw
1991-01-13 09:19:36.520000+00:00,1991-01-13,09:19:36,1991,4.3,142.3,-1.839,-78.562,mb,"20 km SSE of Riobamba, Ecuador",177827941003.89227,usp0004km9
1991-01-23 14:18:52.640000+00:00,1991-01-23,14:18:52,1991,4.4,25.0,1.388,-78.943,md,"6 km NW of Pampanal de Bolívar, Ecuador",251188643150.95822,usp0004m2h
1991-01-28 21:30:14.970000+00:00,1991-01-28,21:30:14,1991,4.1,33.0,2.878,-79.399,md,"113 km WNW of Mosquera, Colombia",89125093813.3744,usp0004m9r
1991-02-14 12:10:43.800000+00:00,1991-02-14,12:10:43,1991,4.7,62.9,-4.419,-80.593,mb,"37 km ESE of La Breita, Peru",707945784384.1403,usp0004mxn
1991-02-17 04:37:36.980000+00:00,1991-02-17,04:37:36,1991,4.7,45.7,-1.413,-77.96,mb,"9 km NNE of Puyo, Ecuador",707945784384.1403,usp0004n18
1991-02-20 23:17:04.250000+00:00,1991-02-20,23:17:04,1991,4.4,176.6,-1.596,-77.956,mb,"11 km N of Palora, Ecuador",251188643150.95822,usp0004n6u
1991-03-12 13:41:29.940000+00:00,1991-03-12,13:41:29,1991,4.7,135.0,-3.337,-75.653,mb,"88 km E of Alianza Cristiana, Peru",707945784384.1403,usp0004nz5
1991-03-20 13:08:57.890000+00:00,1991-03-20,13:08:57,1991,6.0,35.1,-5.791,-80.897,mw,"27 km SSW of Sechura, Peru",63095734448019.43,usp0004pa3
1991-03-24 16:13:30.570000+00:00,1991-03-24,16:13:30,1991,4.0,10.0,-1.01,-78.059,md,"27 km W of Tena, Ecuador",63095734448.019424,usp0004pfz
1991-03-25 23:51:59.960000+00:00,1991-03-25,23:51:59,1991,5.0,41.2,2.135,-79.08,mb,"48 km WNW of Salahonda, Colombia",1995262314968.8828,usp0004ph9
1991-03-29 20:13:48.390000+00:00,1991-03-29,20:13:48,1991,5.6,37.7,-3.959,-80.907,mw,"22 km NE of Máncora, Peru",15848931924611.11,usp0004pqq
1991-03-30 01:53:22.540000+00:00,1991-03-30,01:53:22,1991,4.7,69.4,-3.76,-80.804,mb,"16 km WSW of Zorritos, Peru",707945784384.1403,usp0004pr0
1991-04-01 13:01:06.990000+00:00,1991-04-01,13:01:06,1991,4.6,17.3,-0.153,-78.425,mb,"14 km NE of Quito, Ecuador",501187233627.2715,usp0004pu7
1991-04-04 16:08:18.580000+00:00,1991-04-04,16:08:18,1991,5.2,28.7,-5.999,-77.083,mb,"11 km NE of Rioja, Peru",3981071705534.9854,usp0004pxt
1991-04-05 04:19:49.520000+00:00,1991-04-05,04:19:49,1991,7.1,19.8,-5.982,-77.094,mw,"11 km NE of Rioja, Peru",2818382931264449.0,usp0004pyn
1991-04-05 05:01:10.330000+00:00,1991-04-05,05:01:10,1991,5.5,24.1,-5.81,-77.339,mb,"20 km NNW of Segunda Jerusalén - Azunguillo, Peru",11220184543019.652,usp0004pyr
1991-04-05 05:20:24.010000+00:00,1991-04-05,05:20:24,1991,4.9,33.0,-5.773,-77.146,mb,"27 km NNE of Segunda Jerusalén - Azunguillo, Peru",1412537544622.7554,usp0004pys
1991-04-05 05:29:53.010000+00:00,1991-04-05,05:29:53,1991,5.0,33.0,-5.799,-77.214,mb,"22 km NNE of Segunda Jerusalén - Azunguillo, Peru",1995262314968.8828,usp0004pyt
1991-04-05 05:46:45.400000+00:00,1991-04-05,05:46:45,1991,4.7,33.0,-5.583,-77.459,mb,"49 km NNW of Segunda Jerusalén - Azunguillo, Peru",707945784384.1403,usp0004pyw
1991-04-05 05:53:39.130000+00:00,1991-04-05,05:53:39,1991,4.8,33.0,-5.774,-77.071,mb,"30 km NNW of Moyobamba, Peru",1000000000000.0,usp0004pyx
1991-04-05 06:01:50.930000+00:00,1991-04-05,06:01:50,1991,4.4,33.0,-5.584,-76.758,mb,"55 km NNE of Moyobamba, Peru",251188643150.95822,usp0004pyy
1991-04-05 06:45:54.810000+00:00,1991-04-05,06:45:54,1991,4.8,33.0,-5.548,-77.412,mb,"51 km NNW of Segunda Jerusalén - Azunguillo, Peru",1000000000000.0,usp0004pz1
1991-04-05 06:54:12.210000+00:00,1991-04-05,06:54:12,1991,4.7,33.0,-5.399,-77.052,mb,"69 km NNE of Segunda Jerusalén - Azunguillo, Peru",707945784384.1403,usp0004pz2
1991-04-05 11:12:25.250000+00:00,1991-04-05,11:12:25,1991,4.4,33.0,-5.647,-76.885,mb,"43 km NNE of Moyobamba, Peru",251188643150.95822,usp0004pzb
1991-04-05 13:40:23.770000+00:00,1991-04-05,13:40:23,1991,4.8,28.8,-5.714,-76.987,mb,"35 km N of Moyobamba, Peru",1000000000000.0,usp0004pze
1991-04-05 17:50:07.510000+00:00,1991-04-05,17:50:07,1991,4.4,33.0,-5.856,-77.204,mb,"16 km NNE of Segunda Jerusalén - Azunguillo, Peru",251188643150.95822,usp0004pzq
1991-04-05 21:38:29.940000+00:00,1991-04-05,21:38:29,1991,4.8,33.0,-5.621,-76.99,mb,"45 km N of Moyobamba, Peru",1000000000000.0,usp0004pzz
1991-04-05 23:09:45.240000+00:00,1991-04-05,23:09:45,1991,4.2,33.0,-5.814,-77.589,mb,"26 km NNE of Olleros, Peru",125892541179.41713,usp0004q03
1991-04-06 03:57:43.480000+00:00,1991-04-06,03:57:43,1991,4.7,33.0,-5.607,-77.149,mb,"44 km NNE of Segunda Jerusalén - Azunguillo, Peru",707945784384.1403,usp0004q08
1991-04-06 04:20:21.580000+00:00,1991-04-06,04:20:21,1991,4.2,33.0,-5.57,-77.02,mb,"51 km N of Moyobamba, Peru",125892541179.41713,usp0004q09
1991-04-06 14:48:29.600000+00:00,1991-04-06,14:48:29,1991,5.0,10.0,-5.961,-77.561,mb,"13 km NE of Olleros, Peru",1995262314968.8828,usp0004q0v
1991-04-06 16:30:31.840000+00:00,1991-04-06,16:30:31,1991,4.8,33.0,-5.949,-77.519,mb,"17 km NE of Olleros, Peru",1000000000000.0,usp0004q0y
1991-04-06 18:13:23.120000+00:00,1991-04-06,18:13:23,1991,4.7,33.0,-5.774,-77.081,mb,"31 km NNW of Moyobamba, Peru",707945784384.1403,usp0004q11
1991-04-06 23:19:32+00:00,1991-04-06,23:19:32,1991,4.0,45.9,-5.865,-77.027,mb,"19 km NNW of Moyobamba, Peru",63095734448.019424,usp0004q18
1991-04-07 00:40:55.920000+00:00,1991-04-07,00:40:55,1991,4.4,33.0,-5.893,-76.979,mb,"15 km N of Moyobamba, Peru",251188643150.95822,usp0004q1a
1991-04-08 19:53:02.790000+00:00,1991-04-08,19:53:02,1991,4.7,33.0,-5.739,-77.105,mb,"33 km NE of Segunda Jerusalén - Azunguillo, Peru",707945784384.1403,usp0004q3e
1991-04-09 00:09:11.510000+00:00,1991-04-09,00:09:11,1991,4.9,33.0,-5.853,-76.849,mb,"24 km NE of Moyobamba, Peru",1412537544622.7554,usp0004q3t
1991-04-09 15:35:21.400000+00:00,1991-04-09,15:35:21,1991,4.7,36.9,-5.971,-77.02,ms,"8 km NW of Moyobamba, Peru",707945784384.1403,usp0004q4j
1991-04-10 05:55:16.760000+00:00,1991-04-10,05:55:16,1991,4.0,60.1,-5.756,-77.159,mb,"28 km NNE of Segunda Jerusalén - Azunguillo, Peru",63095734448.019424,usp0004q59
1991-04-11 06:39:55.180000+00:00,1991-04-11,06:39:55,1991,4.0,33.0,-5.798,-76.858,mb,"28 km NNE of Moyobamba, Peru",63095734448.019424,usp0004q69
1991-04-12 03:50:06.730000+00:00,1991-04-12,03:50:06,1991,5.2,33.0,-5.753,-77.054,mb,"32 km NNW of Moyobamba, Peru",3981071705534.9854,usp0004q7s
1991-04-12 17:00:04.150000+00:00,1991-04-12,17:00:04,1991,5.1,33.0,-5.881,-77.089,mb,"21 km NNE of Rioja, Peru",2818382931264.449,usp0004q8h
1991-04-13 00:59:37.250000+00:00,1991-04-13,00:59:37,1991,4.9,27.3,-5.728,-77.135,mb,"32 km NNE of Segunda Jerusalén - Azunguillo, Peru",1412537544622.7554,usp0004q8v
1991-04-13 03:35:31.140000+00:00,1991-04-13,03:35:31,1991,4.5,25.3,-5.597,-76.908,mb,"48 km N of Moyobamba, Peru",354813389233.57605,usp0004q93
1991-04-14 08:18:33.480000+00:00,1991-04-14,08:18:33,1991,4.7,14.9,-5.491,-76.813,mb,"62 km NNE of Moyobamba, Peru",707945784384.1403,usp0004qas
1991-04-15 14:15:37.490000+00:00,1991-04-15,14:15:37,1991,4.7,34.9,-5.748,-76.92,mb,northern Peru,707945784384.1403,usp0004qcb
1991-04-15 22:54:47.980000+00:00,1991-04-15,22:54:47,1991,4.8,27.0,-5.784,-76.9,mb,"28 km NNE of Moyobamba, Peru",1000000000000.0,usp0004qcw
1991-04-21 18:11:03.200000+00:00,1991-04-21,18:11:03,1991,4.9,33.0,-5.957,-77.014,mb,"9 km NNW of Moyobamba, Peru",1412537544622.7554,usp0004qmw
1991-04-22 11:03:10.050000+00:00,1991-04-22,11:03:10,1991,4.7,28.3,-0.297,-78.893,mb,"31 km E of Santo Domingo de los Colorados, Ecuador",707945784384.1403,usp0004qnu
1991-04-24 05:13:09.830000+00:00,1991-04-24,05:13:09,1991,6.2,23.7,2.541,-79.747,ms,"133 km WNW of Salahonda, Colombia",125892541179417.14,usp0004qrm
1991-04-24 05:50:44.470000+00:00,1991-04-24,05:50:44,1991,4.0,10.0,2.658,-79.804,mb,"144 km WNW of Salahonda, Colombia",63095734448.019424,usp0004qrn
1991-05-02 07:26:03.130000+00:00,1991-05-02,07:26:03,1991,4.6,97.3,-5.54,-77.011,mb,"54 km N of Moyobamba, Peru",501187233627.2715,usp0004r4q
1991-05-07 06:59:02.730000+00:00,1991-05-07,06:59:02,1991,4.1,99.7,-3.751,-80.58,mb,"13 km SE of Zorritos, Peru",89125093813.3744,usp0004rby
1991-05-11 17:58:14.340000+00:00,1991-05-11,17:58:14,1991,4.0,67.5,0.007,-77.369,mb,"53 km W of Nueva Loja, Ecuador",63095734448.019424,usp0004rh4
1991-05-17 08:05:18.970000+00:00,1991-05-17,08:05:18,1991,4.1,90.6,-2.177,-79.833,mb,"2 km E of Eloy Alfaro, Ecuador",89125093813.3744,usp0004rre
1991-05-18 08:47:47.640000+00:00,1991-05-18,08:47:47,1991,4.9,33.0,-5.549,-76.985,mb,"53 km N of Moyobamba, Peru",1412537544622.7554,usp0004rt6
1991-05-21 19:44:56.020000+00:00,1991-05-21,19:44:56,1991,4.1,139.1,-1.715,-77.874,mb,"10 km E of Palora, Ecuador",89125093813.3744,usp0004ry3
1991-05-25 22:25:10.300000+00:00,1991-05-25,22:25:10,1991,4.5,33.0,-5.812,-77.086,mb,"27 km NNW of Moyobamba, Peru",354813389233.57605,usp0004s2x
1991-05-28 03:22:23.540000+00:00,1991-05-28,03:22:23,1991,4.8,33.0,-5.808,-77.057,mb,"26 km NNW of Moyobamba, Peru",1000000000000.0,usp0004s5u
1991-05-29 23:52:24.470000+00:00,1991-05-29,23:52:24,1991,4.1,52.9,-3.771,-75.461,mb,"112 km ESE of Alianza Cristiana, Peru",89125093813.3744,usp0004s8r
1991-06-12 00:45:40.080000+00:00,1991-06-12,00:45:40,1991,5.8,94.4,-2.285,-78.884,mw,"9 km SSW of Alausí, Ecuador",31622776601683.793,usp0004ste
1991-07-20 15:21:08.820000+00:00,1991-07-20,15:21:08,1991,4.0,33.0,-0.703,-78.148,md,"44 km WNW of Archidona, Ecuador",63095734448.019424,usp0004udp
1991-08-04 04:53:13.890000+00:00,1991-08-04,04:53:13,1991,4.5,10.0,-0.805,-80.615,md,"20 km NNE of Manta, Ecuador",354813389233.57605,usp0004uzb
1991-08-04 07:45:30.940000+00:00,1991-08-04,07:45:30,1991,5.5,21.2,-0.912,-80.916,mw,"23 km WNW of Manta, Ecuador",11220184543019.652,usp0004uzf
1991-08-04 22:00:11.850000+00:00,1991-08-04,22:00:11,1991,4.8,33.0,-2.324,-77.114,mb,"110 km E of Macas, Ecuador",1000000000000.0,usp0004v04
1991-08-19 00:46:14.780000+00:00,1991-08-19,00:46:14,1991,4.6,105.4,-2.327,-79.267,mb,"13 km NE of La Troncal, Ecuador",501187233627.2715,usp0004vjx
1991-08-27 08:31:37.520000+00:00,1991-08-27,08:31:37,1991,4.1,100.8,-1.943,-79.859,mb,"12 km E of El Triunfo, Ecuador",89125093813.3744,usp0004vxe
1991-08-30 00:16:21.290000+00:00,1991-08-30,00:16:21,1991,5.2,23.2,-4.349,-81.541,mb,"37 km WSW of El Alto, Peru",3981071705534.9854,usp0004w17
1991-09-01 17:48:19.470000+00:00,1991-09-01,17:48:19,1991,4.3,41.4,-5.883,-77.066,mb,"19 km NNW of Moyobamba, Peru",177827941003.89227,usp0004w4q
1991-09-04 07:48:31.700000+00:00,1991-09-04,07:48:31,1991,4.1,33.0,2.686,-78.303,md,"25 km NE of Mosquera, Colombia",89125093813.3744,usp0004w7y
1991-09-06 04:01:53.360000+00:00,1991-09-06,04:01:53,1991,4.2,10.0,0.055,-78.423,md,"26 km SW of Otavalo, Ecuador",125892541179.41713,usp0004wa3
1991-09-06 08:11:38.180000+00:00,1991-09-06,08:11:38,1991,4.2,10.0,2.265,-76.506,md,"11 km E of Paispamba, Colombia",125892541179.41713,usp0004waa
1991-09-12 06:14:48.010000+00:00,1991-09-12,06:14:48,1991,4.0,33.0,2.716,-80.141,md,"180 km WNW of Salahonda, Colombia",63095734448.019424,usp0004wj1
1991-09-15 19:48:42.950000+00:00,1991-09-15,19:48:42,1991,4.5,121.5,-2.287,-79.437,md,"8 km S of Coronel Marcelino Maridueña, Ecuador",354813389233.57605,usp0004wp5
1991-09-19 15:18:41.210000+00:00,1991-09-19,15:18:41,1991,4.4,33.0,0.525,-78.653,md,"49 km WNW of Cotacachi, Ecuador",251188643150.95822,usp0004wtd
1991-09-24 21:56:06.810000+00:00,1991-09-24,21:56:06,1991,4.0,10.0,-1.081,-78.319,md,"27 km ENE of Píllaro, Ecuador",63095734448.019424,usp0004x08
1991-09-25 00:37:00.660000+00:00,1991-09-25,00:37:00,1991,4.1,10.0,-0.996,-80.704,md,"3 km SSE of Manta, Ecuador",89125093813.3744,usp0004x0f
1991-09-27 01:47:18.280000+00:00,1991-09-27,01:47:18,1991,4.2,10.0,2.926,-79.74,md,"150 km WNW of Mosquera, Colombia",125892541179.41713,usp0004x3k
1991-10-03 06:07:01.800000+00:00,1991-10-03,06:07:01,1991,4.2,33.0,2.951,-78.339,md,"50 km NNE of Mosquera, Colombia",125892541179.41713,usp0004xbe
1991-10-06 14:14:51.610000+00:00,1991-10-06,14:14:51,1991,4.7,33.0,2.757,-80.283,md,"197 km WNW of Tumaco, Colombia",707945784384.1403,usp0004xfu
1991-10-06 16:07:53.150000+00:00,1991-10-06,16:07:53,1991,4.6,174.2,-1.887,-77.052,mb,"103 km ESE of Palora, Ecuador",501187233627.2715,usp0004xfz
1991-10-08 19:16:56.300000+00:00,1991-10-08,19:16:56,1991,4.0,33.0,1.749,-77.757,md,"22 km WNW of Cumbitara, Colombia",63095734448.019424,usp0004xjf
1991-10-09 17:19:15.870000+00:00,1991-10-09,17:19:15,1991,4.1,33.0,2.907,-74.785,md,"40 km SE of Baraya, Colombia",89125093813.3744,usp0004xkh
1991-10-13 11:39:02.080000+00:00,1991-10-13,11:39:02,1991,4.1,90.0,2.48,-76.991,md,"16 km WSW of Villa Rica, Colombia",89125093813.3744,usp0004xs3
1991-10-15 04:03:55.770000+00:00,1991-10-15,04:03:55,1991,4.0,90.0,2.442,-77.273,md,"20 km N of Argelia, Colombia",63095734448.019424,usp0004xuq
1991-10-17 05:42:48.970000+00:00,1991-10-17,05:42:48,1991,4.5,33.0,2.114,-76.086,md,"14 km NW of Oporapa, Colombia",354813389233.57605,usp0004xxm
1991-11-13 13:21:47.590000+00:00,1991-11-13,13:21:47,1991,5.0,148.9,2.914,-76.434,mb,"11 km SSE of Santander de Quilichao, Colombia",1995262314968.8828,usp0004z3r
1991-11-13 22:41:41.740000+00:00,1991-11-13,22:41:41,1991,4.4,33.0,2.512,-79.211,mb,"80 km NW of Salahonda, Colombia",251188643150.95822,usp0004z4b
1991-11-21 07:47:13.280000+00:00,1991-11-21,07:47:13,1991,4.2,62.3,-2.313,-80.152,mb,"22 km SW of Santa Lucía, Ecuador",125892541179.41713,usp0004zds
1991-11-21 08:24:14.230000+00:00,1991-11-21,08:24:14,1991,4.1,10.0,-1.898,-79.793,md,"9 km WNW of Palestina, Ecuador",89125093813.3744,usp0004zdt
1991-11-24 18:51:32.280000+00:00,1991-11-24,18:51:32,1991,4.2,33.0,2.339,-79.796,mb,"126 km WNW of Tumaco, Colombia",125892541179.41713,usp0004zkh
1991-11-24 19:12:05.950000+00:00,1991-11-24,19:12:05,1991,4.9,41.0,2.542,-78.971,mb,"57 km W of Mosquera, Colombia",1412537544622.7554,usp0004zkj
1991-12-10 05:28:27.140000+00:00,1991-12-10,05:28:27,1991,4.3,102.1,-5.926,-77.404,mb,"15 km WNW of Segunda Jerusalén - Azunguillo, Peru",177827941003.89227,usp000508g
1991-12-12 07:12:41.070000+00:00,1991-12-12,07:12:41,1991,4.7,33.0,-0.902,-77.49,mb,"35 km E of Archidona, Ecuador",707945784384.1403,usp00050ap
1991-12-17 08:43:39.150000+00:00,1991-12-17,08:43:39,1991,4.7,139.0,-3.173,-75.689,mb,"89 km ENE of Alianza Cristiana, Peru",707945784384.1403,usp00050k9
1991-12-27 06:33:41.680000+00:00,1991-12-27,06:33:41,1991,4.8,33.0,-4.315,-81.248,mb,"6 km SSW of El Alto, Peru",1000000000000.0,usp0005114
1992-01-15 01:18:12.730000+00:00,1992-01-15,01:18:12,1992,5.6,147.8,-2.169,-77.041,mw,Peru-Ecuador border region,15848931924611.11,usp00051td
1992-01-26 22:01:53.640000+00:00,1992-01-26,22:01:53,1992,4.0,10.0,0.676,-77.589,mb,"14 km S of Potosí, Colombia",63095734448.019424,usp000529n
1992-02-06 09:42:57+00:00,1992-02-06,09:42:57,1992,4.6,83.6,-3.563,-77.546,mb,"116 km E of Gualaquiza, Ecuador",501187233627.2715,usp00052q4
1992-03-28 09:26:43.990000+00:00,1992-03-28,09:26:43,1992,4.2,183.5,-1.413,-77.716,mb,"32 km ENE of Puyo, Ecuador",125892541179.41713,usp00054yq
1992-04-22 23:41:20.050000+00:00,1992-04-22,23:41:20,1992,4.6,125.0,-4.974,-75.992,mb,"44 km NW of Lagunas, Peru",501187233627.2715,usp0005668
1992-04-30 00:01:51.660000+00:00,1992-04-30,00:01:51,1992,4.2,33.0,2.719,-79.737,mb,"141 km WNW of Salahonda, Colombia",125892541179.41713,usp00056pt
1992-07-05 06:00:16.490000+00:00,1992-07-05,06:00:16,1992,5.1,33.0,2.633,-79.804,mb,"143 km WNW of Salahonda, Colombia",2818382931264.449,usp0005aa7
1992-07-13 18:11:33.710000+00:00,1992-07-13,18:11:33,1992,6.3,96.5,-3.919,-76.602,mw,"52 km SSW of Alianza Cristiana, Peru",177827941003892.28,usp0005at4
1992-08-03 14:19:05.210000+00:00,1992-08-03,14:19:05,1992,4.5,80.0,-5.025,-80.661,mb,"13 km SSE of Nuevo Sullana, Peru",354813389233.57605,usp0005bxf
1992-08-12 21:12:16.850000+00:00,1992-08-12,21:12:16,1992,4.7,33.0,2.726,-79.77,mb,"144 km WNW of Salahonda, Colombia",707945784384.1403,usp0005cce
1992-08-17 00:52:07.830000+00:00,1992-08-17,00:52:07,1992,5.3,49.5,-4.683,-77.985,mw,"114 km NNE of La Peca, Peru",5623413251903.491,usp0005ck1
1992-08-18 12:53:55.680000+00:00,1992-08-18,12:53:55,1992,5.3,27.0,-2.895,-79.923,mw,"12 km W of Baláo, Ecuador",5623413251903.491,usp0005cp0
1992-08-26 21:52:51.930000+00:00,1992-08-26,21:52:51,1992,4.4,175.5,-2.405,-76.196,mb,"121 km NNE of Alianza Cristiana, Peru",251188643150.95822,usp0005d4a
1992-09-22 06:49:00.730000+00:00,1992-09-22,06:49:00,1992,4.5,49.3,-4.461,-76.364,mb,"53 km NE of Barranca, Peru",354813389233.57605,usp0005ea6
1992-10-23 04:52:43.280000+00:00,1992-10-23,04:52:43,1992,5.0,10.0,2.545,-79.879,mb,"146 km WNW of Salahonda, Colombia",1995262314968.8828,usp0005frs
1992-11-30 05:01:36.290000+00:00,1992-11-30,05:01:36,1992,4.4,127.7,-3.132,-75.622,mb,"97 km ENE of Alianza Cristiana, Peru",251188643150.95822,usp0005hn3
1992-12-03 10:28:00.960000+00:00,1992-12-03,10:28:00,1992,4.8,24.7,-4.247,-81.159,mb,"6 km ENE of El Alto, Peru",1000000000000.0,usp0005hs0
1992-12-06 00:40:34.480000+00:00,1992-12-06,00:40:34,1992,4.9,18.1,1.808,-75.39,mb,"18 km NW of El Doncello, Colombia",1412537544622.7554,usp0005hvr
1992-12-26 14:57:38.810000+00:00,1992-12-26,14:57:38,1992,5.9,11.6,-1.011,-78.064,mw,"28 km W of Tena, Ecuador",44668359215096.53,usp0005jwd
1992-12-26 16:08:56.590000+00:00,1992-12-26,16:08:56,1992,4.1,10.0,-1.063,-78.796,mb,"16 km SW of Pujilí, Ecuador",89125093813.3744,usp0005jwg
1992-12-27 01:18:16.510000+00:00,1992-12-27,01:18:16,1992,4.8,10.0,-1.081,-78.337,mb,"25 km ENE of Píllaro, Ecuador",1000000000000.0,usp0005jx3
1992-12-28 06:32:33.480000+00:00,1992-12-28,06:32:33,1992,4.0,10.0,-1.234,-78.593,mb,"3 km ENE of Ambato, Ecuador",63095734448.019424,usp0005jzb
1993-01-07 23:15:24.740000+00:00,1993-01-07,23:15:24,1993,4.4,33.0,-4.362,-78.007,mb,"102 km SE of Yantzaza, Ecuador",251188643150.95822,usp0005kem
1993-01-14 08:41:33.420000+00:00,1993-01-14,08:41:33,1993,4.7,33.0,-1.553,-80.799,mb,"33 km SW of Jipijapa, Ecuador",707945784384.1403,usp0005krn
1993-02-02 13:56:24.250000+00:00,1993-02-02,13:56:24,1993,5.0,33.0,-1.592,-81.955,mb,"131 km WNW of Salinas, Ecuador",1995262314968.8828,usp0005mhu
1993-02-12 23:38:17.580000+00:00,1993-02-12,23:38:17,1993,4.6,33.0,-1.767,-81.114,mb,"52 km NNW of Salinas, Ecuador",501187233627.2715,usp0005n04
1993-02-13 00:19:51.550000+00:00,1993-02-13,00:19:51,1993,5.1,33.0,2.657,-79.861,mb,"150 km WNW of Salahonda, Colombia",2818382931264.449,usp0005n08
1993-02-15 16:00:41.800000+00:00,1993-02-15,16:00:41,1993,4.2,33.0,-1.849,-81.258,mb,"52 km NW of Salinas, Ecuador",125892541179.41713,usp0005n4s
1993-02-26 21:52:53.890000+00:00,1993-02-26,21:52:53,1993,4.7,10.0,2.855,-79.585,mb,south of Panama,707945784384.1403,usp0005nqq
1993-04-03 08:29:05.160000+00:00,1993-04-03,08:29:05,1993,4.6,33.0,-5.968,-75.066,mb,"85 km ENE of Navarro, Peru",501187233627.2715,usp0005qkj
1993-04-05 21:00:10.910000+00:00,1993-04-05,21:00:10,1993,4.9,26.1,2.809,-78.903,mb,"60 km WNW of Mosquera, Colombia",1412537544622.7554,usp0005qqh
1993-04-17 01:53:40.140000+00:00,1993-04-17,01:53:40,1993,4.9,33.0,-2.461,-80.005,ms,"30 km S of Santa Lucía, Ecuador",1412537544622.7554,usp0005raa
1993-04-27 03:22:09.870000+00:00,1993-04-27,03:22:09,1993,4.4,103.7,-1.972,-79.77,mb,"5 km WSW of Samborondón, Ecuador",251188643150.95822,usp0005ru0
1993-05-08 14:42:59.280000+00:00,1993-05-08,14:42:59,1993,4.7,98.8,-4.352,-79.3,mb,"28 km E of Cariamanga, Ecuador",707945784384.1403,usp0005sef
1993-05-16 14:59:54.950000+00:00,1993-05-16,14:59:54,1993,4.6,84.9,-4.431,-80.631,mb,"34 km SE of La Breita, Peru",501187233627.2715,usp0005swk
1993-05-24 11:10:56.920000+00:00,1993-05-24,11:10:56,1993,4.8,200.9,-1.511,-77.315,mb,"75 km ENE of Palora, Ecuador",1000000000000.0,usp0005td5
1993-06-06 02:10:35+00:00,1993-06-06,02:10:35,1993,5.3,10.0,2.646,-79.778,mb,"141 km WNW of Salahonda, Colombia",5623413251903.491,usp0005u3a
1993-06-09 07:46:01.480000+00:00,1993-06-09,07:46:01,1993,4.6,27.5,2.773,-79.62,mb,"133 km WNW of Mosquera, Colombia",501187233627.2715,usp0005u8f
1993-06-24 13:57:01.730000+00:00,1993-06-24,13:57:01,1993,4.6,33.0,-2.786,-79.701,mb,"15 km SW of Naranjal, Ecuador",501187233627.2715,usp0005v40
1993-07-30 06:20:26.300000+00:00,1993-07-30,06:20:26,1993,4.4,19.1,2.715,-79.632,mb,"131 km NW of Salahonda, Colombia",251188643150.95822,usp0005xnn
1993-07-30 09:10:46.250000+00:00,1993-07-30,09:10:46,1993,4.7,10.0,2.592,-79.867,mb,"147 km WNW of Salahonda, Colombia",707945784384.1403,usp0005xny
1993-08-20 06:35:10.040000+00:00,1993-08-20,06:35:10,1993,4.8,33.0,-1.321,-80.49,mb,"9 km WSW of Sucre, Ecuador",1000000000000.0,usp0005yw8
1993-09-04 03:44:03.560000+00:00,1993-09-04,03:44:03,1993,4.7,84.3,-3.19,-78.244,mb,"44 km ENE of Gualaquiza, Ecuador",707945784384.1403,usp0005zqh
1993-09-06 06:27:36.250000+00:00,1993-09-06,06:27:36,1993,4.7,32.5,2.516,-79.105,mb,"72 km NW of Salahonda, Colombia",707945784384.1403,usp0005ztt
1993-09-07 08:28:21.920000+00:00,1993-09-07,08:28:21,1993,4.7,33.0,1.801,-80.58,mb,"138 km NW of Esmeraldas, Ecuador",707945784384.1403,usp0005zvt
1993-09-11 06:14:27.700000+00:00,1993-09-11,06:14:27,1993,5.7,120.5,-4.689,-76.318,mw,"42 km ENE of Barranca, Peru",22387211385683.47,usp000604g
1993-09-21 17:01:57.250000+00:00,1993-09-21,17:01:57,1993,4.4,33.0,-0.217,-78.989,mb,"21 km E of Santo Domingo de los Colorados, Ecuador",251188643150.95822,usp00060t1
1993-10-04 04:34:39.630000+00:00,1993-10-04,04:34:39,1993,5.0,65.9,-1.935,-78.082,mb,"28 km SSW of Palora, Ecuador",1995262314968.8828,usp00061ez
1993-10-08 08:21:53.850000+00:00,1993-10-08,08:21:53,1993,4.6,33.0,-2.061,-78.402,mb,"42 km NW of Macas, Ecuador",501187233627.2715,usp00061nm
1993-11-21 21:33:05.680000+00:00,1993-11-21,21:33:05,1993,4.8,23.9,-4.916,-78.052,mb,"87 km NNE of La Peca, Peru",1000000000000.0,usp0006411
1993-11-25 06:44:52.140000+00:00,1993-11-25,06:44:52,1993,4.3,33.0,-5.398,-77.134,mb,"67 km NNE of Segunda Jerusalén - Azunguillo, Peru",177827941003.89227,usp000646j
1993-12-08 02:52:23.430000+00:00,1993-12-08,02:52:23,1993,4.9,135.4,-4.583,-77.275,mb,"71 km WNW of Barranca, Peru",1412537544622.7554,usp00064up
1993-12-17 05:08:01.460000+00:00,1993-12-17,05:08:01,1993,4.7,10.2,2.687,-79.644,mb,"130 km WNW of Salahonda, Colombia",707945784384.1403,usp0006585
1993-12-26 05:33:47.020000+00:00,1993-12-26,05:33:47,1993,4.8,40.7,-2.471,-80.891,mb,"26 km S of La Libertad, Ecuador",1000000000000.0,usp00065nq
1994-01-06 08:31:19.180000+00:00,1994-01-06,08:31:19,1994,4.4,33.0,-4.327,-80.561,md,"33 km SE of Papayal, Peru",251188643150.95822,usp000663b
1994-01-07 07:19:25.110000+00:00,1994-01-07,07:19:25,1994,5.0,25.6,2.541,-79.786,mb,"137 km WNW of Salahonda, Colombia",1995262314968.8828,usp000664f
1994-01-14 06:53:35.980000+00:00,1994-01-14,06:53:35,1994,4.4,33.0,2.187,-78.718,mb,near the west coast of Colombia,251188643150.95822,usp00066ek
1994-01-20 13:13:57.990000+00:00,1994-01-20,13:13:57,1994,4.3,33.0,-3.011,-80.506,mb,"43 km SSW of Playas, Ecuador",177827941003.89227,usp000672f
1994-01-25 05:41:19.220000+00:00,1994-01-25,05:41:19,1994,5.4,168.1,-1.543,-78.009,mw,"6 km S of Puyo, Ecuador",7943282347242.8545,usp00067d6
1994-03-16 22:55:46.900000+00:00,1994-03-16,22:55:46,1994,4.0,119.5,-0.904,-79.678,md,"16 km NNW of Velasco Ibarra, Ecuador",63095734448.019424,usp00069t2
1994-03-23 18:34:01.520000+00:00,1994-03-23,18:34:01,1994,4.0,10.0,-1.332,-78.388,md,"8 km NNE of Baños, Ecuador",63095734448.019424,usp0006a2k
1994-03-24 11:59:07.630000+00:00,1994-03-24,11:59:07,1994,4.0,33.0,0.38,-79.135,md,"38 km E of Rosa Zarate, Ecuador",63095734448.019424,usp0006a3t
1994-03-25 12:19:32.060000+00:00,1994-03-25,12:19:32,1994,4.0,10.0,-1.134,-78.417,md,"15 km ENE of Píllaro, Ecuador",63095734448.019424,usp0006a5g
1994-03-29 11:58:21.870000+00:00,1994-03-29,11:58:21,1994,4.3,10.0,0.656,-79.778,md,"27 km E of Muisne, Ecuador",177827941003.89227,usp0006abp
1994-04-01 05:01:04.110000+00:00,1994-04-01,05:01:04,1994,4.0,23.5,0.502,-79.798,md,"27 km ESE of Muisne, Ecuador",63095734448.019424,usp0006aff
1994-04-01 08:29:39.070000+00:00,1994-04-01,08:29:39,1994,4.0,33.0,0.612,-79.863,md,near the coast of Ecuador,63095734448.019424,usp0006afr
1994-04-11 08:00:42.790000+00:00,1994-04-11,08:00:42,1994,4.6,29.5,2.393,-79.439,mb,"95 km WNW of Salahonda, Colombia",501187233627.2715,usp0006axy
1994-04-27 12:16:55.260000+00:00,1994-04-27,12:16:55,1994,4.9,33.0,-5.28,-76.455,mb,"55 km SSE of Barranca, Peru",1412537544622.7554,usp0006bqq
1994-05-08 08:43:20.740000+00:00,1994-05-08,08:43:20,1994,4.4,178.5,-1.397,-77.783,mb,"26 km ENE of Puyo, Ecuador",251188643150.95822,usp0006c8v
1994-05-11 04:17:10.830000+00:00,1994-05-11,04:17:10,1994,4.5,33.0,-3.63,-78.7,mb,"23 km NNE of Yantzaza, Ecuador",354813389233.57605,usp0006cd0
1994-05-11 11:53:27.950000+00:00,1994-05-11,11:53:27,1994,5.3,18.8,0.45,-78.701,mb,"51 km WNW of Cotacachi, Ecuador",5623413251903.491,usp0006cdf
1994-05-12 11:27:53+00:00,1994-05-12,11:27:53,1994,4.9,84.6,-2.561,-79.249,mb,"18 km SSE of La Troncal, Ecuador",1412537544622.7554,usp0006ceu
1994-06-06 20:47:40.530000+00:00,1994-06-06,20:47:40,1994,6.8,12.1,2.917,-76.057,mw,"23 km E of Toribío, Colombia",1000000000000000.0,usp0006dv8
1994-06-08 08:55:00.700000+00:00,1994-06-08,08:55:00,1994,4.4,42.9,2.717,-75.921,mb,"9 km NE of Belalcázar, Colombia",251188643150.95822,usp0006dyb
1994-07-02 10:18:09.560000+00:00,1994-07-02,10:18:09,1994,4.2,128.4,-1.679,-78.126,mb,"18 km W of Palora, Ecuador",125892541179.41713,usp0006f2j
1994-07-07 22:54:10.870000+00:00,1994-07-07,22:54:10,1994,5.1,12.6,-1.07,-78.291,mb,"30 km ENE of Píllaro, Ecuador",2818382931264.449,usp0006fb3
1994-07-18 18:15:41.760000+00:00,1994-07-18,18:15:41,1994,4.5,173.0,-1.363,-77.832,mb,"23 km NE of Puyo, Ecuador",354813389233.57605,usp0006fvh
1994-08-04 02:50:49.090000+00:00,1994-08-04,02:50:49,1994,4.4,10.0,2.835,-76.168,mb,"17 km SE of Toribío, Colombia",251188643150.95822,usp0006gh3
1994-08-11 22:28:29.350000+00:00,1994-08-11,22:28:29,1994,5.1,14.7,-1.983,-80.833,ms,"27 km N of Santa Elena, Ecuador",2818382931264.449,usp0006gv0
1994-08-29 07:43:57.740000+00:00,1994-08-29,07:43:57,1994,4.4,41.9,2.825,-75.954,mb,"19 km N of Belalcázar, Colombia",251188643150.95822,usp0006hn5
1994-09-16 21:19:26.250000+00:00,1994-09-16,21:19:26,1994,4.6,89.8,-2.928,-77.444,mb,"96 km ESE of Sucúa, Ecuador",501187233627.2715,usp0006jjh
1994-10-01 07:33:51.060000+00:00,1994-10-01,07:33:51,1994,4.8,33.0,-5.708,-76.956,mb,"36 km N of Moyobamba, Peru",1000000000000.0,usp0006k8k
1994-10-10 18:49:12.240000+00:00,1994-10-10,18:49:12,1994,4.9,22.9,-3.765,-77.908,mb,"84 km ESE of Gualaquiza, Ecuador",1412537544622.7554,usp0006kxj
1994-11-14 18:29:35.770000+00:00,1994-11-14,18:29:35,1994,4.7,33.0,-3.877,-79.218,mb,"12 km N of Loja, Ecuador",707945784384.1403,usp0006nn1
1994-11-26 02:12:42.010000+00:00,1994-11-26,02:12:42,1994,5.0,37.3,-4.651,-80.837,mb,"28 km NW of Salitral, Peru",1995262314968.8828,usp0006p8f
1994-11-26 04:48:03.230000+00:00,1994-11-26,04:48:03,1994,5.3,10.0,2.889,-79.494,mw,"123 km WNW of Mosquera, Colombia",5623413251903.491,usp0006p8k
1994-11-27 08:40:38.830000+00:00,1994-11-27,08:40:38,1994,4.6,33.0,2.97,-79.434,mb,"120 km WNW of Mosquera, Colombia",501187233627.2715,usp0006pae
1995-01-07 02:13:28.030000+00:00,1995-01-07,02:13:28,1995,5.4,165.7,-1.57,-78.01,mb,"9 km S of Puyo, Ecuador",7943282347242.8545,usp0006qz8
1995-01-09 19:14:32.600000+00:00,1995-01-09,19:14:32,1995,4.4,33.0,1.146,-78.873,mb,"16 km SSW of San Lorenzo de Esmeraldas, Ecuador",251188643150.95822,usp0006r3s
1995-01-13 19:13:03.550000+00:00,1995-01-13,19:13:03,1995,4.6,13.9,-0.078,-78.571,mb,"17 km NNW of Quito, Ecuador",501187233627.2715,usp0006r9k
1995-02-02 22:10:07.290000+00:00,1995-02-02,22:10:07,1995,4.4,100.0,-2.717,-77.825,mb,"47 km SE of Sucúa, Ecuador",251188643150.95822,usp0006s9j
1995-02-09 15:22:34.980000+00:00,1995-02-09,15:22:34,1995,4.3,33.0,-2.136,-77.451,mb,"74 km SE of Palora, Ecuador",177827941003.89227,usp0006snr
1995-02-12 01:02:07.240000+00:00,1995-02-12,01:02:07,1995,5.6,22.3,-5.762,-76.109,mw,"15 km N of Yurimaguas, Peru",15848931924611.11,usp0006ssc
1995-02-12 23:19:53.780000+00:00,1995-02-12,23:19:53,1995,4.2,187.2,-1.102,-77.41,mb,"46 km ESE of Tena, Ecuador",125892541179.41713,usp0006su1
1995-02-14 12:25:37.040000+00:00,1995-02-14,12:25:37,1995,4.6,33.0,-1.436,-80.407,mb,"13 km N of Paján, Ecuador",501187233627.2715,usp0006sxx
1995-02-16 09:35:17.940000+00:00,1995-02-16,09:35:17,1995,5.0,18.6,-5.789,-76.142,mw,"12 km N of Yurimaguas, Peru",1995262314968.8828,usp0006t1r
1995-03-04 23:23:40.680000+00:00,1995-03-04,23:23:40,1995,4.4,5.0,1.282,-77.307,mb,"5 km E of Nariño, Colombia",251188643150.95822,usp0006tts
1995-03-13 03:54:30.760000+00:00,1995-03-13,03:54:30,1995,4.6,35.2,-3.604,-80.857,mb,"21 km WNW of Zorritos, Peru",501187233627.2715,usp0006u4e
1995-03-26 15:12:31.760000+00:00,1995-03-26,15:12:31,1995,5.6,90.6,-2.05,-79.492,mw,"13 km NNW of Naranjito, Ecuador",15848931924611.11,usp0006usa
1995-04-12 18:22:33.030000+00:00,1995-04-12,18:22:33,1995,5.1,46.7,2.752,-78.351,mw,"29 km NNE of Mosquera, Colombia",2818382931264.449,usp0006vjf
1995-04-14 14:12:59.810000+00:00,1995-04-14,14:12:59,1995,5.5,164.6,-1.837,-77.507,mb,"53 km ESE of Palora, Ecuador",11220184543019.652,usp0006vns
1995-05-01 16:55:42.910000+00:00,1995-05-01,16:55:42,1995,4.4,115.5,-3.884,-76.267,mb,"48 km SSE of Alianza Cristiana, Peru",251188643150.95822,usp0006wp7
1995-05-02 06:06:05.690000+00:00,1995-05-02,06:06:05,1995,6.7,97.0,-3.792,-76.917,mw,"64 km WSW of Alianza Cristiana, Peru",707945784384140.2,usp0006wq1
1995-05-31 00:07:41.690000+00:00,1995-05-31,00:07:41,1995,4.1,179.9,-1.677,-77.966,mb,"2 km N of Palora, Ecuador",89125093813.3744,usp0006ybv
1995-06-14 17:32:01.050000+00:00,1995-06-14,17:32:01,1995,4.9,33.0,-2.95,-79.794,mb,"4 km SSE of Baláo, Ecuador",1412537544622.7554,usp0006z2t
1995-06-18 00:49:27.630000+00:00,1995-06-18,00:49:27,1995,4.1,33.0,-1.328,-80.896,mb,"35 km W of Jipijapa, Ecuador",89125093813.3744,usp0006zaj
1995-06-27 00:37:29.750000+00:00,1995-06-27,00:37:29,1995,4.9,33.0,-2.82,-79.16,mb,"19 km WNW of Cuenca, Ecuador",1412537544622.7554,usp0006zrs
1995-07-06 13:41:17.540000+00:00,1995-07-06,13:41:17,1995,4.5,147.4,-1.515,-77.905,mb,"11 km ESE of Puyo, Ecuador",354813389233.57605,usp000707y
1995-07-17 15:51:40.950000+00:00,1995-07-17,15:51:40,1995,4.1,33.0,-4.183,-81.012,mb,"9 km SSE of Máncora, Peru",89125093813.3744,usp00070pn
1995-07-20 11:13:37.960000+00:00,1995-07-20,11:13:37,1995,5.0,33.0,0.522,-80.091,mb,"12 km SW of Muisne, Ecuador",1995262314968.8828,usp00070sz
1995-07-26 15:11:58.820000+00:00,1995-07-26,15:11:58,1995,4.3,10.0,2.741,-79.926,mb,"160 km WNW of Salahonda, Colombia",177827941003.89227,usp000710f
1995-08-02 10:34:54.790000+00:00,1995-08-02,10:34:54,1995,4.4,100.0,-3.375,-76.515,mb,"14 km NW of Alianza Cristiana, Peru",251188643150.95822,usp00071be
1995-08-12 05:04:14.240000+00:00,1995-08-12,05:04:14,1995,4.3,139.5,-1.353,-77.874,mb,"20 km NE of Puyo, Ecuador",177827941003.89227,usp00071r7
1995-08-13 15:53:56.650000+00:00,1995-08-13,15:53:56,1995,4.6,33.0,-2.508,-80.276,mb,"18 km NE of Playas, Ecuador",501187233627.2715,usp00071t5
1995-08-17 04:03:21.150000+00:00,1995-08-17,04:03:21,1995,4.1,33.0,-5.631,-76.101,mb,"30 km N of Yurimaguas, Peru",89125093813.3744,usp00071y4
1995-09-26 06:43:13.930000+00:00,1995-09-26,06:43:13,1995,4.5,84.5,2.973,-77.754,mb,"24 km NNW of Timbiquí, Colombia",354813389233.57605,usp000740f
1995-10-03 01:51:23.900000+00:00,1995-10-03,01:51:23,1995,7.0,24.4,-2.75,-77.881,mw,"45 km SE of Sucúa, Ecuador",1995262314968882.8,usp00074c4
1995-10-03 01:57:03.490000+00:00,1995-10-03,01:57:03,1995,5.6,33.0,-2.614,-77.777,mb,"47 km ESE of Sucúa, Ecuador",15848931924611.11,usp00074c5
1995-10-03 02:10:46.080000+00:00,1995-10-03,02:10:46,1995,4.9,33.0,-2.726,-77.987,mb,"35 km SE of Sucúa, Ecuador",1412537544622.7554,usp00074c7
1995-10-03 02:33:53.780000+00:00,1995-10-03,02:33:53,1995,5.1,33.0,-2.597,-77.763,mb,"47 km ESE of Sucúa, Ecuador",2818382931264.449,usp00074c8
1995-10-03 04:15:12.960000+00:00,1995-10-03,04:15:12,1995,4.7,33.0,-3.156,-79.321,mb,"45 km SW of Cuenca, Ecuador",707945784384.1403,usp00074cc
1995-10-03 04:26:23.720000+00:00,1995-10-03,04:26:23,1995,4.5,33.0,-2.579,-77.543,mb,"69 km ESE of Macas, Ecuador",354813389233.57605,usp00074cd
1995-10-03 04:32:52.650000+00:00,1995-10-03,04:32:52,1995,4.0,33.0,-2.234,-77.492,mb,"69 km E of Macas, Ecuador",63095734448.019424,usp00074ce
1995-10-03 04:46:33.680000+00:00,1995-10-03,04:46:33,1995,4.5,33.0,-2.814,-77.595,mb,"75 km ESE of Sucúa, Ecuador",354813389233.57605,usp00074cg
1995-10-03 04:58:19.810000+00:00,1995-10-03,04:58:19,1995,4.6,33.0,-2.541,-77.674,mb,"55 km ESE of Macas, Ecuador",501187233627.2715,usp00074ch
1995-10-03 05:20:26.390000+00:00,1995-10-03,05:20:26,1995,5.0,33.0,-2.822,-77.821,mb,"55 km SE of Sucúa, Ecuador",1995262314968.8828,usp00074cj
1995-10-03 06:27:24.110000+00:00,1995-10-03,06:27:24,1995,5.2,18.9,-2.896,-77.916,mb,"56 km SSE of Sucúa, Ecuador",3981071705534.9854,usp00074cs
1995-10-03 06:31:47.570000+00:00,1995-10-03,06:31:47,1995,4.8,33.0,-2.679,-77.803,mb,"47 km ESE of Sucúa, Ecuador",1000000000000.0,usp00074cu
1995-10-03 06:43:30.220000+00:00,1995-10-03,06:43:30,1995,4.4,33.0,-2.255,-77.479,mb,"70 km E of Macas, Ecuador",251188643150.95822,usp00074cv
1995-10-03 07:05:14.030000+00:00,1995-10-03,07:05:14,1995,4.3,33.0,-2.479,-77.966,mb,"22 km E of Sucúa, Ecuador",177827941003.89227,usp00074cw
1995-10-03 07:10:16.350000+00:00,1995-10-03,07:10:16,1995,4.4,33.0,-2.849,-77.978,mb,"48 km SSE of Sucúa, Ecuador",251188643150.95822,usp00074cx
1995-10-03 07:38:18.870000+00:00,1995-10-03,07:38:18,1995,4.1,33.0,-2.226,-77.334,mb,"86 km E of Macas, Ecuador",89125093813.3744,usp00074d0
1995-10-03 09:30:52.350000+00:00,1995-10-03,09:30:52,1995,4.7,33.0,-2.999,-77.976,mb,"63 km SSE of Sucúa, Ecuador",707945784384.1403,usp00074d3
1995-10-03 10:06:59.050000+00:00,1995-10-03,10:06:59,1995,4.7,27.4,-2.809,-77.825,mb,"54 km SE of Sucúa, Ecuador",707945784384.1403,usp00074d6
1995-10-03 11:12:21.640000+00:00,1995-10-03,11:12:21,1995,4.6,33.0,-2.568,-77.692,mb,"54 km ESE of Sucúa, Ecuador",501187233627.2715,usp00074d9
1995-10-03 11:40:16.080000+00:00,1995-10-03,11:40:16,1995,4.9,33.0,-2.672,-77.785,mb,"49 km ESE of Sucúa, Ecuador",1412537544622.7554,usp00074da
1995-10-03 12:44:58.090000+00:00,1995-10-03,12:44:58,1995,6.5,16.7,-2.778,-77.851,mw,"50 km SE of Sucúa, Ecuador",354813389233576.06,usp00074de
1995-10-03 13:12:31.120000+00:00,1995-10-03,13:12:31,1995,4.4,33.0,-2.568,-77.449,mb,"79 km ESE of Macas, Ecuador",251188643150.95822,usp00074dg
1995-10-03 13:21:11.810000+00:00,1995-10-03,13:21:11,1995,4.5,33.0,-2.465,-77.552,mb,"64 km ESE of Macas, Ecuador",354813389233.57605,usp00074dh
1995-10-03 13:47:46.600000+00:00,1995-10-03,13:47:46,1995,4.2,33.0,-2.512,-77.675,mb,"53 km ESE of Macas, Ecuador",125892541179.41713,usp00074dm
1995-10-03 14:17:31.860000+00:00,1995-10-03,14:17:31,1995,4.2,33.0,-2.73,-77.92,mb,"41 km SE of Sucúa, Ecuador",125892541179.41713,usp00074dp
1995-10-03 14:29:27.960000+00:00,1995-10-03,14:29:27,1995,4.7,33.0,-2.927,-77.899,mb,"60 km SSE of Sucúa, Ecuador",707945784384.1403,usp00074dr
1995-10-03 14:54:26.510000+00:00,1995-10-03,14:54:26,1995,4.3,33.0,-2.742,-77.708,mb,"60 km ESE of Sucúa, Ecuador",177827941003.89227,usp00074ds
1995-10-03 15:07:51.460000+00:00,1995-10-03,15:07:51,1995,4.4,33.0,-2.683,-77.815,mb,"46 km ESE of Sucúa, Ecuador",251188643150.95822,usp00074dt
1995-10-03 17:01:00.920000+00:00,1995-10-03,17:01:00,1995,4.9,33.0,-2.883,-77.903,mb,"55 km SSE of Sucúa, Ecuador",1412537544622.7554,usp00074e0
1995-10-03 18:04:27.660000+00:00,1995-10-03,18:04:27,1995,4.7,45.7,-2.976,-77.731,mb,"75 km SE of Sucúa, Ecuador",707945784384.1403,usp00074e4
1995-10-03 18:13:57.400000+00:00,1995-10-03,18:13:57,1995,4.4,33.0,-2.42,-77.448,mb,"74 km E of Macas, Ecuador",251188643150.95822,usp00074e5
1995-10-03 20:08:59.060000+00:00,1995-10-03,20:08:59,1995,4.6,33.0,-2.682,-77.786,mb,"49 km ESE of Sucúa, Ecuador",501187233627.2715,usp00074ed
1995-10-03 20:43:13.780000+00:00,1995-10-03,20:43:13,1995,4.3,33.0,-2.535,-77.944,mb,"26 km ESE of Sucúa, Ecuador",177827941003.89227,usp00074ef
1995-10-04 05:08:28.250000+00:00,1995-10-04,05:08:28,1995,4.1,33.0,-2.485,-77.484,mb,Peru-Ecuador border region,89125093813.3744,usp00074fa
1995-10-04 06:18:57.390000+00:00,1995-10-04,06:18:57,1995,4.5,33.0,-2.835,-77.811,mb,"57 km SE of Sucúa, Ecuador",354813389233.57605,usp00074fc
1995-10-04 06:33:49.520000+00:00,1995-10-04,06:33:49,1995,4.0,33.0,-2.923,-77.853,mb,Peru-Ecuador border region,63095734448.019424,usp00074fd
1995-10-04 07:23:15+00:00,1995-10-04,07:23:15,1995,4.3,33.0,-2.305,-77.416,mb,"77 km E of Macas, Ecuador",177827941003.89227,usp00074ff
1995-10-04 08:38:12.730000+00:00,1995-10-04,08:38:12,1995,5.3,59.9,-2.635,-77.801,mw,"45 km ESE of Sucúa, Ecuador",5623413251903.491,usp00074fq
1995-10-04 12:41:07.760000+00:00,1995-10-04,12:41:07,1995,4.3,33.0,-2.656,-77.458,mb,"82 km ESE of Macas, Ecuador",177827941003.89227,usp00074g7
1995-10-04 12:56:37.780000+00:00,1995-10-04,12:56:37,1995,4.6,20.0,-2.403,-77.18,mb,"104 km E of Macas, Ecuador",501187233627.2715,usp00074ga
1995-10-04 22:46:21.890000+00:00,1995-10-04,22:46:21,1995,4.4,33.0,-2.693,-77.742,mb,"54 km ESE of Sucúa, Ecuador",251188643150.95822,usp00074h2
1995-10-04 23:59:50.040000+00:00,1995-10-04,23:59:50,1995,4.6,33.0,-2.969,-77.868,mb,"65 km SSE of Sucúa, Ecuador",501187233627.2715,usp00074h4
1995-10-05 00:17:51.670000+00:00,1995-10-05,00:17:51,1995,4.4,33.0,-2.464,-77.336,mb,"87 km E of Macas, Ecuador",251188643150.95822,usp00074h6
1995-10-05 01:13:15.220000+00:00,1995-10-05,01:13:15,1995,4.3,33.0,-2.996,-77.891,mb,"67 km SSE of Sucúa, Ecuador",177827941003.89227,usp00074h9
1995-10-05 01:36:55.610000+00:00,1995-10-05,01:36:55,1995,5.3,33.0,-2.724,-77.884,mw,"43 km SE of Sucúa, Ecuador",5623413251903.491,usp00074hb
1995-10-05 02:45:18.260000+00:00,1995-10-05,02:45:18,1995,4.9,33.0,-2.818,-77.851,mb,"53 km SE of Sucúa, Ecuador",1412537544622.7554,usp00074hd
1995-10-05 12:04:28.440000+00:00,1995-10-05,12:04:28,1995,4.6,33.0,-2.85,-77.85,mb,"56 km SE of Sucúa, Ecuador",501187233627.2715,usp00074j7
1995-10-06 00:14:45.540000+00:00,1995-10-06,00:14:45,1995,4.6,33.0,-2.908,-77.983,mb,"53 km SSE of Sucúa, Ecuador",501187233627.2715,usp00074k8
1995-10-06 18:05:54.920000+00:00,1995-10-06,18:05:54,1995,4.8,33.0,-2.736,-77.811,mb,"50 km SE of Sucúa, Ecuador",1000000000000.0,usp00074pg
1995-10-06 23:12:27.080000+00:00,1995-10-06,23:12:27,1995,4.5,33.0,-2.813,-77.749,mb,"61 km SE of Sucúa, Ecuador",354813389233.57605,usp00074pz
1995-10-06 23:16:29.760000+00:00,1995-10-06,23:16:29,1995,4.4,33.0,-2.676,-77.834,mb,Peru-Ecuador border region,251188643150.95822,usp00074q0
1995-10-07 05:53:52.610000+00:00,1995-10-07,05:53:52,1995,4.5,33.0,-2.847,-77.81,mb,"58 km SE of Sucúa, Ecuador",354813389233.57605,usp00074qk
1995-10-07 09:15:24.930000+00:00,1995-10-07,09:15:24,1995,4.7,33.0,-2.794,-77.829,mb,"53 km SE of Sucúa, Ecuador",707945784384.1403,usp00074qu
1995-10-07 09:58:53.780000+00:00,1995-10-07,09:58:53,1995,4.5,33.0,-2.802,-77.878,mb,"50 km SE of Sucúa, Ecuador",354813389233.57605,usp00074qw
1995-10-07 11:02:15.460000+00:00,1995-10-07,11:02:15,1995,4.3,33.0,-2.69,-77.56,mb,"72 km ESE of Sucúa, Ecuador",177827941003.89227,usp00074r1
1995-10-07 14:15:36.640000+00:00,1995-10-07,14:15:36,1995,4.6,33.0,-2.773,-77.907,mb,"45 km SE of Sucúa, Ecuador",501187233627.2715,usp00074r9
1995-10-07 21:19:49.500000+00:00,1995-10-07,21:19:49,1995,4.8,33.0,-2.828,-77.706,mb,"65 km SE of Sucúa, Ecuador",1000000000000.0,usp00074rt
1995-10-07 21:28:03.100000+00:00,1995-10-07,21:28:03,1995,5.8,12.3,-2.775,-77.823,mw,"52 km SE of Sucúa, Ecuador",31622776601683.793,usp00074ru
1995-10-07 21:37:15.580000+00:00,1995-10-07,21:37:15,1995,4.7,33.0,-2.675,-77.691,mb,"58 km ESE of Sucúa, Ecuador",707945784384.1403,usp00074rw
1995-10-08 00:01:06.950000+00:00,1995-10-08,00:01:06,1995,4.3,33.0,-2.764,-77.64,mb,"68 km ESE of Sucúa, Ecuador",177827941003.89227,usp00074s8
1995-10-08 10:27:39.150000+00:00,1995-10-08,10:27:39,1995,5.4,33.0,-2.581,-77.835,mw,Peru-Ecuador border region,7943282347242.8545,usp00074tc
1995-10-08 10:39:44.310000+00:00,1995-10-08,10:39:44,1995,4.4,33.0,-2.868,-78.072,mb,"46 km SSE of Sucúa, Ecuador",251188643150.95822,usp00074td
1995-10-08 11:06:01.230000+00:00,1995-10-08,11:06:01,1995,4.4,33.0,-2.558,-77.756,mb,"47 km ESE of Sucúa, Ecuador",251188643150.95822,usp00074te
1995-10-10 14:49:47+00:00,1995-10-10,14:49:47,1995,4.4,33.0,-2.905,-77.822,mb,Peru-Ecuador border region,251188643150.95822,usp00074xh
1995-10-10 17:29:23.470000+00:00,1995-10-10,17:29:23,1995,5.1,55.5,1.123,-79.3,mw,"37 km WSW of Valdez, Ecuador",2818382931264.449,usp00074xv
1995-10-11 09:52:48.440000+00:00,1995-10-11,09:52:48,1995,4.4,33.0,-2.905,-77.847,mb,"61 km SE of Sucúa, Ecuador",251188643150.95822,usp00074yv
1995-10-15 03:46:34.370000+00:00,1995-10-15,03:46:34,1995,4.2,33.0,-2.79,-77.793,mb,"55 km SE of Sucúa, Ecuador",125892541179.41713,usp0007564
1995-10-18 02:25:35.870000+00:00,1995-10-18,02:25:35,1995,4.7,33.0,-2.843,-77.953,mb,"48 km SSE of Sucúa, Ecuador",707945784384.1403,usp00075au
1995-10-19 08:51:17.180000+00:00,1995-10-19,08:51:17,1995,4.5,33.0,-2.693,-77.599,mb,"68 km ESE of Sucúa, Ecuador",354813389233.57605,usp00075dn
1995-10-19 09:13:40.930000+00:00,1995-10-19,09:13:40,1995,4.6,33.0,-2.916,-77.871,mb,"60 km SSE of Sucúa, Ecuador",501187233627.2715,usp00075dq
1995-10-20 12:30:11.340000+00:00,1995-10-20,12:30:11,1995,4.2,33.0,-2.965,-77.945,mb,"61 km SSE of Sucúa, Ecuador",125892541179.41713,usp00075fs
1995-10-20 20:18:56+00:00,1995-10-20,20:18:56,1995,4.9,33.0,-2.819,-77.822,mb,"55 km SE of Sucúa, Ecuador",1412537544622.7554,usp00075g8
1995-10-21 15:36:18.920000+00:00,1995-10-21,15:36:18,1995,5.0,33.0,-2.893,-77.935,mb,"54 km SSE of Sucúa, Ecuador",1995262314968.8828,usp00075h3
1995-10-23 00:42:10.890000+00:00,1995-10-23,00:42:10,1995,4.8,33.0,-2.802,-77.796,mb,"56 km SE of Sucúa, Ecuador",1000000000000.0,usp00075kc
1995-10-23 03:46:23.840000+00:00,1995-10-23,03:46:23,1995,4.2,33.0,-3.007,-77.979,mb,"64 km SSE of Sucúa, Ecuador",125892541179.41713,usp00075kh
1995-10-28 00:12:58.050000+00:00,1995-10-28,00:12:58,1995,4.8,33.0,-4.682,-80.318,mb,"8 km WSW of Las Lomas, Peru",1000000000000.0,usp00075vt
1995-10-28 01:26:57.170000+00:00,1995-10-28,01:26:57,1995,4.7,33.0,2.733,-79.65,mb,"134 km NW of Salahonda, Colombia",707945784384.1403,usp00075vy
1995-10-28 06:09:52.020000+00:00,1995-10-28,06:09:52,1995,4.5,33.0,-2.073,-80.258,mb,"28 km SW of Lomas de Sargentillo, Ecuador",354813389233.57605,usp00075w9
1995-10-29 05:28:48.500000+00:00,1995-10-29,05:28:48,1995,5.1,33.0,-2.701,-77.833,mw,"46 km SE of Sucúa, Ecuador",2818382931264.449,usp00075xr
1995-10-29 05:50:22.340000+00:00,1995-10-29,05:50:22,1995,4.1,33.0,-2.666,-77.679,mb,"59 km ESE of Sucúa, Ecuador",89125093813.3744,usp00075xu
1995-11-05 09:24:22.820000+00:00,1995-11-05,09:24:22,1995,5.2,33.0,-2.825,-78.839,mw,"6 km NE of Llacao, Ecuador",3981071705534.9854,usp00076ar
1995-11-07 04:04:24.030000+00:00,1995-11-07,04:04:24,1995,5.1,33.0,-2.357,-77.676,mw,"48 km E of Macas, Ecuador",2818382931264.449,usp00076dz
1995-11-09 06:15:23.450000+00:00,1995-11-09,06:15:23,1995,4.4,33.0,-1.848,-77.211,mb,"85 km E of Palora, Ecuador",251188643150.95822,usp00076hb
1995-11-13 12:36:53.520000+00:00,1995-11-13,12:36:53,1995,5.4,10.0,2.94,-79.414,mw,"117 km WNW of Mosquera, Colombia",7943282347242.8545,usp00076sn
1995-11-14 06:25:45.360000+00:00,1995-11-14,06:25:45,1995,5.1,25.5,-2.897,-77.769,ms,"65 km SE of Sucúa, Ecuador",2818382931264.449,usp00076u5
1995-11-30 18:00:30.090000+00:00,1995-11-30,18:00:30,1995,5.6,33.0,-5.97,-81.702,mw,"107 km WSW of Sechura, Peru",15848931924611.11,usp00077u7
1995-12-07 04:55:25.010000+00:00,1995-12-07,04:55:25,1995,4.9,91.8,-4.208,-79.472,mb,"16 km NE of Cariamanga, Ecuador",1412537544622.7554,usp00078g1
1995-12-16 10:35:41.410000+00:00,1995-12-16,10:35:41,1995,4.5,33.0,-5.58,-78.657,mb,"9 km NNE of Bellavista, Peru",354813389233.57605,usp0007930
1995-12-24 06:58:00.150000+00:00,1995-12-24,06:58:00,1995,4.4,33.0,-4.886,-80.988,mb,"4 km NW of La Huaca, Peru",251188643150.95822,usp00079gr
1995-12-28 13:44:03.360000+00:00,1995-12-28,13:44:03,1995,4.3,117.2,-4.017,-77.329,mb,"115 km NW of Barranca, Peru",177827941003.89227,usp00079s8
1996-01-04 11:17:23.290000+00:00,1996-01-04,11:17:23,1996,4.3,32.9,-5.555,-75.535,mb,"39 km SSE of Lagunas, Peru",177827941003.89227,usp0007ab9
1996-01-09 23:45:03.670000+00:00,1996-01-09,23:45:03,1996,4.1,33.0,-2.893,-77.93,mb,"55 km SSE of Sucúa, Ecuador",89125093813.3744,usp0007arx
1996-01-11 01:55:29.720000+00:00,1996-01-11,01:55:29,1996,4.2,100.0,-2.074,-79.767,mb,"8 km WNW of Yaguachi Nuevo, Ecuador",125892541179.41713,usp0007av1
1996-01-17 16:41:29.810000+00:00,1996-01-17,16:41:29,1996,4.4,10.0,-0.023,-78.419,md,"25 km NNE of Quito, Ecuador",251188643150.95822,usp0007b8z
1996-01-17 19:46:01.280000+00:00,1996-01-17,19:46:01,1996,4.8,24.6,-0.01,-78.96,mb,"36 km NE of Santo Domingo de los Colorados, Ecuador",1000000000000.0,usp0007b98
1996-01-21 11:07:52.680000+00:00,1996-01-21,11:07:52,1996,4.1,33.0,-2.587,-77.859,mb,"37 km ESE of Sucúa, Ecuador",89125093813.3744,usp0007bff
1996-01-26 10:55:48.960000+00:00,1996-01-26,10:55:48,1996,4.0,33.0,-4.308,-78.788,mb,"32 km SE of Zamora, Ecuador",63095734448.019424,usp0007brt
1996-01-27 00:36:54.170000+00:00,1996-01-27,00:36:54,1996,4.5,33.0,-2.784,-77.847,mb,"50 km SE of Sucúa, Ecuador",354813389233.57605,usp0007bt5
1996-01-28 00:28:30.730000+00:00,1996-01-28,00:28:30,1996,5.3,155.1,-1.971,-77.637,mw,"47 km SE of Palora, Ecuador",5623413251903.491,usp0007bv2
1996-02-03 12:26:49.800000+00:00,1996-02-03,12:26:49,1996,5.0,33.0,2.717,-79.84,mb,"151 km WNW of Salahonda, Colombia",1995262314968.8828,usp0007c7y
1996-02-03 12:44:30.310000+00:00,1996-02-03,12:44:30,1996,4.8,33.0,2.818,-79.76,mb,"149 km WNW of Mosquera, Colombia",1000000000000.0,usp0007c83
1996-02-05 08:46:11.670000+00:00,1996-02-05,08:46:11,1996,4.4,33.0,-2.306,-77.549,mb,"62 km E of Macas, Ecuador",251188643150.95822,usp0007ccn
1996-02-21 14:00:59.060000+00:00,1996-02-21,14:00:59,1996,4.1,33.0,-5.128,-77.174,mb,"64 km WSW of Barranca, Peru",89125093813.3744,usp0007dmm
1996-02-21 22:16:21.610000+00:00,1996-02-21,22:16:21,1996,4.6,33.0,-1.888,-80.926,mb,"36 km N of Salinas, Ecuador",501187233627.2715,usp0007dnd
1996-03-14 03:12:02.450000+00:00,1996-03-14,03:12:02,1996,4.4,33.0,-3.244,-77.817,mb,"86 km ENE of Gualaquiza, Ecuador",251188643150.95822,usp0007epy
1996-03-26 13:02:07.880000+00:00,1996-03-26,13:02:07,1996,4.3,33.0,-1.4,-77.974,mb,"9 km NNE of Puyo, Ecuador",177827941003.89227,usp0007fau
1996-03-28 23:03:49.810000+00:00,1996-03-28,23:03:49,1996,6.0,33.0,-1.036,-78.737,mwb,"9 km SSW of Pujilí, Ecuador",63095734448019.43,usp0007feq
1996-03-29 13:57:24.480000+00:00,1996-03-29,13:57:24,1996,4.3,33.0,-1.262,-78.54,mb,"7 km N of Pelileo, Ecuador",177827941003.89227,usp0007ffq
1996-04-01 21:37:53.050000+00:00,1996-04-01,21:37:53,1996,4.6,33.0,-2.524,-77.721,mb,Peru-Ecuador border region,501187233627.2715,usp0007fmg
1996-04-19 02:13:01.190000+00:00,1996-04-19,02:13:01,1996,4.0,91.5,-3.781,-80.113,mb,"14 km SE of Matapalo, Peru",63095734448.019424,usp0007gbm
1996-04-27 08:40:41.850000+00:00,1996-04-27,08:40:41,1996,6.2,10.0,2.368,-79.341,mwb,"84 km WNW of Salahonda, Colombia",125892541179417.14,usp0007gns
1996-05-02 10:22:48.540000+00:00,1996-05-02,10:22:48,1996,4.5,33.0,2.462,-79.206,mb,"76 km NW of Salahonda, Colombia",354813389233.57605,usp0007gve
1996-05-06 18:30:57.350000+00:00,1996-05-06,18:30:57,1996,4.5,22.7,-5.731,-77.107,mb,"34 km NNE of Segunda Jerusalén - Azunguillo, Peru",354813389233.57605,usp0007h1e
1996-05-08 09:00:53.750000+00:00,1996-05-08,09:00:53,1996,4.0,33.0,-5.7,-77.603,mb,"35 km E of Yambrasbamba, Peru",63095734448.019424,usp0007h3v
1996-05-08 13:27:52.100000+00:00,1996-05-08,13:27:52,1996,4.3,33.0,-2.629,-77.653,mb,"60 km ESE of Sucúa, Ecuador",177827941003.89227,usp0007h45
1996-05-09 02:18:22.190000+00:00,1996-05-09,02:18:22,1996,4.1,33.0,-0.615,-77.06,mb,"12 km NE of Boca Suno, Ecuador",89125093813.3744,usp0007h4r
1996-05-10 04:35:28.290000+00:00,1996-05-10,04:35:28,1996,4.4,33.0,-2.591,-77.649,mb,"59 km ESE of Sucúa, Ecuador",251188643150.95822,usp0007h6g
1996-05-22 23:30:34.160000+00:00,1996-05-22,23:30:34,1996,4.3,33.0,1.956,-79.596,mb,"91 km WNW of Tumaco, Colombia",177827941003.89227,usp0007hpv
1996-05-29 11:41:26.490000+00:00,1996-05-29,11:41:26,1996,4.4,67.0,-4.008,-80.965,mb,"14 km NE of Máncora, Peru",251188643150.95822,usp0007hx6
1996-06-01 22:34:29.900000+00:00,1996-06-01,22:34:29,1996,4.0,22.5,2.889,-79.632,mb,"137 km WNW of Mosquera, Colombia",63095734448.019424,usp0007j11
1996-06-02 00:45:19.640000+00:00,1996-06-02,00:45:19,1996,4.5,33.0,-5.842,-80.972,mb,"35 km SSW of Sechura, Peru",354813389233.57605,usp0007j16
1996-06-06 15:04:38.230000+00:00,1996-06-06,15:04:38,1996,4.2,33.0,-2.043,-77.103,mb,"103 km ESE of Palora, Ecuador",125892541179.41713,usp0007j7z
1996-06-14 10:04:25.520000+00:00,1996-06-14,10:04:25,1996,4.2,110.6,-3.564,-76.958,mb,"58 km W of Alianza Cristiana, Peru",125892541179.41713,usp0007jr9
1996-06-15 12:32:05.790000+00:00,1996-06-15,12:32:05,1996,4.0,50.0,-2.682,-81.108,mb,"54 km SSW of La Libertad, Ecuador",63095734448.019424,usp0007jt4
1996-06-18 04:49:50.130000+00:00,1996-06-18,04:49:50,1996,4.1,33.0,0.885,-79.9,mb,"28 km WSW of Esmeraldas, Ecuador",89125093813.3744,usp0007jxj
1996-06-18 08:01:29.180000+00:00,1996-06-18,08:01:29,1996,4.3,33.0,0.792,-79.992,mb,"20 km N of Muisne, Ecuador",177827941003.89227,usp0007jxu
1996-06-22 12:50:20.510000+00:00,1996-06-22,12:50:20,1996,4.8,33.0,-5.622,-76.967,mb,"45 km N of Moyobamba, Peru",1000000000000.0,usp0007k40
1996-06-30 11:44:27.480000+00:00,1996-06-30,11:44:27,1996,4.5,33.0,-0.58,-77.101,mb,"13 km NNE of Boca Suno, Ecuador",354813389233.57605,usp0007kgw
1996-07-23 14:52:50.250000+00:00,1996-07-23,14:52:50,1996,4.7,33.0,-2.615,-77.757,mb,"49 km ESE of Sucúa, Ecuador",707945784384.1403,usp0007mg9
1996-07-29 00:28:13.210000+00:00,1996-07-29,00:28:13,1996,4.0,33.0,1.935,-80.633,mb,"153 km NW of Esmeraldas, Ecuador",63095734448.019424,usp0007msw
1996-08-05 09:24:56+00:00,1996-08-05,09:24:56,1996,4.2,33.0,-1.498,-80.432,mb,"6 km N of Paján, Ecuador",125892541179.41713,usp0007n4m
1996-08-05 21:39:16.250000+00:00,1996-08-05,21:39:16,1996,6.3,33.0,-1.996,-81.001,mwc,"24 km NNW of Salinas, Ecuador",177827941003892.28,usp0007n5h
1996-08-08 02:15:36.750000+00:00,1996-08-08,02:15:36,1996,4.5,118.6,-2.026,-79.218,mb,"27 km SSE of Montalvo, Ecuador",354813389233.57605,usp0007n8a
1996-08-12 21:17:17.420000+00:00,1996-08-12,21:17:17,1996,4.4,25.0,-5.54,-77.1,mb,"53 km NNE of Segunda Jerusalén - Azunguillo, Peru",251188643150.95822,usp0007ng0
1996-08-25 14:09:03.260000+00:00,1996-08-25,14:09:03,1996,5.5,50.7,-1.084,-78.674,mwc,"10 km WSW of San Miguel de Salcedo, Ecuador",11220184543019.652,usp0007p1p
1996-08-27 15:01:14.710000+00:00,1996-08-27,15:01:14,1996,4.3,33.0,-3.219,-78.395,mb,"29 km NE of Gualaquiza, Ecuador",177827941003.89227,usp0007p49
1996-09-14 01:41:29.450000+00:00,1996-09-14,01:41:29,1996,4.9,33.0,-5.286,-75.156,mb,"57 km E of Lagunas, Peru",1412537544622.7554,usp0007px8
1996-09-25 17:30:32.910000+00:00,1996-09-25,17:30:32,1996,4.8,100.3,-4.041,-79.219,mb,"5 km SSW of Loja, Ecuador",1000000000000.0,usp0007qfq
1996-10-01 21:57:38.570000+00:00,1996-10-01,21:57:38,1996,4.6,150.0,-1.897,-77.02,mb,"107 km ESE of Palora, Ecuador",501187233627.2715,usp0007qty
1996-10-06 15:25:12.390000+00:00,1996-10-06,15:25:12,1996,4.7,33.0,-5.843,-80.998,mb,"37 km SSW of Sechura, Peru",707945784384.1403,usp0007r0m
1996-11-09 09:05:08.020000+00:00,1996-11-09,09:05:08,1996,4.9,33.0,-0.619,-80.935,mb,"45 km NNW of Manta, Ecuador",1412537544622.7554,usp0007sr5
1996-11-16 11:13:00.750000+00:00,1996-11-16,11:13:00,1996,4.0,200.0,-1.461,-77.759,mb,"27 km E of Puyo, Ecuador",63095734448.019424,usp0007t3m
1996-12-06 22:50:31.140000+00:00,1996-12-06,22:50:31,1996,4.2,49.3,-4.341,-80.685,mb,"24 km ESE of La Breita, Peru",125892541179.41713,usp0007u22
1996-12-09 11:01:52.510000+00:00,1996-12-09,11:01:52,1996,4.2,33.0,-5.79,-76.088,mb,"12 km NNE of Yurimaguas, Peru",125892541179.41713,usp0007u62
1996-12-09 13:06:52.660000+00:00,1996-12-09,13:06:52,1996,4.5,33.0,-0.32,-80.649,mb,"39 km NW of Bahía de Caráquez, Ecuador",354813389233.57605,usp0007u6e
1996-12-09 13:25:20.300000+00:00,1996-12-09,13:25:20,1996,4.4,145.1,-1.703,-77.794,mb,"19 km E of Palora, Ecuador",251188643150.95822,usp0007u6f
1996-12-14 22:18:18.430000+00:00,1996-12-14,22:18:18,1996,4.7,95.9,-5.474,-79.828,mb,"26 km WSW of Canchaque, Peru",707945784384.1403,usp0007uff
1996-12-14 23:25:40.330000+00:00,1996-12-14,23:25:40,1996,4.6,33.0,-2.677,-77.728,mb,"54 km ESE of Sucúa, Ecuador",501187233627.2715,usp0007ufh
1996-12-15 23:30:11.380000+00:00,1996-12-15,23:30:11,1996,4.7,33.0,-0.237,-80.684,mb,"49 km NW of Bahía de Caráquez, Ecuador",707945784384.1403,usp0007uh6
1996-12-16 01:46:38.320000+00:00,1996-12-16,01:46:38,1996,5.5,33.0,-0.236,-80.727,mwc,near the coast of Ecuador,11220184543019.652,usp0007uha
1996-12-17 07:32:53.890000+00:00,1996-12-17,07:32:53,1996,4.6,33.0,-0.427,-80.871,mb,"53 km WNW of Bahía de Caráquez, Ecuador",501187233627.2715,usp0007uk3
1996-12-19 13:46:41.920000+00:00,1996-12-19,13:46:41,1996,4.2,33.0,2.898,-79.165,mb,"90 km WNW of Mosquera, Colombia",125892541179.41713,usp0007upb
1996-12-27 15:08:55.980000+00:00,1996-12-27,15:08:55,1996,4.9,41.7,-5.839,-77.327,mb,"17 km NNW of Segunda Jerusalén - Azunguillo, Peru",1412537544622.7554,usp0007v2w
1997-01-07 02:12:29.690000+00:00,1997-01-07,02:12:29,1997,4.9,33.0,-5.802,-77.265,mb,"20 km N of Segunda Jerusalén - Azunguillo, Peru",1412537544622.7554,usp0007vjs
1997-01-10 11:47:49.590000+00:00,1997-01-10,11:47:49,1997,4.7,33.0,-5.808,-80.959,mb,"31 km SSW of Sechura, Peru",707945784384.1403,usp0007vq1
1997-02-01 23:44:14.460000+00:00,1997-02-01,23:44:14,1997,4.4,33.0,2.225,-80.463,mb,"166 km NNW of Esmeraldas, Ecuador",251188643150.95822,usp0007wn5
1997-02-04 13:14:35.120000+00:00,1997-02-04,13:14:35,1997,4.1,33.0,-2.61,-77.822,mb,"42 km ESE of Sucúa, Ecuador",89125093813.3744,usp0007wrz
1997-03-03 20:40:43.640000+00:00,1997-03-03,20:40:43,1997,4.0,33.0,-4.624,-76.603,mb,"24 km NNE of Barranca, Peru",63095734448.019424,usp0007y7h
1997-03-05 02:28:55.310000+00:00,1997-03-05,02:28:55,1997,5.3,37.2,-3.687,-80.556,ms,"13 km E of Zorritos, Peru",5623413251903.491,usp0007y9k
1997-03-17 19:58:38.070000+00:00,1997-03-17,19:58:38,1997,4.3,100.0,-4.499,-75.75,mb,"80 km N of Lagunas, Peru",177827941003.89227,usp0007yzp
1997-04-06 17:24:56.840000+00:00,1997-04-06,17:24:56,1997,5.2,33.0,-2.788,-77.837,mb,"52 km SE of Sucúa, Ecuador",3981071705534.9854,usp000802h
1997-05-21 20:42:27.360000+00:00,1997-05-21,20:42:27,1997,4.3,52.3,-2.826,-77.998,mb,"44 km SSE of Sucúa, Ecuador",177827941003.89227,usp00082n8
1997-05-25 22:22:43.710000+00:00,1997-05-25,22:22:43,1997,4.5,83.5,-1.946,-79.605,mb,"10 km WSW of Alfredo Baquerizo Moreno, Ecuador",354813389233.57605,usp00082ue
1997-06-16 09:25:22.390000+00:00,1997-06-16,09:25:22,1997,4.5,187.1,-1.292,-77.694,mb,"35 km SSE of Tena, Ecuador",354813389233.57605,usp00083k9
1997-06-26 01:31:10.280000+00:00,1997-06-26,01:31:10,1997,4.4,33.0,2.027,-79.846,mb,"119 km N of Esmeraldas, Ecuador",251188643150.95822,usp00083zb
1997-06-26 18:21:47.770000+00:00,1997-06-26,18:21:47,1997,4.2,61.6,-2.522,-79.659,mb,"17 km NNW of Naranjal, Ecuador",125892541179.41713,usp000840k
1997-06-30 18:56:27.480000+00:00,1997-06-30,18:56:27,1997,5.8,33.0,-4.161,-80.926,mwc,"11 km NNW of La Breita, Peru",31622776601683.793,usp000845z
1997-07-11 06:14:54.190000+00:00,1997-07-11,06:14:54,1997,4.1,30.1,2.538,-79.536,mb,"112 km WNW of Salahonda, Colombia",89125093813.3744,usp00084px
1997-07-13 23:51:11.600000+00:00,1997-07-13,23:51:11,1997,4.3,33.0,-1.267,-80.485,mb,"7 km W of Sucre, Ecuador",177827941003.89227,usp00084u5
1997-07-31 04:43:22.320000+00:00,1997-07-31,04:43:22,1997,4.1,50.0,-5.838,-75.364,mb,"69 km NE of Navarro, Peru",89125093813.3744,usp00085m2
1997-08-09 21:19:52.680000+00:00,1997-08-09,21:19:52,1997,4.4,116.4,-5.548,-76.878,mb,"54 km N of Moyobamba, Peru",251188643150.95822,usp000860d
1997-08-11 12:55:04.180000+00:00,1997-08-11,12:55:04,1997,5.0,35.4,-2.93,-77.806,mb,"66 km SE of Sucúa, Ecuador",1995262314968.8828,usp0008638
1997-08-15 22:53:31.260000+00:00,1997-08-15,22:53:31,1997,5.7,33.0,-5.899,-81.03,mwc,"44 km SSW of Sechura, Peru",22387211385683.47,usp000869c
1997-08-21 23:17:36.140000+00:00,1997-08-21,23:17:36,1997,4.3,33.0,-2.464,-77.556,mb,"64 km ESE of Macas, Ecuador",177827941003.89227,usp00086jr
1997-08-26 14:27:00.910000+00:00,1997-08-26,14:27:00,1997,4.8,33.0,-5.593,-81.327,mb,"56 km W of Sechura, Peru",1000000000000.0,usp00086r7
1997-08-30 06:49:27.470000+00:00,1997-08-30,06:49:27,1997,4.5,33.0,-2.783,-80.493,mb,"20 km SW of Playas, Ecuador",354813389233.57605,usp00086w8
1997-09-07 02:45:59.630000+00:00,1997-09-07,02:45:59,1997,4.9,10.0,2.626,-79.821,mb,"144 km WNW of Salahonda, Colombia",1412537544622.7554,usp000877w
1997-09-08 14:23:55.050000+00:00,1997-09-08,14:23:55,1997,4.4,33.0,-3.502,-81.662,mb,"95 km NW of Máncora, Peru",251188643150.95822,usp00087a0
1997-09-08 20:48:26.020000+00:00,1997-09-08,20:48:26,1997,4.8,10.0,2.644,-79.814,mb,"144 km WNW of Salahonda, Colombia",1000000000000.0,usp00087af
1997-09-09 16:17:39.430000+00:00,1997-09-09,16:17:39,1997,4.1,33.0,0.717,-80.438,mb,"48 km WNW of Muisne, Ecuador",89125093813.3744,usp00087bc
1997-09-09 18:54:15.950000+00:00,1997-09-09,18:54:15,1997,4.5,119.0,-5.75,-76.276,mb,"23 km NW of Yurimaguas, Peru",354813389233.57605,usp00087bk
1997-10-05 00:54:57.870000+00:00,1997-10-05,00:54:57,1997,5.3,10.0,2.62,-79.789,mwc,"141 km WNW of Salahonda, Colombia",5623413251903.491,usp00088j4
1997-10-18 11:06:30.600000+00:00,1997-10-18,11:06:30,1997,4.7,10.0,2.725,-79.69,mb,"137 km WNW of Salahonda, Colombia",707945784384.1403,usp000898w
1997-10-28 06:15:17.330000+00:00,1997-10-28,06:15:17,1997,7.2,112.0,-4.368,-76.681,mwc,"51 km N of Barranca, Peru",3981071705534985.5,usp00089q2
1997-11-05 10:37:52.780000+00:00,1997-11-05,10:37:52,1997,4.7,107.9,-2.396,-78.751,mb,"23 km SSE of Alausí, Ecuador",707945784384.1403,usp0008a4a
1998-01-17 03:17:29.490000+00:00,1998-01-17,03:17:29,1998,5.0,100.0,-2.227,-80.02,mb,"5 km SSW of Santa Lucía, Ecuador",1995262314968.8828,usp0008ege
1998-03-17 10:03:28.220000+00:00,1998-03-17,10:03:28,1998,4.0,100.0,-3.907,-77.146,mb,"92 km WSW of Alianza Cristiana, Peru",63095734448.019424,usp0008hkv
1998-03-21 02:18:54+00:00,1998-03-21,02:18:54,1998,5.0,33.0,-4.253,-80.709,mb,"19 km S of Papayal, Peru",1995262314968.8828,usp0008hsj
1998-03-26 16:12:50.410000+00:00,1998-03-26,16:12:50,1998,4.2,100.0,-3.119,-79.667,mb,"27 km NE of Pasaje, Ecuador",125892541179.41713,usp0008j2v
1998-03-28 19:59:11.040000+00:00,1998-03-28,19:59:11,1998,4.7,33.0,-5.791,-80.684,mb,"30 km SSE of Sechura, Peru",707945784384.1403,usp0008j63
1998-04-04 14:42:52.550000+00:00,1998-04-04,14:42:52,1998,5.1,114.2,-3.716,-77.388,mwc,"109 km WSW of Alianza Cristiana, Peru",2818382931264.449,usp0008jjd
1998-05-26 23:30:06.050000+00:00,1998-05-26,23:30:06,1998,4.0,33.0,-0.548,-80.418,mb,"5 km N of Bahía de Caráquez, Ecuador",63095734448.019424,usp0008nry
1998-05-29 03:51:28.170000+00:00,1998-05-29,03:51:28,1998,4.7,102.2,-3.575,-78.908,mb,"32 km NNW of Yantzaza, Ecuador",707945784384.1403,usp0008nx3
1998-06-22 07:03:13.270000+00:00,1998-06-22,07:03:13,1998,4.5,142.4,2.722,-76.81,mb,"20 km W of Morales, Colombia",354813389233.57605,usp0008q9d
1998-07-01 14:57:15.560000+00:00,1998-07-01,14:57:15,1998,5.2,33.0,-1.222,-80.95,mwc,"37 km WSW of Montecristi, Ecuador",3981071705534.9854,usp0008qt1
1998-07-03 16:41:47.580000+00:00,1998-07-03,16:41:47,1998,4.6,78.9,-3.954,-80.259,mb,"30 km SSW of Matapalo, Peru",501187233627.2715,usp0008qwn
1998-07-06 08:59:50.340000+00:00,1998-07-06,08:59:50,1998,4.2,33.0,-1.887,-81.087,mb,"39 km NNW of Salinas, Ecuador",125892541179.41713,usp0008r1d
1998-07-06 09:31:28.670000+00:00,1998-07-06,09:31:28,1998,4.4,33.0,-1.585,-80.892,mb,"43 km SW of Jipijapa, Ecuador",251188643150.95822,usp0008r1j
1998-07-12 08:02:10.640000+00:00,1998-07-12,08:02:10,1998,4.3,33.0,-4.669,-79.913,mb,"14 km NNE of Sapillica, Peru",177827941003.89227,usp0008rc7
1998-07-18 21:39:02.370000+00:00,1998-07-18,21:39:02,1998,4.2,33.0,-1.777,-80.37,mb,"15 km WNW of Pedro Carbo, Ecuador",125892541179.41713,usp0008ru6
1998-07-18 23:51:27.050000+00:00,1998-07-18,23:51:27,1998,4.6,33.0,1.082,-77.993,mb,"14 km S of Ricaurte, Colombia",501187233627.2715,usp0008ruc
1998-07-19 18:15:09.460000+00:00,1998-07-19,18:15:09,1998,4.4,33.0,-5.993,-76.89,mb,"10 km ENE of Moyobamba, Peru",251188643150.95822,usp0008rvt
1998-07-31 12:32:00+00:00,1998-07-31,12:32:00,1998,4.4,33.0,0.31,-80.004,mb,"26 km NNE of Pedernales, Ecuador",251188643150.95822,usp0008shq
1998-08-04 17:35:04.730000+00:00,1998-08-04,17:35:04,1998,5.4,33.0,-0.609,-80.399,mb,"3 km ESE of Bahía de Caráquez, Ecuador",7943282347242.8545,usp0008ss4
1998-08-04 18:59:20.100000+00:00,1998-08-04,18:59:20,1998,7.2,33.0,-0.593,-80.393,mwc,"3 km E of Bahía de Caráquez, Ecuador",3981071705534985.5,usp0008ssb
1998-08-04 20:04:09.570000+00:00,1998-08-04,20:04:09,1998,4.6,33.0,-0.853,-79.92,mb,"25 km SE of Chone, Ecuador",501187233627.2715,usp0008sse
1998-08-04 22:55:28.160000+00:00,1998-08-04,22:55:28,1998,4.4,33.0,-0.319,-80.319,mb,"32 km NNE of Bahía de Caráquez, Ecuador",251188643150.95822,usp0008ssn
1998-08-06 11:02:28.900000+00:00,1998-08-06,11:02:28,1998,4.0,33.0,-0.069,-80.405,mb,"42 km WSW of Pedernales, Ecuador",63095734448.019424,usp0008sv6
1998-08-07 03:06:39+00:00,1998-08-07,03:06:39,1998,4.1,33.0,-0.916,-80.881,mb,"19 km WNW of Manta, Ecuador",89125093813.3744,usp0008sw6
1998-08-07 05:50:42.080000+00:00,1998-08-07,05:50:42,1998,4.6,33.0,-0.811,-80.417,mb,"12 km NNE of Rocafuerte, Ecuador",501187233627.2715,usp0008swe
1998-08-09 22:35:24.880000+00:00,1998-08-09,22:35:24,1998,4.5,33.0,-0.798,-80.985,mb,"35 km WNW of Manta, Ecuador",354813389233.57605,usp0008t1c
1998-08-20 20:46:24.110000+00:00,1998-08-20,20:46:24,1998,4.2,33.0,-5.508,-77.464,mb,"56 km ENE of Yambrasbamba, Peru",125892541179.41713,usp0008tkk
1998-08-22 00:27:29.200000+00:00,1998-08-22,00:27:29,1998,4.3,33.0,0.913,-79.199,mb,"44 km SSW of Valdez, Ecuador",177827941003.89227,usp0008tnt
1998-09-07 20:55:19.510000+00:00,1998-09-07,20:55:19,1998,4.6,103.1,-3.908,-76.929,mb,"72 km SW of Alianza Cristiana, Peru",501187233627.2715,usp0008ukf
1998-09-13 05:12:32.720000+00:00,1998-09-13,05:12:32,1998,4.3,33.0,-1.285,-81.662,mb,"111 km WSW of Manta, Ecuador",177827941003.89227,usp0008uv9
1998-09-16 11:28:56.110000+00:00,1998-09-16,11:28:56,1998,4.9,104.2,-3.242,-79.348,mb,"51 km E of Pasaje, Ecuador",1412537544622.7554,usp0008v0z
1998-09-21 03:02:23.840000+00:00,1998-09-21,03:02:23,1998,4.1,176.6,-2.139,-77.166,mb,"101 km ESE of Palora, Ecuador",89125093813.3744,usp0008v9f
1998-09-23 09:35:41.960000+00:00,1998-09-23,09:35:41,1998,4.8,33.0,-5.379,-76.768,mb,"61 km S of Barranca, Peru",1000000000000.0,usp0008vd3
1998-10-07 22:46:41.300000+00:00,1998-10-07,22:46:41,1998,4.6,47.7,-5.062,-77.874,mb,"74 km N of Yambrasbamba, Peru",501187233627.2715,usp0008w5d
1998-10-16 04:17:19.730000+00:00,1998-10-16,04:17:19,1998,4.4,33.0,-1.223,-79.049,mb,"36 km SSE of La Maná, Ecuador",251188643150.95822,usp0008wk9
1998-10-23 01:48:51.600000+00:00,1998-10-23,01:48:51,1998,5.4,146.8,-2.423,-76.359,mwc,"116 km N of Alianza Cristiana, Peru",7943282347242.8545,usp0008wx4
1998-11-15 23:54:46.760000+00:00,1998-11-15,23:54:46,1998,4.4,100.0,-3.851,-76.803,mb,"58 km SW of Alianza Cristiana, Peru",251188643150.95822,usp0008y99
1998-12-21 18:13:32.810000+00:00,1998-12-21,18:13:32,1998,4.1,100.0,0.405,-79.665,mb,"22 km WNW of Rosa Zarate, Ecuador",89125093813.3744,usp0008zz9
1998-12-30 03:32:37.360000+00:00,1998-12-30,03:32:37,1998,5.4,168.6,-1.646,-77.881,mwc,"11 km ENE of Palora, Ecuador",7943282347242.8545,usp00090c3
1999-02-09 11:33:29.300000+00:00,1999-02-09,11:33:29,1999,4.1,33.0,-4.778,-77.613,mb,"104 km W of Barranca, Peru",89125093813.3744,usp00092he
1999-02-18 12:02:58.610000+00:00,1999-02-18,12:02:58,1999,5.0,66.6,-2.181,-79.595,mb,"5 km S of Milagro, Ecuador",1995262314968.8828,usp000930x
1999-03-11 16:56:34.670000+00:00,1999-03-11,16:56:34,1999,4.9,33.0,2.646,-79.823,mwc,"145 km WNW of Salahonda, Colombia",1412537544622.7554,usp00094aq
1999-04-18 05:49:40.070000+00:00,1999-04-18,05:49:40,1999,4.4,33.0,2.457,-80.037,mb,"156 km WNW of Tumaco, Colombia",251188643150.95822,usp00096gt
1999-04-21 11:29:26.660000+00:00,1999-04-21,11:29:26,1999,4.2,54.4,-0.26,-77.307,mb,"42 km WNW of Puerto Francisco de Orellana, Ecuador",125892541179.41713,usp00096ns
1999-04-26 18:17:26.220000+00:00,1999-04-26,18:17:26,1999,6.0,172.6,-1.648,-77.783,mwc,"21 km ENE of Palora, Ecuador",63095734448019.43,usp00096xa
1999-05-17 07:14:20.750000+00:00,1999-05-17,07:14:20,1999,4.3,33.0,2.856,-79.713,mb,"145 km WNW of Mosquera, Colombia",177827941003.89227,usp000985j
1999-05-23 10:26:53.310000+00:00,1999-05-23,10:26:53,1999,4.1,204.6,-1.502,-77.59,mb,"45 km E of Puyo, Ecuador",89125093813.3744,usp00098kp
1999-05-25 02:15:58.570000+00:00,1999-05-25,02:15:58,1999,4.6,33.0,-0.799,-80.348,mb,"12 km W of Tosagua, Ecuador",501187233627.2715,usp00098pu
1999-05-25 02:18:11.430000+00:00,1999-05-25,02:18:11,1999,4.7,33.0,-4.286,-80.645,mb,"25 km SSE of Papayal, Peru",707945784384.1403,usp00098pv
1999-06-27 00:31:08.480000+00:00,1999-06-27,00:31:08,1999,4.6,33.0,-5.01,-81.058,mb,"2 km NNE of Salinera Colán, Peru",501187233627.2715,usp0009ama
1999-07-07 23:37:58.390000+00:00,1999-07-07,23:37:58,1999,4.0,28.6,-3.547,-81.829,mb,"104 km NW of El Alto, Peru",63095734448.019424,usp0009b8k
1999-07-28 20:05:04.120000+00:00,1999-07-28,20:05:04,1999,4.3,12.0,2.036,-75.794,ml,"3 km SSW of Altamira, Colombia",177827941003.89227,usp0009c81
1999-08-03 15:58:57.600000+00:00,1999-08-03,15:58:57,1999,5.9,88.1,-3.453,-79.162,mwc,"56 km ENE of Zaruma, Ecuador",44668359215096.53,usp0009cjc
1999-08-06 00:53:16.810000+00:00,1999-08-06,00:53:16,1999,4.2,96.5,0.748,-79.25,mb,"50 km ESE of Esmeraldas, Ecuador",125892541179.41713,usp0009cpa
1999-08-19 02:21:27.330000+00:00,1999-08-19,02:21:27,1999,4.5,33.0,-2.894,-78.077,mb,"49 km SSE of Sucúa, Ecuador",354813389233.57605,usp0009dac
1999-08-28 02:52:10.280000+00:00,1999-08-28,02:52:10,1999,4.6,33.0,0.747,-80.102,mb,"17 km NNW of Muisne, Ecuador",501187233627.2715,usp0009dr2
1999-08-28 12:40:06.190000+00:00,1999-08-28,12:40:06,1999,6.3,196.4,-1.287,-77.549,mwb,"43 km SE of Tena, Ecuador",177827941003892.28,usp0009drq
1999-09-01 02:54:22.270000+00:00,1999-09-01,02:54:22,1999,4.8,33.0,2.599,-79.802,mb,"141 km WNW of Salahonda, Colombia",1000000000000.0,usp0009dwe
1999-09-10 13:48:41.260000+00:00,1999-09-10,13:48:41,1999,4.5,33.0,-5.532,-78.131,mb,"32 km NW of Yambrasbamba, Peru",354813389233.57605,usp0009e9g
1999-09-17 08:54:23.970000+00:00,1999-09-17,08:54:23,1999,4.8,10.0,-1.076,-78.491,mb,"11 km ESE of San Miguel de Salcedo, Ecuador",1000000000000.0,usp0009ehp
1999-10-12 13:09:10.810000+00:00,1999-10-12,13:09:10,1999,4.9,78.2,-3.597,-79.455,mb,"20 km ENE of Zaruma, Ecuador",1412537544622.7554,usp0009frt
1999-10-21 06:36:16+00:00,1999-10-21,06:36:16,1999,4.8,166.0,-1.606,-78.082,mb,"16 km SSW of Puyo, Ecuador",1000000000000.0,usp0009gbs
1999-11-06 16:46:00.980000+00:00,1999-11-06,16:46:00,1999,4.8,44.6,-5.07,-80.651,mb,"12 km N of San Martin, Peru",1000000000000.0,usp0009h68
1999-11-13 04:02:40.740000+00:00,1999-11-13,04:02:40,1999,4.3,33.0,2.695,-79.71,mb,"137 km WNW of Salahonda, Colombia",177827941003.89227,usp0009hgx
1999-11-14 17:14:21.920000+00:00,1999-11-14,17:14:21,1999,4.2,175.7,-1.453,-77.672,mb,"36 km E of Puyo, Ecuador",125892541179.41713,usp0009hmz
1999-12-27 23:22:54.120000+00:00,1999-12-27,23:22:54,1999,4.5,33.0,-2.232,-79.854,mb,"5 km SE of Guayaquil, Ecuador",354813389233.57605,usp0009kch
2000-01-15 19:51:28.990000+00:00,2000-01-15,19:51:28,2000,4.4,105.8,-5.232,-78.903,mb,"14 km SE of San Ignacio, Peru",251188643150.95822,usp0009m68
2000-01-31 07:55:16.070000+00:00,2000-01-31,07:55:16,2000,4.4,33.0,0.179,-80.141,mb,"15 km NW of Pedernales, Ecuador",251188643150.95822,usp0009mvt
2000-01-31 10:32:13.270000+00:00,2000-01-31,10:32:13,2000,4.8,33.0,0.214,-80.132,mb,"18 km NNW of Pedernales, Ecuador",1000000000000.0,usp0009mw2
2000-01-31 23:05:22.010000+00:00,2000-01-31,23:05:22,2000,4.5,33.0,-1.203,-80.716,mb,"18 km SSW of Montecristi, Ecuador",354813389233.57605,usp0009mws
2000-02-02 23:40:20.020000+00:00,2000-02-02,23:40:20,2000,4.5,62.0,2.082,-76.519,mb,Colombia,354813389233.57605,usp0009mz9
2000-02-06 07:12:38.450000+00:00,2000-02-06,07:12:38,2000,4.8,74.6,-4.257,-80.361,mb,"45 km NNW of Las Lomas, Peru",1000000000000.0,usp0009n41
2000-02-08 07:09:14.240000+00:00,2000-02-08,07:09:14,2000,4.7,73.9,-4.29,-80.381,mb,"42 km NNW of Las Lomas, Peru",707945784384.1403,usp0009n6u
2000-02-14 17:51:55.110000+00:00,2000-02-14,17:51:55,2000,4.8,33.0,-5.643,-77.296,mb,"38 km N of Segunda Jerusalén - Azunguillo, Peru",1000000000000.0,usp0009nfj
2000-02-17 03:34:11.520000+00:00,2000-02-17,03:34:11,2000,4.2,33.0,-4.485,-78.309,mb,"85 km ESE of Zamora, Ecuador",125892541179.41713,usp0009njn
2000-02-27 22:20:15.930000+00:00,2000-02-27,22:20:15,2000,4.2,100.0,-5.429,-80.47,mb,"29 km SE of Catacaos, Peru",125892541179.41713,usp0009p1n
2000-03-23 16:58:49.320000+00:00,2000-03-23,16:58:49,2000,4.3,33.0,-1.362,-76.398,mb,"110 km SE of Boca Suno, Ecuador",177827941003.89227,usp0009q2f
2000-03-25 12:40:17.200000+00:00,2000-03-25,12:40:17,2000,4.0,160.3,-1.562,-77.749,mb,"28 km ENE of Palora, Ecuador",63095734448.019424,usp0009q58
2000-03-27 09:54:18.930000+00:00,2000-03-27,09:54:18,2000,4.5,76.4,-5.428,-79.779,mb,"19 km WSW of Canchaque, Peru",354813389233.57605,usp0009q95
2000-03-28 23:28:47.530000+00:00,2000-03-28,23:28:47,2000,4.4,33.0,-2.639,-75.299,mb,"156 km NE of Alianza Cristiana, Peru",251188643150.95822,usp0009qd1
2000-04-14 11:59:51.150000+00:00,2000-04-14,11:59:51,2000,4.1,54.3,-2.991,-79.575,mb,"28 km ESE of Baláo, Ecuador",89125093813.3744,usp0009r9h
2000-04-16 18:29:57.380000+00:00,2000-04-16,18:29:57,2000,4.4,33.0,-3.844,-81.051,mb,"29 km N of Máncora, Peru",251188643150.95822,usp0009rd0
2000-05-13 23:49:52.390000+00:00,2000-05-13,23:49:52,2000,4.4,74.6,-2.617,-80.164,mb,"24 km E of Playas, Ecuador",251188643150.95822,usp0009swu
2000-05-15 22:58:04.980000+00:00,2000-05-15,22:58:04,2000,4.5,33.0,-0.91,-78.859,mb,"18 km WNW of Pujilí, Ecuador",354813389233.57605,usp0009t15
2000-05-22 13:15:08.960000+00:00,2000-05-22,13:15:08,2000,5.8,33.0,-4.096,-81.096,mwc,"5 km WNW of Máncora, Peru",31622776601683.793,usp0009tb1
2000-05-23 16:36:46.070000+00:00,2000-05-23,16:36:46,2000,5.2,33.0,2.122,-78.388,mwc,"31 km ENE of Salahonda, Colombia",3981071705534.9854,usp0009tcs
2000-05-24 10:36:02.090000+00:00,2000-05-24,10:36:02,2000,4.4,33.0,1.925,-80.0,mb,"113 km NNW of Esmeraldas, Ecuador",251188643150.95822,usp0009tdv
2000-06-09 15:09:10.100000+00:00,2000-06-09,15:09:10,2000,4.7,33.0,2.457,-79.443,mb,"98 km WNW of Salahonda, Colombia",707945784384.1403,usp0009uan
2000-06-14 04:17:48.940000+00:00,2000-06-14,04:17:48,2000,4.3,33.0,-0.297,-79.076,mb,"12 km ESE of Santo Domingo de los Colorados, Ecuador",177827941003.89227,usp0009uj2
2000-06-26 19:43:18.730000+00:00,2000-06-26,19:43:18,2000,4.0,208.0,-1.231,-77.316,mb,"61 km ESE of Tena, Ecuador",63095734448.019424,usp0009v5g
2000-06-27 07:10:29.550000+00:00,2000-06-27,07:10:29,2000,5.2,142.7,1.464,-77.414,mb,"3 km ENE of El Peñol, Colombia",3981071705534.9854,usp0009v6b
2000-08-05 19:25:59.110000+00:00,2000-08-05,19:25:59,2000,4.6,33.0,-5.266,-77.799,mb,"53 km NNE of Yambrasbamba, Peru",501187233627.2715,usp0009xz6
2000-08-06 05:15:41.320000+00:00,2000-08-06,05:15:41,2000,4.9,33.0,-5.249,-77.832,mb,"54 km N of Yambrasbamba, Peru",1412537544622.7554,usp0009xzs
2000-08-11 02:52:42.250000+00:00,2000-08-11,02:52:42,2000,4.4,33.0,2.275,-79.501,ml,"95 km NW of Tumaco, Colombia",251188643150.95822,usp0009y8z
2000-08-12 02:52:47.800000+00:00,2000-08-12,02:52:47,2000,4.5,33.0,2.301,-78.764,mb,"31 km NNW of Salahonda, Colombia",354813389233.57605,usp0009yaa
2000-08-13 04:19:02.090000+00:00,2000-08-13,04:19:02,2000,5.1,33.0,-5.174,-77.76,mb,"64 km NNE of Yambrasbamba, Peru",2818382931264.449,usp0009ybz
2000-08-14 04:05:02.070000+00:00,2000-08-14,04:05:02,2000,4.5,81.7,-2.159,-80.319,mb,"35 km W of Santa Lucía, Ecuador",354813389233.57605,usp0009ydw
2000-08-19 00:50:50.420000+00:00,2000-08-19,00:50:50,2000,4.1,33.0,-5.108,-80.856,mb,"22 km WNW of San Martin, Peru",89125093813.3744,usp0009yrk
2000-09-02 04:05:11.520000+00:00,2000-09-02,04:05:11,2000,4.4,100.0,-5.952,-78.231,mb,"25 km NW of Santa Catalina, Peru",251188643150.95822,usp0009zja
2000-09-03 07:04:17+00:00,2000-09-03,07:04:17,2000,4.4,44.4,-5.447,-77.451,mb,"61 km ENE of Yambrasbamba, Peru",251188643150.95822,usp0009zmf
2000-09-04 05:33:44.660000+00:00,2000-09-04,05:33:44,2000,4.4,33.0,1.9,-80.006,mb,"111 km NNW of Esmeraldas, Ecuador",251188643150.95822,usp0009zps
2000-09-08 10:26:22.780000+00:00,2000-09-08,10:26:22,2000,4.7,33.0,-4.479,-80.85,mb,"24 km S of La Breita, Peru",707945784384.1403,usp0009zwb
2000-09-10 04:37:29.820000+00:00,2000-09-10,04:37:29,2000,4.6,33.0,-3.398,-77.678,mb,"100 km E of Gualaquiza, Ecuador",501187233627.2715,usp0009zzm
2000-09-14 12:46:16.630000+00:00,2000-09-14,12:46:16,2000,4.1,33.0,-0.547,-79.326,mb,"36 km SSW of Santo Domingo de los Colorados, Ecuador",89125093813.3744,usp000a08a
2000-09-18 13:07:32.860000+00:00,2000-09-18,13:07:32,2000,4.1,175.1,-1.734,-78.139,mb,"19 km W of Palora, Ecuador",89125093813.3744,usp000a0fm
2000-09-20 08:37:16.300000+00:00,2000-09-20,08:37:16,2000,5.5,33.0,-1.885,-80.461,mwc,"26 km WSW of Pedro Carbo, Ecuador",11220184543019.652,usp000a0jh
2000-09-23 02:31:54.730000+00:00,2000-09-23,02:31:54,2000,4.6,33.0,-5.154,-76.631,mb,"35 km S of Barranca, Peru",501187233627.2715,usp000a0ph
2000-09-28 05:51:23.960000+00:00,2000-09-28,05:51:23,2000,4.4,33.0,-0.478,-80.692,mb,"32 km WNW of Bahía de Caráquez, Ecuador",251188643150.95822,usp000a0xt
2000-09-28 23:23:43.350000+00:00,2000-09-28,23:23:43,2000,6.4,22.9,-0.215,-80.582,mwc,"45 km NNW of Bahía de Caráquez, Ecuador",251188643150959.25,usp000a0z2
2000-09-29 05:27:46.610000+00:00,2000-09-29,05:27:46,2000,4.0,158.9,-2.936,-76.989,mb,"85 km NW of Alianza Cristiana, Peru",63095734448.019424,usp000a0zd
2000-09-29 23:38:30.440000+00:00,2000-09-29,23:38:30,2000,5.0,10.0,-0.333,-80.735,mb,near the coast of Ecuador,1995262314968.8828,usp000a10u
2000-10-01 07:12:29.900000+00:00,2000-10-01,07:12:29,2000,4.7,33.0,-0.412,-80.902,mb,"57 km WNW of Bahía de Caráquez, Ecuador",707945784384.1403,usp000a138
2000-10-07 00:00:05.440000+00:00,2000-10-07,00:00:05,2000,4.6,94.1,-3.166,-78.434,mb,"30 km NNE of Gualaquiza, Ecuador",501187233627.2715,usp000a1cg
2000-10-08 11:20:58.940000+00:00,2000-10-08,11:20:58,2000,4.3,33.0,-0.454,-81.061,mb,"68 km NW of Manta, Ecuador",177827941003.89227,usp000a1f8
2000-10-08 20:12:32.350000+00:00,2000-10-08,20:12:32,2000,5.1,33.0,0.383,-78.09,mwc,Colombia-Ecuador border region,2818382931264.449,usp000a1g0
2000-10-12 11:00:58.430000+00:00,2000-10-12,11:00:58,2000,4.8,37.8,-0.126,-80.586,mb,"55 km NNW of Bahía de Caráquez, Ecuador",1000000000000.0,usp000a1nt
2000-10-17 19:27:55.440000+00:00,2000-10-17,19:27:55,2000,5.1,33.0,-0.339,-80.825,mb,"53 km WNW of Bahía de Caráquez, Ecuador",2818382931264.449,usp000a1zd
2000-11-05 17:49:19.500000+00:00,2000-11-05,17:49:19,2000,4.2,33.0,-3.378,-77.431,mb,"111 km W of Alianza Cristiana, Peru",125892541179.41713,usp000a30j
2000-11-14 20:54:21+00:00,2000-11-14,20:54:21,2000,4.2,30.1,1.23,-77.55,ml,"5 km SW of Ancuya, Colombia",125892541179.41713,usp000a3ma
2000-11-19 15:05:18.610000+00:00,2000-11-19,15:05:18,2000,4.7,43.4,-2.094,-76.158,mb,"155 km NNE of Alianza Cristiana, Peru",707945784384.1403,usp000a4dn
2000-11-24 11:29:32.130000+00:00,2000-11-24,11:29:32,2000,4.9,205.3,-1.491,-77.609,mb,"43 km E of Puyo, Ecuador",1412537544622.7554,usp000a4ug
2000-11-30 12:08:46.050000+00:00,2000-11-30,12:08:46,2000,4.6,33.0,2.569,-79.746,mb,"134 km WNW of Salahonda, Colombia",501187233627.2715,usp000a58x
2000-12-24 17:07:58.800000+00:00,2000-12-24,17:07:58,2000,4.9,33.0,-4.216,-77.922,mb,"102 km ESE of Yantzaza, Ecuador",1412537544622.7554,usp000a6p0
2000-12-24 19:09:52.600000+00:00,2000-12-24,19:09:52,2000,4.6,10.0,2.275,-79.746,mb,"118 km WNW of Tumaco, Colombia",501187233627.2715,usp000a6p8
2000-12-25 04:07:57.920000+00:00,2000-12-25,04:07:57,2000,4.7,63.6,-4.444,-80.276,mb,"23 km N of Las Lomas, Peru",707945784384.1403,usp000a6pw
2001-01-14 02:58:49.970000+00:00,2001-01-14,02:58:49,2001,4.1,33.0,-3.265,-80.153,mb,"17 km W of Puerto Bolívar, Ecuador",89125093813.3744,usp000a7ms
2001-01-27 23:57:01.800000+00:00,2001-01-27,23:57:01,2001,5.5,117.2,-4.352,-76.872,mwc,"57 km NNW of Barranca, Peru",11220184543019.652,usp000a8hg
2001-02-02 01:52:18.740000+00:00,2001-02-02,01:52:18,2001,4.1,117.3,-5.966,-76.175,mb,"9 km SW of Yurimaguas, Peru",89125093813.3744,usp000a8w0
2001-02-06 12:34:45.550000+00:00,2001-02-06,12:34:45,2001,4.6,33.0,-1.584,-80.851,mb,"39 km SW of Jipijapa, Ecuador",501187233627.2715,usp000a95v
2001-02-21 11:54:50.510000+00:00,2001-02-21,11:54:50,2001,4.8,33.0,1.1,-79.901,mb,"31 km WNW of Esmeraldas, Ecuador",1000000000000.0,usp000aa1x
2001-02-21 12:23:09.630000+00:00,2001-02-21,12:23:09,2001,4.5,33.0,1.118,-79.816,mb,"25 km NW of Esmeraldas, Ecuador",354813389233.57605,usp000aa1z
2001-02-23 15:36:22.290000+00:00,2001-02-23,15:36:22,2001,4.5,33.0,-1.693,-80.036,mb,"16 km S of Colimes, Ecuador",354813389233.57605,usp000aa6s
2001-02-28 00:45:39.470000+00:00,2001-02-28,00:45:39,2001,4.2,33.0,-1.524,-80.969,mb,"47 km WSW of Jipijapa, Ecuador",125892541179.41713,usp000aahw
2001-03-15 08:10:53.490000+00:00,2001-03-15,08:10:53,2001,5.0,33.0,-5.743,-76.632,mb,"49 km NE of Moyobamba, Peru",1995262314968.8828,usp000aben
2001-03-15 11:35:59.530000+00:00,2001-03-15,11:35:59,2001,4.4,33.0,-5.725,-76.342,mb,"31 km NW of Yurimaguas, Peru",251188643150.95822,usp000abez
2001-03-16 09:14:17.440000+00:00,2001-03-16,09:14:17,2001,4.7,33.0,-5.702,-76.543,mb,"51 km WNW of Yurimaguas, Peru",707945784384.1403,usp000abgx
2001-03-17 03:22:02.790000+00:00,2001-03-17,03:22:02,2001,4.6,33.0,-5.735,-76.423,mb,"38 km WNW of Yurimaguas, Peru",501187233627.2715,usp000abka
2001-03-21 03:02:11.570000+00:00,2001-03-21,03:02:11,2001,4.3,59.6,-3.631,-74.404,mb,"125 km W of San Juan, Peru",177827941003.89227,usp000absx
2001-03-21 11:05:02.270000+00:00,2001-03-21,11:05:02,2001,4.1,33.0,-2.489,-78.191,mb,"3 km SSW of Sucúa, Ecuador",89125093813.3744,usp000abtm
2001-04-04 08:56:41.010000+00:00,2001-04-04,08:56:41,2001,4.5,100.1,-2.706,-79.69,mb,"8 km WSW of Naranjal, Ecuador",354813389233.57605,usp000acjq
2001-04-04 19:31:54.220000+00:00,2001-04-04,19:31:54,2001,4.4,33.0,-0.994,-78.251,mb,"38 km E of San Miguel de Salcedo, Ecuador",251188643150.95822,usp000ackg
2001-04-05 23:39:12.990000+00:00,2001-04-05,23:39:12,2001,4.5,138.1,-3.887,-75.417,mb,"121 km ESE of Alianza Cristiana, Peru",354813389233.57605,usp000acnq
2001-04-09 22:28:19.390000+00:00,2001-04-09,22:28:19,2001,4.4,33.0,-2.59,-80.641,mb,"28 km W of Playas, Ecuador",251188643150.95822,usp000acwx
2001-04-10 06:34:22.820000+00:00,2001-04-10,06:34:22,2001,4.2,221.8,-1.388,-77.578,mb,"48 km ENE of Puyo, Ecuador",125892541179.41713,usp000acxw
2001-04-15 16:42:44.840000+00:00,2001-04-15,16:42:44,2001,4.1,33.0,-3.049,-77.206,mb,"97 km WNW of Alianza Cristiana, Peru",89125093813.3744,usp000adaf
2001-04-17 06:57:45.900000+00:00,2001-04-17,06:57:45,2001,4.3,33.0,-3.888,-81.004,mb,"24 km N of Máncora, Peru",177827941003.89227,usp000ade1
2001-04-20 19:28:55.990000+00:00,2001-04-20,19:28:55,2001,4.5,33.0,-4.454,-80.84,mb,"22 km SSE of La Breita, Peru",354813389233.57605,usp000adpn
2001-05-09 10:36:37.150000+00:00,2001-05-09,10:36:37,2001,4.1,33.0,-5.08,-77.984,mb,"72 km N of Yambrasbamba, Peru",89125093813.3744,usp000aep2
2001-05-22 01:45:41.350000+00:00,2001-05-22,01:45:41,2001,4.8,33.0,-4.283,-80.721,mb,"18 km E of La Breita, Peru",1000000000000.0,usp000afay
2001-05-26 20:51:08.710000+00:00,2001-05-26,20:51:08,2001,4.0,33.0,-1.449,-78.162,mb,"18 km WNW of Puyo, Ecuador",63095734448.019424,usp000afm2
2001-05-28 10:00:15.250000+00:00,2001-05-28,10:00:15,2001,4.1,33.0,-0.978,-80.24,mb,"6 km SW of Junín, Ecuador",89125093813.3744,usp000afp9
2001-06-02 03:13:07.070000+00:00,2001-06-02,03:13:07,2001,4.1,77.2,-2.262,-78.7,mb,"17 km ESE of Alausí, Ecuador",89125093813.3744,usp000afwv
2001-06-16 15:23:41.020000+00:00,2001-06-16,15:23:41,2001,4.0,170.5,-1.531,-77.929,mb,"9 km ESE of Puyo, Ecuador",63095734448.019424,usp000agst
2001-06-24 00:23:55.750000+00:00,2001-06-24,00:23:55,2001,4.5,34.7,-4.567,-81.448,mb,"19 km W of Talara, Peru",354813389233.57605,usp000ah6h
2001-06-24 00:28:33.990000+00:00,2001-06-24,00:28:33,2001,5.0,33.0,-3.938,-80.881,mb,"22 km NW of Papayal, Peru",1995262314968.8828,usp000ah6k
2001-06-24 00:49:33.430000+00:00,2001-06-24,00:49:33,2001,5.1,30.5,-3.968,-80.866,mb,"18 km NW of Papayal, Peru",2818382931264.449,usp000ah6s
2001-06-27 08:54:45.930000+00:00,2001-06-27,08:54:45,2001,4.2,33.0,2.692,-79.875,mb,"153 km WNW of Salahonda, Colombia",125892541179.41713,usp000ahjn
2001-06-29 03:11:28.320000+00:00,2001-06-29,03:11:28,2001,5.3,33.0,-3.958,-80.861,mwc,"19 km NW of Papayal, Peru",5623413251903.491,usp000ahnw
2001-07-19 05:15:22.980000+00:00,2001-07-19,05:15:22,2001,4.4,10.0,2.759,-79.444,mb,"113 km WNW of Mosquera, Colombia",251188643150.95822,usp000ajtu
2001-07-29 13:34:02.730000+00:00,2001-07-29,13:34:02,2001,4.0,250.0,-2.136,-78.071,mb,"19 km NNE of Macas, Ecuador",63095734448.019424,usp000akeu
2001-08-12 02:42:42.120000+00:00,2001-08-12,02:42:42,2001,4.3,33.0,-5.438,-80.618,mb,"14 km ESE of La Unión, Peru",177827941003.89227,usp000am9n
2001-08-18 05:35:39.690000+00:00,2001-08-18,05:35:39,2001,4.7,33.0,-3.039,-77.621,mb,"88 km SE of Sucúa, Ecuador",707945784384.1403,usp000amn6
2001-08-29 11:36:32.100000+00:00,2001-08-29,11:36:32,2001,4.4,164.8,-1.573,-77.517,mb,"51 km ENE of Palora, Ecuador",251188643150.95822,usp000an8h
2001-09-23 04:06:34.990000+00:00,2001-09-23,04:06:34,2001,4.7,86.4,-1.915,-79.468,mb,"5 km E of Alfredo Baquerizo Moreno, Ecuador",707945784384.1403,usp000apmz
2001-09-30 11:02:43.390000+00:00,2001-09-30,11:02:43,2001,4.0,100.0,0.372,-78.365,mb,"13 km NW of Cotacachi, Ecuador",63095734448.019424,usp000aq1c
2001-10-19 18:26:01.350000+00:00,2001-10-19,18:26:01,2001,4.6,157.2,-1.803,-77.622,mb,"39 km ESE of Palora, Ecuador",501187233627.2715,usp000ar8e
2001-10-21 13:29:15.960000+00:00,2001-10-21,13:29:15,2001,4.3,33.0,2.415,-79.807,mb,"132 km WNW of Tumaco, Colombia",177827941003.89227,usp000arbs
2001-10-31 04:14:09.700000+00:00,2001-10-31,04:14:09,2001,4.4,38.2,-5.097,-77.392,mb,"84 km WSW of Barranca, Peru",251188643150.95822,usp000aryq
2001-11-15 07:22:46.720000+00:00,2001-11-15,07:22:46,2001,4.1,33.4,-4.111,-80.766,mb,"4 km SW of Papayal, Peru",89125093813.3744,usp000asxf
2001-11-17 16:30:55.290000+00:00,2001-11-17,16:30:55,2001,5.1,101.9,-3.332,-77.793,mwc,"87 km E of Gualaquiza, Ecuador",2818382931264.449,usp000at14
2002-01-12 02:21:31.730000+00:00,2002-01-12,02:21:31,2002,4.1,37.5,-4.773,-80.769,mb,Peru-Ecuador border region,89125093813.3744,usp000aw9f
2002-01-14 06:21:23.050000+00:00,2002-01-14,06:21:23,2002,4.7,10.0,-0.994,-77.957,mb,"16 km W of Tena, Ecuador",707945784384.1403,usp000awen
2002-02-03 18:00:57.440000+00:00,2002-02-03,18:00:57,2002,4.0,33.0,-4.053,-80.922,mb,"15 km ENE of Máncora, Peru",63095734448.019424,usp000axqm
2002-02-10 00:50:52.820000+00:00,2002-02-10,00:50:52,2002,4.4,49.0,-5.623,-77.142,mb,"43 km NNE of Segunda Jerusalén - Azunguillo, Peru",251188643150.95822,usp000ay3w
2002-03-16 04:22:26.430000+00:00,2002-03-16,04:22:26,2002,4.8,167.5,-2.638,-77.128,mb,"115 km ESE of Macas, Ecuador",1000000000000.0,usp000b0dz
2002-03-17 12:09:30.620000+00:00,2002-03-17,12:09:30,2002,4.8,10.0,2.669,-79.741,mb,"138 km WNW of Salahonda, Colombia",1000000000000.0,usp000b0gx
2002-03-17 15:50:17.040000+00:00,2002-03-17,15:50:17,2002,4.3,50.6,-4.331,-80.622,mb,"30 km ESE of La Breita, Peru",177827941003.89227,usp000b0h8
2002-03-17 20:22:09.630000+00:00,2002-03-17,20:22:09,2002,5.1,69.0,-3.048,-79.671,mb,"21 km SE of Baláo, Ecuador",2818382931264.449,usp000b0hg
2002-03-29 07:08:55.110000+00:00,2002-03-29,07:08:55,2002,4.0,201.2,-1.238,-77.347,mb,"58 km ESE of Tena, Ecuador",63095734448.019424,usp000b19v
2002-03-31 12:53:20.150000+00:00,2002-03-31,12:53:20,2002,4.6,33.0,-1.092,-80.8,mb,"16 km WSW of Montecristi, Ecuador",501187233627.2715,usp000b1eh
2002-04-06 14:41:25.790000+00:00,2002-04-06,14:41:25,2002,4.5,41.3,-2.914,-79.753,mb,"6 km E of Baláo, Ecuador",354813389233.57605,usp000b1vk
2002-04-16 06:33:30.130000+00:00,2002-04-16,06:33:30,2002,4.3,10.0,-0.992,-81.09,mb,"42 km W of Manta, Ecuador",177827941003.89227,usp000b2gj
2002-04-21 22:24:07.190000+00:00,2002-04-21,22:24:07,2002,5.9,33.0,-5.784,-81.033,mwc,"34 km SW of Sechura, Peru",44668359215096.53,usp000b2xm
2002-04-22 04:12:35.910000+00:00,2002-04-22,04:12:35,2002,4.5,33.0,-5.866,-81.001,mb,"39 km SSW of Sechura, Peru",354813389233.57605,usp000b2xz
2002-04-27 03:41:35.400000+00:00,2002-04-27,03:41:35,2002,4.6,23.9,1.099,-79.565,mb,"18 km NNE of Esmeraldas, Ecuador",501187233627.2715,usp000b38p
2002-04-27 03:45:27.490000+00:00,2002-04-27,03:45:27,2002,4.4,23.9,1.125,-79.583,mb,"19 km NNE of Esmeraldas, Ecuador",251188643150.95822,usp000b38q
2002-05-05 11:35:06.330000+00:00,2002-05-05,11:35:06,2002,4.7,10.0,-1.04,-78.292,mb,"32 km ENE of Píllaro, Ecuador",707945784384.1403,usp000b3sr
2002-06-11 08:04:07.710000+00:00,2002-06-11,08:04:07,2002,4.0,161.1,-1.602,-77.665,mb,"35 km ENE of Palora, Ecuador",63095734448.019424,usp000b5yk
2002-06-13 16:18:05.200000+00:00,2002-06-13,16:18:05,2002,4.2,177.0,-1.472,-77.418,mb,"65 km E of Puyo, Ecuador",125892541179.41713,usp000b63e
2002-06-15 10:26:19.490000+00:00,2002-06-15,10:26:19,2002,4.2,33.0,-1.156,-81.062,mb,"44 km WSW of Manta, Ecuador",125892541179.41713,usp000b675
2002-06-29 19:17:52.900000+00:00,2002-06-29,19:17:52,2002,4.8,33.0,-5.473,-76.731,mb,"67 km NNE of Moyobamba, Peru",1000000000000.0,usp000b768
2002-06-30 06:23:48.150000+00:00,2002-06-30,06:23:48,2002,4.7,33.0,-5.558,-76.911,mb,"53 km N of Moyobamba, Peru",707945784384.1403,usp000b779
2002-07-01 18:32:32.920000+00:00,2002-07-01,18:32:32,2002,4.7,33.0,-5.595,-76.61,mb,"62 km NE of Moyobamba, Peru",707945784384.1403,usp000b7af
2002-07-06 02:10:38.290000+00:00,2002-07-06,02:10:38,2002,4.3,54.4,-5.297,-76.699,mb,"51 km S of Barranca, Peru",177827941003.89227,usp000b7k4
2002-07-10 16:32:35.850000+00:00,2002-07-10,16:32:35,2002,4.2,33.0,-5.374,-77.978,mb,"40 km N of Yambrasbamba, Peru",125892541179.41713,usp000b7w3
2002-07-14 14:43:42.160000+00:00,2002-07-14,14:43:42,2002,5.0,44.4,-5.365,-78.82,mb,"29 km N of Las Pirias, Peru",1995262314968.8828,usp000b83f
2002-07-19 03:10:24.800000+00:00,2002-07-19,03:10:24,2002,4.5,33.0,-5.719,-77.132,mb,"33 km NNE of Segunda Jerusalén - Azunguillo, Peru",354813389233.57605,usp000b8cc
2002-07-27 05:03:38.830000+00:00,2002-07-27,05:03:38,2002,4.3,33.0,-1.429,-80.541,mb,"9 km SSE of Jipijapa, Ecuador",177827941003.89227,usp000b8va
2002-08-06 14:26:12.200000+00:00,2002-08-06,14:26:12,2002,5.3,106.8,-5.355,-76.616,mwb,"58 km S of Barranca, Peru",5623413251903.491,usp000b9dq
2002-08-23 03:40:24.120000+00:00,2002-08-23,03:40:24,2002,4.0,150.0,-1.196,-77.275,mb,"57 km SSW of Boca Suno, Ecuador",63095734448.019424,usp000baf6
2002-09-05 09:19:42.650000+00:00,2002-09-05,09:19:42,2002,4.4,33.0,-2.124,-78.941,mb,"13 km NW of Alausí, Ecuador",251188643150.95822,usp000bb9s
2002-09-13 10:23:02.640000+00:00,2002-09-13,10:23:02,2002,5.1,42.7,-4.956,-80.651,mb,"6 km SSE of Sullana, Peru",2818382931264.449,usp000bc4s
2002-09-29 02:52:35.230000+00:00,2002-09-29,02:52:35,2002,5.0,39.7,-4.907,-80.679,mb,"0 km ESE of Sullana, Peru",1995262314968.8828,usp000bdcu
2002-10-04 21:34:32.780000+00:00,2002-10-04,21:34:32,2002,4.4,33.0,-5.316,-76.507,mb,"56 km SSE of Barranca, Peru",251188643150.95822,usp000bdtm
2002-10-05 05:52:22.570000+00:00,2002-10-05,05:52:22,2002,4.7,115.0,-5.801,-76.633,mb,"45 km NE of Moyobamba, Peru",707945784384.1403,usp000bduj
2002-11-01 07:02:17.430000+00:00,2002-11-01,07:02:17,2002,4.2,33.0,-5.304,-77.654,mb,"56 km NNE of Yambrasbamba, Peru",125892541179.41713,usp000bfsn
2002-11-09 21:51:35.310000+00:00,2002-11-09,21:51:35,2002,4.7,68.5,-3.792,-80.521,mb,"21 km SE of Zorritos, Peru",707945784384.1403,usp000bh83
2002-11-11 23:53:11.240000+00:00,2002-11-11,23:53:11,2002,5.1,33.0,-2.428,-80.078,mb,"28 km SSW of Santa Lucía, Ecuador",2818382931264.449,usp000bhfv
2002-11-13 03:19:02.300000+00:00,2002-11-13,03:19:02,2002,5.0,33.0,-4.813,-78.375,mb,"78 km ENE of San Ignacio, Peru",1995262314968.8828,usp000bhk1
2002-11-20 01:14:55.190000+00:00,2002-11-20,01:14:55,2002,4.1,143.8,-1.553,-77.859,mb,"17 km ESE of Puyo, Ecuador",89125093813.3744,usp000bj0w
2002-12-03 18:48:27.940000+00:00,2002-12-03,18:48:27,2002,4.4,33.0,-4.448,-77.528,mb,"103 km WNW of Barranca, Peru",251188643150.95822,usp000bk1r
2002-12-15 04:05:21.980000+00:00,2002-12-15,04:05:21,2002,4.3,33.0,-5.477,-81.008,mb,"22 km WNW of Sechura, Peru",177827941003.89227,usp000bkqw
2002-12-24 10:08:30.280000+00:00,2002-12-24,10:08:30,2002,4.5,33.0,0.869,-79.525,mb,"17 km SE of Esmeraldas, Ecuador",354813389233.57605,usp000bman
2003-01-17 06:01:51.080000+00:00,2003-01-17,06:01:51,2003,4.3,33.0,-5.192,-81.179,mb,"13 km SSW of Paita, Peru",177827941003.89227,usp000bnpj
2003-01-18 11:02:21.060000+00:00,2003-01-18,11:02:21,2003,4.5,111.6,-3.807,-76.737,mb,"49 km SW of Alianza Cristiana, Peru",354813389233.57605,usp000bns0
2003-01-31 16:54:33.490000+00:00,2003-01-31,16:54:33,2003,5.2,111.8,-2.756,-77.055,mwc,"105 km NW of Alianza Cristiana, Peru",3981071705534.9854,usp000bppx
2003-02-07 21:46:43.700000+00:00,2003-02-07,21:46:43,2003,4.7,99.9,-3.252,-77.207,mb,"89 km WNW of Alianza Cristiana, Peru",707945784384.1403,usp000bq7b
2003-03-27 12:58:28.820000+00:00,2003-03-27,12:58:28,2003,5.0,111.0,-3.146,-76.857,mb,"59 km NW of Alianza Cristiana, Peru",1995262314968.8828,usp000btmq
2003-04-26 02:05:25.660000+00:00,2003-04-26,02:05:25,2003,4.4,33.0,-5.547,-77.275,mb,"48 km N of Segunda Jerusalén - Azunguillo, Peru",251188643150.95822,usp000bvzb
2003-05-24 03:56:50.220000+00:00,2003-05-24,03:56:50,2003,4.5,49.3,-0.378,-78.073,mb,"42 km E of Sangolquí, Ecuador",354813389233.57605,usp000by0c
2003-05-25 06:45:20.600000+00:00,2003-05-25,06:45:20,2003,4.3,10.0,2.864,-79.069,mb,"79 km WNW of Mosquera, Colombia",177827941003.89227,usp000by3f
2003-05-29 03:12:42.820000+00:00,2003-05-29,03:12:42,2003,4.1,160.5,-2.157,-76.26,mb,"147 km N of Alianza Cristiana, Peru",89125093813.3744,usp000byeq
2003-06-03 12:18:35.510000+00:00,2003-06-03,12:18:35,2003,4.4,89.3,-2.637,-79.017,mb,"12 km SW of Cañar, Ecuador",251188643150.95822,usp000byyg
2003-06-23 23:00:46.240000+00:00,2003-06-23,23:00:46,2003,4.1,175.2,-1.402,-77.718,mb,Ecuador,89125093813.3744,usp000c0ss
2003-07-28 09:32:08.350000+00:00,2003-07-28,09:32:08,2003,4.4,33.0,-2.959,-77.149,mb,"97 km NW of Alianza Cristiana, Peru",251188643150.95822,usp000c3k3
2003-08-03 12:36:25.060000+00:00,2003-08-03,12:36:25,2003,4.1,31.3,-4.03,-80.768,mb,"6 km NNW of Papayal, Peru",89125093813.3744,usp000c3zu
2003-08-12 05:37:06.630000+00:00,2003-08-12,05:37:06,2003,4.4,60.2,2.855,-75.011,mb,"27 km SSE of Tello, Colombia",251188643150.95822,usp000c4p4
2003-08-15 10:26:52.860000+00:00,2003-08-15,10:26:52,2003,4.4,33.0,-1.063,-80.547,mb,"10 km W of Portoviejo, Ecuador",251188643150.95822,usp000c4yp
2003-08-16 05:00:02.470000+00:00,2003-08-16,05:00:02,2003,4.5,112.7,0.235,-79.272,mb,"24 km ESE of Rosa Zarate, Ecuador",354813389233.57605,usp000c51z
2003-08-20 10:06:04.780000+00:00,2003-08-20,10:06:04,2003,4.4,119.7,-0.982,-77.642,mb,"19 km E of Tena, Ecuador",251188643150.95822,usp000c5ej
2003-08-30 13:07:41.030000+00:00,2003-08-30,13:07:41,2003,4.2,100.0,-4.728,-80.148,mb,"13 km SE of Las Lomas, Peru",125892541179.41713,usp000c69k
2003-09-01 23:20:44.100000+00:00,2003-09-01,23:20:44,2003,5.1,89.2,-3.327,-78.843,mb,"30 km WNW of Gualaquiza, Ecuador",2818382931264.449,usp000c6ga
2003-09-06 12:12:17.790000+00:00,2003-09-06,12:12:17,2003,4.6,69.6,-4.149,-80.299,mb,"38 km W of Celica, Ecuador",501187233627.2715,usp000c6wq
2003-09-07 02:11:33.380000+00:00,2003-09-07,02:11:33,2003,4.1,33.0,-2.415,-77.599,mb,"58 km ESE of Macas, Ecuador",89125093813.3744,usp000c6ye
2003-09-13 18:33:13.270000+00:00,2003-09-13,18:33:13,2003,5.3,33.0,-0.983,-78.33,mwc,"29 km ENE of San Miguel de Salcedo, Ecuador",5623413251903.491,usp000c7en
2003-09-20 05:19:16.850000+00:00,2003-09-20,05:19:16,2003,4.5,33.0,-2.705,-79.46,mb,"17 km E of Naranjal, Ecuador",354813389233.57605,usp000c82f
2003-09-27 07:48:58.840000+00:00,2003-09-27,07:48:58,2003,4.5,161.0,-1.678,-77.837,mb,"14 km E of Palora, Ecuador",354813389233.57605,usp000c8sj
2003-10-03 15:30:34.310000+00:00,2003-10-03,15:30:34,2003,4.9,113.1,-5.411,-80.817,mb,"3 km W of Vice, Peru",1412537544622.7554,usp000c9fy
2003-10-05 12:29:30.680000+00:00,2003-10-05,12:29:30,2003,4.9,94.9,-2.946,-78.008,mb,"56 km SSE of Sucúa, Ecuador",1412537544622.7554,usp000c9p1
2003-11-13 05:55:57.620000+00:00,2003-11-13,05:55:57,2003,4.3,178.3,-1.485,-77.747,mb,"28 km E of Puyo, Ecuador",177827941003.89227,usp000ccrw
2003-11-22 04:44:41+00:00,2003-11-22,04:44:41,2003,4.4,33.0,-5.812,-80.932,mb,"30 km SSW of Sechura, Peru",251188643150.95822,usp000cdn0
2003-11-26 07:42:31.100000+00:00,2003-11-26,07:42:31,2003,5.5,183.5,-1.908,-75.723,mwc,"120 km SSW of Pantoja, Peru",11220184543019.652,usp000cdx7
2003-12-01 20:18:51.270000+00:00,2003-12-01,20:18:51,2003,4.2,33.0,0.39,-80.378,mb,"46 km WSW of Muisne, Ecuador",125892541179.41713,usp000cead
2003-12-09 08:38:55.080000+00:00,2003-12-09,08:38:55,2003,4.6,100.0,-5.885,-80.083,mb,"28 km SW of Pueblo Nuevo, Peru",501187233627.2715,usp000cevs
2003-12-14 18:43:42.210000+00:00,2003-12-14,18:43:42,2003,4.5,188.5,-1.567,-77.505,mb,"53 km ENE of Palora, Ecuador",354813389233.57605,usp000cf9a
2003-12-25 14:22:54.060000+00:00,2003-12-25,14:22:54,2003,4.2,99.5,-3.68,-77.204,mb,"88 km WSW of Alianza Cristiana, Peru",125892541179.41713,usp000cg0r
2004-01-01 12:06:54.060000+00:00,2004-01-01,12:06:54,2004,4.5,10.0,2.925,-79.169,mb,"92 km WNW of Mosquera, Colombia",354813389233.57605,usp000cgrk
2004-01-04 16:13:55.620000+00:00,2004-01-04,16:13:55,2004,5.0,0.8,-3.594,-77.477,mb,"116 km W of Alianza Cristiana, Peru",1995262314968.8828,usp000ch3z
2004-01-08 00:03:01.410000+00:00,2004-01-08,00:03:01,2004,4.6,10.0,-0.553,-77.918,mb,"41 km NNW of Archidona, Ecuador",501187233627.2715,usp000chdm
2004-01-08 21:19:39.520000+00:00,2004-01-08,21:19:39,2004,4.9,73.4,-3.952,-80.168,mwc,"28 km NW of Celica, Ecuador",1412537544622.7554,usp000chfm
2004-01-16 10:38:09.070000+00:00,2004-01-16,10:38:09,2004,4.2,110.8,-3.534,-77.689,mb,"100 km E of Gualaquiza, Ecuador",125892541179.41713,usp000cj09
2004-01-29 09:14:35.950000+00:00,2004-01-29,09:14:35,2004,4.6,29.3,-4.846,-80.65,mb,"1 km SSW of Querecotillo, Peru",501187233627.2715,usp000cjxr
2004-01-29 21:17:43.580000+00:00,2004-01-29,21:17:43,2004,4.6,98.3,-4.241,-79.239,mb,"27 km S of Loja, Ecuador",501187233627.2715,usp000cjyw
2004-02-01 21:50:53.590000+00:00,2004-02-01,21:50:53,2004,4.5,151.4,-2.285,-76.507,mb,"131 km N of Alianza Cristiana, Peru",354813389233.57605,usp000ck6x
2004-03-18 03:18:30.160000+00:00,2004-03-18,03:18:30,2004,4.0,144.4,-0.765,-76.904,mb,"27 km ESE of Boca Suno, Ecuador",63095734448.019424,usp000cq7n
2004-03-20 23:15:19.670000+00:00,2004-03-20,23:15:19,2004,4.1,10.0,-0.545,-80.799,mb,near the coast of Ecuador,89125093813.3744,usp000cqg8
2004-03-28 08:41:14.420000+00:00,2004-03-28,08:41:14,2004,5.3,12.6,-1.042,-78.335,mwc,"27 km ENE of Píllaro, Ecuador",5623413251903.491,usp000cr3v
2004-04-05 12:59:02.060000+00:00,2004-04-05,12:59:02,2004,4.3,124.5,-4.372,-76.674,mb,"50 km N of Barranca, Peru",177827941003.89227,usp000crs2
2004-04-15 19:06:31.110000+00:00,2004-04-15,19:06:31,2004,5.0,10.0,-1.018,-78.394,mwc,"22 km E of San Miguel de Salcedo, Ecuador",1995262314968.8828,usp000csjy
2004-04-26 18:37:59.110000+00:00,2004-04-26,18:37:59,2004,4.5,18.7,-4.326,-75.513,mb,"101 km N of Lagunas, Peru",354813389233.57605,usp000ctgd
2004-04-27 06:48:27.870000+00:00,2004-04-27,06:48:27,2004,4.2,10.0,-0.092,-80.578,mb,"58 km NNW of Bahía de Caráquez, Ecuador",125892541179.41713,usp000cthq
2004-05-07 19:00:08.260000+00:00,2004-05-07,19:00:08,2004,4.5,47.4,1.633,-78.582,mb,"29 km SE of Tumaco, Colombia",354813389233.57605,usp000cud1
2004-05-08 13:05:06.370000+00:00,2004-05-08,13:05:06,2004,4.3,111.1,-5.141,-78.445,mb,"51 km N of La Peca, Peru",177827941003.89227,usp000cufd
2004-05-25 10:04:20.180000+00:00,2004-05-25,10:04:20,2004,4.9,60.9,-4.485,-80.084,mwc,"9 km WNW of Suyo, Peru",1412537544622.7554,usp000cw61
2004-05-26 22:14:03.780000+00:00,2004-05-26,22:14:03,2004,4.4,35.0,-3.079,-76.191,mb,"51 km NNE of Alianza Cristiana, Peru",251188643150.95822,usp000cwar
2004-06-01 15:52:39.330000+00:00,2004-06-01,15:52:39,2004,5.4,23.7,0.706,-79.744,mwc,"29 km SSW of Esmeraldas, Ecuador",7943282347242.8545,usp000cwuq
2004-06-15 11:55:49.180000+00:00,2004-06-15,11:55:49,2004,4.7,112.3,-3.576,-76.512,mb,"14 km SW of Alianza Cristiana, Peru",707945784384.1403,usp000cxyn
2004-06-23 03:31:13.970000+00:00,2004-06-23,03:31:13,2004,4.2,104.6,2.173,-78.273,mb,"26 km SSW of La Tola, Colombia",125892541179.41713,usp000cyjj
2004-06-24 04:08:14.950000+00:00,2004-06-24,04:08:14,2004,4.2,154.2,-1.896,-77.348,mb,"71 km ESE of Palora, Ecuador",125892541179.41713,usp000cymx
2004-07-14 01:11:04.360000+00:00,2004-07-14,01:11:04,2004,4.1,125.2,-2.202,-77.253,mb,"96 km E of Macas, Ecuador",89125093813.3744,usp000d04k
2004-07-18 07:38:52.770000+00:00,2004-07-18,07:38:52,2004,4.1,204.9,-1.355,-77.448,mb,Ecuador,89125093813.3744,usp000d0dp
2004-07-18 07:55:02.970000+00:00,2004-07-18,07:55:02,2004,4.5,163.2,-1.674,-77.75,mb,"24 km E of Palora, Ecuador",354813389233.57605,usp000d0dr
2004-07-20 05:22:17.370000+00:00,2004-07-20,05:22:17,2004,4.4,10.0,2.597,-79.54,mb,"115 km WNW of Salahonda, Colombia",251188643150.95822,usp000d0hg
2004-07-25 06:51:53.500000+00:00,2004-07-25,06:51:53,2004,4.4,42.9,-3.844,-80.79,mb,"18 km NW of Cañaveral, Peru",251188643150.95822,usp000d0uj
2004-07-27 14:24:46.020000+00:00,2004-07-27,14:24:46,2004,4.6,65.3,-5.421,-78.664,mb,"26 km N of Bellavista, Peru",501187233627.2715,usp000d0yq
2004-08-11 23:02:24.640000+00:00,2004-08-11,23:02:24,2004,5.3,42.1,-3.079,-80.801,mwc,"66 km NW of Tumbes, Peru",5623413251903.491,usp000d1z2
2004-08-12 22:52:45.220000+00:00,2004-08-12,22:52:45,2004,4.2,168.5,-2.257,-75.93,mb,"145 km NNE of Alianza Cristiana, Peru",125892541179.41713,usp000d21d
2004-08-17 02:52:01.750000+00:00,2004-08-17,02:52:01,2004,4.2,103.4,-3.134,-77.585,mb,"99 km SE of Sucúa, Ecuador",125892541179.41713,usp000d2a5
2004-08-18 07:06:52.430000+00:00,2004-08-18,07:06:52,2004,5.1,26.5,2.265,-76.595,mwc,"2 km ENE of Paispamba, Colombia",2818382931264.449,usp000d2cd
2004-08-19 08:05:14.670000+00:00,2004-08-19,08:05:14,2004,4.5,10.0,-2.153,-77.288,mb,"90 km ESE of Palora, Ecuador",354813389233.57605,usp000d2et
2004-09-29 18:38:11.100000+00:00,2004-09-29,18:38:11,2004,5.2,27.0,-5.598,-77.089,mwc,"48 km NNE of Segunda Jerusalén - Azunguillo, Peru",3981071705534.9854,usp000d5b3
2004-11-20 13:53:59.870000+00:00,2004-11-20,13:53:59,2004,4.6,51.9,-5.4,-78.587,mb,"28 km NW of La Peca, Peru",501187233627.2715,usp000d8u2
2004-11-21 06:11:37.470000+00:00,2004-11-21,06:11:37,2004,4.2,10.0,2.264,-79.677,mb,"111 km WNW of Tumaco, Colombia",125892541179.41713,usp000d8vn
2004-11-21 12:48:59.070000+00:00,2004-11-21,12:48:59,2004,4.2,102.8,-3.802,-76.573,mb,"39 km SSW of Alianza Cristiana, Peru",125892541179.41713,usp000d8wn
2004-11-24 16:19:50.790000+00:00,2004-11-24,16:19:50,2004,5.1,23.8,-0.874,-80.42,mwc,"6 km NNE of Rocafuerte, Ecuador",2818382931264.449,usp000d941
2004-12-19 02:30:07.340000+00:00,2004-12-19,02:30:07,2004,4.9,49.9,-4.179,-76.294,mb,"79 km SSE of Alianza Cristiana, Peru",1412537544622.7554,usp000dazy
2005-01-09 02:36:11.900000+00:00,2005-01-09,02:36:11,2005,4.1,40.2,-1.476,-80.949,mb,"43 km WSW of Jipijapa, Ecuador",89125093813.3744,usp000dcuz
2005-01-15 11:40:37.250000+00:00,2005-01-15,11:40:37,2005,5.1,34.0,-3.582,-80.688,mwc,"10 km N of Zorritos, Peru",2818382931264.449,usp000ddcp
2005-01-15 14:02:14.700000+00:00,2005-01-15,14:02:14,2005,5.0,38.6,-3.726,-80.793,mwc,"13 km WSW of Zorritos, Peru",1995262314968.8828,usp000ddd0
2005-01-15 17:22:33.350000+00:00,2005-01-15,17:22:33,2005,4.4,18.7,-3.677,-80.885,mb,"22 km W of Zorritos, Peru",251188643150.95822,usp000ddd7
2005-01-16 10:14:18.880000+00:00,2005-01-16,10:14:18,2005,4.1,58.6,-1.551,-78.315,mb,"20 km SE of Baños, Ecuador",89125093813.3744,usp000ddfd
2005-01-20 16:45:28.860000+00:00,2005-01-20,16:45:28,2005,4.5,21.5,-1.074,-80.897,mb,"23 km WSW of Manta, Ecuador",354813389233.57605,usp000ddvv
2005-01-20 19:07:16.090000+00:00,2005-01-20,19:07:16,2005,4.6,20.7,-1.162,-80.957,mb,"35 km SW of Manta, Ecuador",501187233627.2715,usp000ddw3
2005-01-21 04:30:29.010000+00:00,2005-01-21,04:30:29,2005,5.4,10.0,-1.188,-80.841,mwc,"25 km SW of Montecristi, Ecuador",7943282347242.8545,usp000ddx2
2005-01-21 10:18:05.560000+00:00,2005-01-21,10:18:05,2005,4.4,10.0,-1.186,-80.874,mb,"28 km WSW of Montecristi, Ecuador",251188643150.95822,usp000ddxk
2005-01-21 13:45:14.060000+00:00,2005-01-21,13:45:14,2005,6.0,10.0,-1.134,-80.829,mwb,"21 km WSW of Montecristi, Ecuador",63095734448019.43,usp000ddxx
2005-01-21 15:26:31.980000+00:00,2005-01-21,15:26:31,2005,4.8,10.0,-1.221,-80.896,mb,"32 km SW of Montecristi, Ecuador",1000000000000.0,usp000ddy5
2005-01-21 16:15:05.010000+00:00,2005-01-21,16:15:05,2005,4.6,10.0,-1.274,-80.757,mb,"21 km WNW of Jipijapa, Ecuador",501187233627.2715,usp000ddy9
2005-01-21 16:47:00.550000+00:00,2005-01-21,16:47:00,2005,5.0,10.0,-1.178,-80.869,mwc,"27 km WSW of Montecristi, Ecuador",1995262314968.8828,usp000ddya
2005-01-22 00:16:42.070000+00:00,2005-01-22,00:16:42,2005,4.7,22.5,-1.133,-80.736,mb,"12 km SW of Montecristi, Ecuador",707945784384.1403,usp000ddz7
2005-01-22 01:12:14.480000+00:00,2005-01-22,01:12:14,2005,5.2,26.1,-1.2,-80.792,mwc,"22 km SW of Montecristi, Ecuador",3981071705534.9854,usp000ddz9
2005-01-22 17:15:37.950000+00:00,2005-01-22,17:15:37,2005,4.8,10.0,0.656,-80.277,mb,"29 km W of Muisne, Ecuador",1000000000000.0,usp000de11
2005-01-22 18:52:36.820000+00:00,2005-01-22,18:52:36,2005,4.6,10.0,0.466,-80.373,mb,"42 km WSW of Muisne, Ecuador",501187233627.2715,usp000de16
2005-01-23 05:24:06.160000+00:00,2005-01-23,05:24:06,2005,4.3,10.0,-1.116,-80.992,mb,"35 km WSW of Manta, Ecuador",177827941003.89227,usp000de2a
2005-01-23 09:50:34.570000+00:00,2005-01-23,09:50:34,2005,4.0,10.0,-1.375,-80.84,mb,"29 km W of Jipijapa, Ecuador",63095734448.019424,usp000de2v
2005-01-23 10:06:07.740000+00:00,2005-01-23,10:06:07,2005,5.0,15.9,-1.202,-80.796,mwc,"23 km SW of Montecristi, Ecuador",1995262314968.8828,usp000de2y
2005-01-23 17:06:14.870000+00:00,2005-01-23,17:06:14,2005,4.2,10.0,-1.223,-80.896,mb,"32 km SW of Montecristi, Ecuador",125892541179.41713,usp000de43
2005-01-23 18:25:34.570000+00:00,2005-01-23,18:25:34,2005,4.0,10.0,-1.006,-81.144,mb,"48 km W of Manta, Ecuador",63095734448.019424,usp000de48
2005-01-24 06:11:52.300000+00:00,2005-01-24,06:11:52,2005,5.6,28.5,-2.332,-80.646,mwc,"26 km ESE of Santa Elena, Ecuador",15848931924611.11,usp000de60
2005-01-24 15:01:56.390000+00:00,2005-01-24,15:01:56,2005,4.7,108.7,-3.438,-77.71,mb,"96 km E of Gualaquiza, Ecuador",707945784384.1403,usp000de7e
2005-01-24 23:23:26.120000+00:00,2005-01-24,23:23:26,2005,6.1,16.9,-1.364,-80.785,mwb,"23 km W of Jipijapa, Ecuador",89125093813374.4,usp000de8s
2005-01-24 23:26:50.320000+00:00,2005-01-24,23:26:50,2005,5.8,10.0,-1.398,-80.91,mwc,"37 km W of Jipijapa, Ecuador",31622776601683.793,usp000de8u
2005-01-24 23:59:32.100000+00:00,2005-01-24,23:59:32,2005,5.1,15.0,-1.427,-80.874,mwc,"33 km WSW of Jipijapa, Ecuador",2818382931264.449,usp000de8y
2005-01-25 01:21:04.610000+00:00,2005-01-25,01:21:04,2005,4.2,10.0,-1.427,-80.887,mb,"35 km WSW of Jipijapa, Ecuador",125892541179.41713,usp000de91
2005-01-25 03:54:21.350000+00:00,2005-01-25,03:54:21,2005,4.2,10.0,-1.464,-80.772,mb,"25 km WSW of Jipijapa, Ecuador",125892541179.41713,usp000de9d
2005-01-25 10:28:09.160000+00:00,2005-01-25,10:28:09,2005,4.4,10.4,-1.425,-80.927,mb,"39 km WSW of Jipijapa, Ecuador",251188643150.95822,usp000deac
2005-01-28 09:26:18.830000+00:00,2005-01-28,09:26:18,2005,6.1,10.0,-1.183,-81.499,mwb,"90 km WSW of Manta, Ecuador",89125093813374.4,usp000dewk
2005-01-28 15:46:45.270000+00:00,2005-01-28,15:46:45,2005,6.2,10.0,-1.089,-81.157,mwb,"51 km WSW of Manta, Ecuador",125892541179417.14,usp000deyj
2005-01-30 06:49:29.850000+00:00,2005-01-30,06:49:29,2005,4.3,10.0,-0.862,-80.983,mb,"32 km WNW of Manta, Ecuador",177827941003.89227,usp000df72
2005-01-30 07:06:49.200000+00:00,2005-01-30,07:06:49,2005,5.7,28.6,-0.793,-81.065,mwc,"43 km WNW of Manta, Ecuador",22387211385683.47,usp000df75
2005-01-30 11:37:48.110000+00:00,2005-01-30,11:37:48,2005,4.3,10.0,-0.754,-80.826,mb,"26 km NNW of Manta, Ecuador",177827941003.89227,usp000df7q
2005-01-30 18:20:04.500000+00:00,2005-01-30,18:20:04,2005,4.5,10.0,-0.939,-81.001,mb,"32 km W of Manta, Ecuador",354813389233.57605,usp000df87
2005-02-01 06:40:01.880000+00:00,2005-02-01,06:40:01,2005,4.4,10.0,-0.942,-80.826,mb,"12 km W of Manta, Ecuador",251188643150.95822,usp000dfb2
2005-02-15 02:27:50.100000+00:00,2005-02-15,02:27:50,2005,4.3,10.0,-1.531,-80.819,mb,"33 km SW of Jipijapa, Ecuador",177827941003.89227,usp000dg5u
2005-02-16 09:01:05.090000+00:00,2005-02-16,09:01:05,2005,4.5,28.2,-1.121,-81.022,mb,"38 km WSW of Manta, Ecuador",354813389233.57605,usp000dg95
2005-02-16 18:16:46.130000+00:00,2005-02-16,18:16:46,2005,4.2,10.0,-1.268,-81.028,mb,"47 km WSW of Montecristi, Ecuador",125892541179.41713,usp000dga4
2005-02-17 02:34:29+00:00,2005-02-17,02:34:29,2005,4.5,10.0,-1.116,-81.015,mb,"37 km WSW of Manta, Ecuador",354813389233.57605,usp000dgb7
2005-02-17 08:12:17.170000+00:00,2005-02-17,08:12:17,2005,4.6,10.0,-1.202,-80.991,mb,near the coast of Ecuador,501187233627.2715,usp000dgbq
2005-02-17 20:42:57.640000+00:00,2005-02-17,20:42:57,2005,5.5,10.0,-1.768,-81.046,mwc,"50 km NNW of Salinas, Ecuador",11220184543019.652,usp000dgcx
2005-02-17 23:40:28.210000+00:00,2005-02-17,23:40:28,2005,4.3,10.0,-0.935,-81.258,mb,"60 km W of Manta, Ecuador",177827941003.89227,usp000dgd5
2005-02-20 07:46:08.070000+00:00,2005-02-20,07:46:08,2005,4.0,180.6,-1.489,-77.618,mb,"42 km E of Puyo, Ecuador",63095734448.019424,usp000dgjh
2005-02-24 01:23:23.750000+00:00,2005-02-24,01:23:23,2005,4.5,116.3,-4.755,-76.973,mb,"34 km WNW of Barranca, Peru",354813389233.57605,usp000dguq
2005-03-02 09:45:36.930000+00:00,2005-03-02,09:45:36,2005,4.1,216.5,-1.526,-77.59,mb,"46 km ENE of Palora, Ecuador",89125093813.3744,usp000dhbx
2005-03-03 08:39:40.790000+00:00,2005-03-03,08:39:40,2005,4.0,204.3,-1.507,-77.541,mb,"51 km E of Puyo, Ecuador",63095734448.019424,usp000dhdx
2005-03-10 03:40:04.140000+00:00,2005-03-10,03:40:04,2005,4.1,10.0,-0.655,-81.248,mb,"68 km WNW of Manta, Ecuador",89125093813.3744,usp000dhwx
2005-03-16 06:17:57.690000+00:00,2005-03-16,06:17:57,2005,4.3,10.0,-0.976,-78.575,md,"6 km SE of Latacunga, Ecuador",177827941003.89227,usp000djad
2005-03-26 06:31:22.740000+00:00,2005-03-26,06:31:22,2005,4.4,139.3,-2.353,-76.571,mb,"125 km N of Alianza Cristiana, Peru",251188643150.95822,usp000dk3a
2005-03-27 08:03:36.150000+00:00,2005-03-27,08:03:36,2005,5.1,18.2,-1.189,-80.771,mwc,"20 km SW of Montecristi, Ecuador",2818382931264.449,usp000dk5c
2005-04-09 13:32:21.030000+00:00,2005-04-09,13:32:21,2005,4.8,68.7,-4.286,-80.423,mb,"41 km ESE of Papayal, Peru",1000000000000.0,usp000dmqm
2005-04-09 22:22:05.050000+00:00,2005-04-09,22:22:05,2005,4.2,99.0,0.118,-80.004,mb,"7 km NE of Pedernales, Ecuador",125892541179.41713,usp000dms4
2005-04-10 03:53:28.580000+00:00,2005-04-10,03:53:28,2005,4.2,38.8,-4.128,-80.323,mb,"40 km W of Celica, Ecuador",125892541179.41713,usp000dmsu
2005-04-18 11:58:33.310000+00:00,2005-04-18,11:58:33,2005,4.4,182.1,-1.585,-77.665,md,"35 km ENE of Palora, Ecuador",251188643150.95822,usp000dnp6
2005-04-25 20:26:33.410000+00:00,2005-04-25,20:26:33,2005,4.6,35.0,-2.761,-75.044,mb,"173 km ENE of Alianza Cristiana, Peru",501187233627.2715,usp000dp7p
2005-04-29 10:21:47.910000+00:00,2005-04-29,10:21:47,2005,4.2,124.1,-5.902,-77.242,mb,"10 km NNE of Segunda Jerusalén - Azunguillo, Peru",125892541179.41713,usp000dpgd
2005-05-09 20:21:22.770000+00:00,2005-05-09,20:21:22,2005,4.2,10.0,0.728,-77.589,md,"8 km SSW of Potosí, Colombia",125892541179.41713,usp000dqax
2005-05-13 19:17:59.640000+00:00,2005-05-13,19:17:59,2005,5.0,38.7,-3.789,-80.554,mwc,"18 km SE of Zorritos, Peru",1995262314968.8828,usp000dqqv
2005-05-15 07:16:48.020000+00:00,2005-05-15,07:16:48,2005,4.6,83.5,-2.966,-79.415,mb,"39 km SE of Naranjal, Ecuador",501187233627.2715,usp000dqv8
2005-05-18 21:37:26.150000+00:00,2005-05-18,21:37:26,2005,4.6,23.3,1.67,-76.221,mb,"11 km WSW of Palestina, Colombia",501187233627.2715,usp000dr49
2005-05-19 01:25:51.790000+00:00,2005-05-19,01:25:51,2005,4.5,38.3,-1.227,-80.897,mb,"33 km SW of Montecristi, Ecuador",354813389233.57605,usp000dr4q
2005-05-21 05:11:35.390000+00:00,2005-05-21,05:11:35,2005,6.3,39.5,-3.286,-80.987,mwb,"55 km NW of Zorritos, Peru",177827941003892.28,usp000dr94
2005-05-21 11:59:28.610000+00:00,2005-05-21,11:59:28,2005,4.7,40.6,-3.205,-81.006,mb,"63 km NW of Zorritos, Peru",707945784384.1403,usp000dr9j
2005-05-22 18:08:29.510000+00:00,2005-05-22,18:08:29,2005,4.2,73.3,-4.262,-80.441,mb,"38 km ESE of Papayal, Peru",125892541179.41713,usp000drck
2005-05-25 12:57:11.540000+00:00,2005-05-25,12:57:11,2005,4.3,39.0,-3.2,-81.008,mb,"64 km NW of Zorritos, Peru",177827941003.89227,usp000drj6
2005-05-29 17:52:17.710000+00:00,2005-05-29,17:52:17,2005,5.0,33.5,-3.251,-80.934,mwc,Peru-Ecuador border region,1995262314968.8828,usp000drue
2005-06-02 08:24:31.940000+00:00,2005-06-02,08:24:31,2005,4.2,114.9,-2.418,-78.99,mb,"16 km NNW of Cañar, Ecuador",125892541179.41713,usp000ds22
2005-06-04 23:49:48.960000+00:00,2005-06-04,23:49:48,2005,4.4,84.8,-4.47,-79.953,mb,"7 km NE of Suyo, Peru",251188643150.95822,usp000ds7z
2005-06-13 16:42:17.280000+00:00,2005-06-13,16:42:17,2005,4.3,68.5,-5.316,-80.291,mb,"24 km WSW of La Matanza, Peru",177827941003.89227,usp000dsvc
2005-06-20 17:58:16.990000+00:00,2005-06-20,17:58:16,2005,4.1,190.3,-1.533,-77.577,md,"47 km ENE of Palora, Ecuador",89125093813.3744,usp000dtj6
2005-06-21 10:03:52.180000+00:00,2005-06-21,10:03:52,2005,5.0,162.6,-1.744,-77.815,mwc,"17 km ESE of Palora, Ecuador",1995262314968.8828,usp000dtks
2005-06-24 13:11:48.180000+00:00,2005-06-24,13:11:48,2005,5.3,25.4,-5.885,-81.033,mwc,"43 km SSW of Sechura, Peru",5623413251903.491,usp000dtty
2005-06-30 11:27:38.690000+00:00,2005-06-30,11:27:38,2005,4.5,175.7,-1.623,-77.554,mb,"46 km E of Palora, Ecuador",354813389233.57605,usp000du7y
2005-07-15 17:34:56.020000+00:00,2005-07-15,17:34:56,2005,4.3,113.7,-1.384,-80.451,mb,"12 km SSW of Sucre, Ecuador",177827941003.89227,usp000dv92
2005-08-03 21:20:50.460000+00:00,2005-08-03,21:20:50,2005,4.9,28.6,2.616,-79.398,mwc,"103 km NW of Salahonda, Colombia",1412537544622.7554,usp000dwkp
2005-08-08 21:11:22.390000+00:00,2005-08-08,21:11:22,2005,4.4,98.7,-2.259,-78.683,mb,"19 km ESE of Alausí, Ecuador",251188643150.95822,usp000dwz6
2005-08-23 06:32:25.340000+00:00,2005-08-23,06:32:25,2005,4.8,54.7,-4.946,-80.412,mb,"7 km WSW of Tambo Grande, Peru",1000000000000.0,usp000dxvz
2005-08-25 08:47:10.510000+00:00,2005-08-25,08:47:10,2005,4.1,74.9,-5.165,-80.15,mb,"8 km S of Chulucanas, Peru",89125093813.3744,usp000dy0h
2005-08-26 08:55:57.440000+00:00,2005-08-26,08:55:57,2005,4.2,158.7,-1.231,-77.532,md,"40 km SE of Tena, Ecuador",125892541179.41713,usp000dy32
2005-09-03 15:50:44.100000+00:00,2005-09-03,15:50:44,2005,4.0,100.7,-4.197,-77.737,mb,"120 km ESE of Yantzaza, Ecuador",63095734448.019424,usp000dypm
2005-09-21 00:09:13.040000+00:00,2005-09-21,00:09:13,2005,4.5,76.2,-3.197,-77.655,mb,"99 km SE of Sucúa, Ecuador",354813389233.57605,usp000dzuj
2005-09-26 01:55:37.670000+00:00,2005-09-26,01:55:37,2005,7.5,115.0,-5.678,-76.398,mwb,"39 km NW of Yurimaguas, Peru",1.1220184543019652e+16,usp000e09h
2005-10-13 22:05:08.290000+00:00,2005-10-13,22:05:08,2005,4.2,234.7,-1.616,-77.326,mb,"71 km E of Palora, Ecuador",125892541179.41713,usp000e1s2
2005-10-24 17:35:33.830000+00:00,2005-10-24,17:35:33,2005,4.8,35.0,-0.507,-77.745,mb,"45 km N of Archidona, Ecuador",1000000000000.0,usp000e2rg
2005-10-26 22:40:21.490000+00:00,2005-10-26,22:40:21,2005,4.0,139.0,-1.975,-77.827,mb,"33 km SSE of Palora, Ecuador",63095734448.019424,usp000e2wp
2005-10-31 02:10:28.700000+00:00,2005-10-31,02:10:28,2005,5.4,40.0,-5.852,-78.704,mwb,"5 km NNW of Choros, Peru",7943282347242.8545,usp000e369
2005-10-31 09:27:12.620000+00:00,2005-10-31,09:27:12,2005,4.4,68.0,-5.985,-78.597,mb,"14 km SE of Choros, Peru",251188643150.95822,usp000e372
2005-11-04 17:40:52.990000+00:00,2005-11-04,17:40:52,2005,4.0,193.4,-1.584,-77.751,mb,"27 km ENE of Palora, Ecuador",63095734448.019424,usp000e3ge
2005-11-05 09:11:03.070000+00:00,2005-11-05,09:11:03,2005,5.1,67.3,-1.99,-80.331,mwc,"22 km SSW of Pedro Carbo, Ecuador",2818382931264.449,usp000e3j4
2005-11-09 11:33:13.190000+00:00,2005-11-09,11:33:13,2005,5.9,248.3,-1.024,-76.943,mwb,"42 km SSE of Boca Suno, Ecuador",44668359215096.53,usp000e3u8
2005-11-11 19:10:31.890000+00:00,2005-11-11,19:10:31,2005,4.8,87.8,-3.749,-76.998,mwc,"69 km WSW of Alianza Cristiana, Peru",1000000000000.0,usp000e3z9
2005-11-12 23:04:25.860000+00:00,2005-11-12,23:04:25,2005,4.3,38.3,-2.694,-80.911,mb,"50 km S of La Libertad, Ecuador",177827941003.89227,usp000e41r
2005-11-14 22:16:29.070000+00:00,2005-11-14,22:16:29,2005,4.9,31.8,-5.243,-76.62,mb,"45 km S of Barranca, Peru",1412537544622.7554,usp000e464
2005-11-22 14:31:45.410000+00:00,2005-11-22,14:31:45,2005,4.4,10.0,-3.288,-79.98,mb,"3 km SE of Puerto Bolívar, Ecuador",251188643150.95822,usp000e4qb
2005-11-24 23:56:51.760000+00:00,2005-11-24,23:56:51,2005,4.2,130.1,-2.398,-77.125,mb,"110 km E of Macas, Ecuador",125892541179.41713,usp000e4uk
2005-11-30 19:03:48.400000+00:00,2005-11-30,19:03:48,2005,4.3,150.8,-3.057,-75.435,mb,"120 km ENE of Alianza Cristiana, Peru",177827941003.89227,usp000e58a
2005-12-07 09:32:08.590000+00:00,2005-12-07,09:32:08,2005,4.3,189.6,-1.586,-77.649,mb,"37 km ENE of Palora, Ecuador",177827941003.89227,usp000e5q5
2005-12-12 21:07:35.670000+00:00,2005-12-12,21:07:35,2005,4.3,29.5,-1.941,-79.993,mb,"3 km WSW of El Triunfo, Ecuador",177827941003.89227,usp000e61r
2005-12-17 23:12:37.420000+00:00,2005-12-17,23:12:37,2005,4.4,123.6,-2.001,-79.473,mb,"10 km SSE of Alfredo Baquerizo Moreno, Ecuador",251188643150.95822,usp000e6bh
2005-12-19 02:09:55.180000+00:00,2005-12-19,02:09:55,2005,4.1,35.0,-3.547,-80.911,mb,"29 km WNW of Zorritos, Peru",89125093813.3744,usp000e6dg
2005-12-20 16:34:50.570000+00:00,2005-12-20,16:34:50,2005,5.3,21.1,-1.911,-80.904,mwc,"33 km N of Salinas, Ecuador",5623413251903.491,usp000e6gu
2005-12-23 10:08:20.080000+00:00,2005-12-23,10:08:20,2005,4.3,46.1,-5.458,-77.407,mb,"60 km NNW of Segunda Jerusalén - Azunguillo, Peru",177827941003.89227,usp000e6pd
2005-12-23 21:47:28+00:00,2005-12-23,21:47:28,2005,6.1,192.9,-1.386,-77.517,mwb,"54 km SE of Tena, Ecuador",89125093813374.4,usp000e6qp
2006-01-01 03:37:09.440000+00:00,2006-01-01,03:37:09,2006,4.2,44.4,0.999,-79.544,mb,"13 km ENE of Esmeraldas, Ecuador",125892541179.41713,usp000e7aw
2006-01-02 20:43:20.720000+00:00,2006-01-02,20:43:20,2006,4.2,183.5,-1.052,-77.207,mb,"39 km S of Boca Suno, Ecuador",125892541179.41713,usp000e7es
2006-01-03 16:00:26.090000+00:00,2006-01-03,16:00:26,2006,4.9,22.5,-5.745,-76.06,mb,"18 km NNE of Yurimaguas, Peru",1412537544622.7554,usp000e7h6
2006-01-08 06:23:21.400000+00:00,2006-01-08,06:23:21,2006,4.6,171.2,-1.484,-77.745,mb,"28 km E of Puyo, Ecuador",501187233627.2715,usp000e7tt
2006-01-22 06:18:17.270000+00:00,2006-01-22,06:18:17,2006,4.3,181.7,-1.541,-77.7,mb,"34 km E of Puyo, Ecuador",177827941003.89227,usp000e8na
2006-02-18 19:51:59.710000+00:00,2006-02-18,19:51:59,2006,4.3,168.5,-1.979,-77.341,mb,"75 km ESE of Palora, Ecuador",177827941003.89227,usp000eaap
2006-02-18 21:07:27.760000+00:00,2006-02-18,21:07:27,2006,4.5,93.3,-4.272,-79.383,mb,"20 km ENE of Cariamanga, Ecuador",354813389233.57605,usp000eaax
2006-02-23 00:33:48.930000+00:00,2006-02-23,00:33:48,2006,4.2,134.8,-2.828,-76.784,md,"81 km NNW of Alianza Cristiana, Peru",125892541179.41713,usp000ean0
2006-03-05 05:28:31.730000+00:00,2006-03-05,05:28:31,2006,5.2,113.7,-3.382,-76.908,mwc,northern Peru,3981071705534.9854,usp000ebet
2006-03-06 09:42:55.430000+00:00,2006-03-06,09:42:55,2006,4.0,171.3,-1.668,-77.688,mb,"31 km E of Palora, Ecuador",63095734448.019424,usp000ebhm
2006-03-08 21:54:16.030000+00:00,2006-03-08,21:54:16,2006,4.1,113.4,-0.765,-78.927,mb,"30 km WNW of Saquisilí, Ecuador",89125093813.3744,usp000ebpt
2006-03-10 12:57:09.530000+00:00,2006-03-10,12:57:09,2006,4.4,68.9,-5.434,-80.937,mb,"17 km W of Vice, Peru",251188643150.95822,usp000ebw6
2006-03-10 22:08:48.090000+00:00,2006-03-10,22:08:48,2006,4.5,123.1,-5.052,-78.903,mb,"15 km NE of San Ignacio, Peru",354813389233.57605,usp000ebx5
2006-03-22 18:42:58.730000+00:00,2006-03-22,18:42:58,2006,4.2,23.0,2.573,-79.619,mb,"121 km WNW of Salahonda, Colombia",125892541179.41713,usp000ecqq
2006-04-15 01:08:48.180000+00:00,2006-04-15,01:08:48,2006,4.1,5.0,-1.009,-78.501,mb,"10 km ENE of San Miguel de Salcedo, Ecuador",89125093813.3744,usp000eej8
2006-04-18 07:00:14.130000+00:00,2006-04-18,07:00:14,2006,4.1,51.9,0.962,-79.623,mb,"3 km E of Esmeraldas, Ecuador",89125093813.3744,usp000eeug
2006-05-19 17:53:46.740000+00:00,2006-05-19,17:53:46,2006,4.4,47.0,-4.469,-80.642,mb,"35 km SE of La Breita, Peru",251188643150.95822,usp000ehgr
2006-05-29 08:35:50.010000+00:00,2006-05-29,08:35:50,2006,4.0,48.3,-1.799,-80.451,mb,"24 km W of Pedro Carbo, Ecuador",63095734448.019424,usp000ej7k
2006-06-21 12:40:59.670000+00:00,2006-06-21,12:40:59,2006,5.3,169.5,-1.859,-77.362,mwc,"69 km ESE of Palora, Ecuador",5623413251903.491,usp000ekxy
2006-06-26 19:37:49.800000+00:00,2006-06-26,19:37:49,2006,4.9,27.4,-2.837,-79.631,mwc,"18 km S of Naranjal, Ecuador",1412537544622.7554,usp000embk
2006-06-27 13:41:15.280000+00:00,2006-06-27,13:41:15,2006,4.9,25.0,-2.913,-79.807,mb,"0 km ESE of Baláo, Ecuador",1412537544622.7554,usp000emdb
2006-07-13 15:03:23.860000+00:00,2006-07-13,15:03:23,2006,5.0,48.7,-1.688,-81.009,mb,"58 km N of Salinas, Ecuador",1995262314968.8828,usp000enhg
2006-07-24 15:02:39.200000+00:00,2006-07-24,15:02:39,2006,4.5,33.2,-5.482,-81.892,mb,"96 km WSW of Paita, Peru",354813389233.57605,usp000epg1
2006-07-26 18:06:20.690000+00:00,2006-07-26,18:06:20,2006,4.1,50.0,-3.112,-80.119,mb,"21 km NW of Puerto Bolívar, Ecuador",89125093813.3744,usp000epn1
2006-08-02 18:41:37.730000+00:00,2006-08-02,18:41:37,2006,4.3,30.8,-4.006,-79.885,mb,"13 km NE of Celica, Ecuador",177827941003.89227,usp000eq3q
2006-08-03 03:22:20.980000+00:00,2006-08-03,03:22:20,2006,4.3,20.4,-5.798,-78.618,mb,"14 km NE of Choros, Peru",177827941003.89227,usp000eq4t
2006-08-06 05:33:02.880000+00:00,2006-08-06,05:33:02,2006,4.7,50.8,-2.989,-80.198,mb,"37 km NW of Puerto Bolívar, Ecuador",707945784384.1403,usp000eqb9
2006-08-16 05:16:24.770000+00:00,2006-08-16,05:16:24,2006,4.4,44.8,-1.781,-77.972,mb,"8 km S of Palora, Ecuador",251188643150.95822,usp000er1f
2006-09-02 18:54:55.050000+00:00,2006-09-02,18:54:55,2006,4.6,42.8,-2.389,-77.083,mb,"114 km E of Macas, Ecuador",501187233627.2715,usp000esbm
2006-09-04 03:21:48.590000+00:00,2006-09-04,03:21:48,2006,4.4,35.0,-1.893,-78.491,mb,"30 km SE of Riobamba, Ecuador",251188643150.95822,usp000esen
2006-09-11 15:27:52.890000+00:00,2006-09-11,15:27:52,2006,4.8,17.1,-5.181,-76.492,mb,"43 km SSE of Barranca, Peru",1000000000000.0,usp000esx9
2006-09-12 04:42:42.780000+00:00,2006-09-12,04:42:42,2006,4.9,35.0,-5.2,-76.359,mb,"53 km SE of Barranca, Peru",1412537544622.7554,usp000esy1
2006-09-19 02:33:44.380000+00:00,2006-09-19,02:33:44,2006,4.4,35.0,2.492,-79.791,mb,"135 km NW of Tumaco, Colombia",251188643150.95822,usp000etcm
2006-09-28 03:43:43.240000+00:00,2006-09-28,03:43:43,2006,4.4,107.7,-0.658,-79.266,md,"31 km N of La Maná, Ecuador",251188643150.95822,usp000etz9
2006-10-15 18:59:57.790000+00:00,2006-10-15,18:59:57,2006,4.0,10.0,-4.607,-79.926,mb,"13 km SE of Suyo, Peru",63095734448.019424,usp000ev9b
2006-10-16 10:11:07.290000+00:00,2006-10-16,10:11:07,2006,4.5,122.4,1.229,-77.786,mb,"13 km NE of Piedrancha, Colombia",354813389233.57605,usp000evap
2006-10-31 09:55:28.730000+00:00,2006-10-31,09:55:28,2006,5.4,181.1,-1.392,-77.75,mwc,"29 km ENE of Puyo, Ecuador",7943282347242.8545,usp000ewc4
2006-11-07 07:49:58.740000+00:00,2006-11-07,07:49:58,2006,4.6,50.6,-4.453,-80.841,mb,"22 km SSE of La Breita, Peru",501187233627.2715,usp000ewsx
2006-11-09 09:23:18.520000+00:00,2006-11-09,09:23:18,2006,5.0,43.5,-5.621,-76.906,mb,"46 km N of Moyobamba, Peru",1995262314968.8828,usp000ewzf
2006-11-23 22:27:01.720000+00:00,2006-11-23,22:27:01,2006,4.4,167.4,-1.568,-77.933,mb,"12 km SE of Puyo, Ecuador",251188643150.95822,usp000eyns
2006-11-25 13:50:07.390000+00:00,2006-11-25,13:50:07,2006,4.8,42.7,1.245,-77.905,mb,"10 km ENE of Ricaurte, Colombia",1000000000000.0,usp000eytw
2006-11-28 00:40:38.170000+00:00,2006-11-28,00:40:38,2006,4.0,141.1,-2.053,-78.7,mb,"23 km NE of Alausí, Ecuador",63095734448.019424,usp000ez05
2006-12-03 14:16:23.190000+00:00,2006-12-03,14:16:23,2006,4.3,161.1,-1.629,-77.89,mb,"11 km NE of Palora, Ecuador",177827941003.89227,usp000ezen
2006-12-18 19:07:17.870000+00:00,2006-12-18,19:07:17,2006,4.1,157.6,-2.968,-76.836,mb,"71 km NW of Alianza Cristiana, Peru",89125093813.3744,usp000f0gr
2006-12-20 15:10:57.660000+00:00,2006-12-20,15:10:57,2006,4.8,58.4,-4.793,-75.368,mb,"58 km NE of Lagunas, Peru",1000000000000.0,usp000f0n9
2006-12-31 09:55:55.990000+00:00,2006-12-31,09:55:55,2006,4.2,188.3,-1.292,-77.786,mb,"32 km NE of Puyo, Ecuador",125892541179.41713,usp000f1du
2007-01-02 02:00:07.420000+00:00,2007-01-02,02:00:07,2007,4.5,35.0,-5.644,-76.802,mb,"47 km NNE of Moyobamba, Peru",354813389233.57605,usp000f1hn
2007-01-06 06:27:22.220000+00:00,2007-01-06,06:27:22,2007,5.0,180.1,-1.456,-77.727,mwc,"30 km E of Puyo, Ecuador",1995262314968.8828,usp000f1t2
2007-01-23 08:57:57.670000+00:00,2007-01-23,08:57:57,2007,4.3,62.6,-0.527,-78.41,md,"17 km E of Machachi, Ecuador",177827941003.89227,usp000f3d1
2007-01-26 19:26:42.190000+00:00,2007-01-26,19:26:42,2007,4.4,168.9,-1.516,-77.8,mb,"22 km E of Puyo, Ecuador",251188643150.95822,usp000f3p4
2007-02-01 03:55:31.870000+00:00,2007-02-01,03:55:31,2007,4.0,45.5,0.397,-79.787,mb,"35 km SE of Muisne, Ecuador",63095734448.019424,usp000f42e
2007-02-13 14:56:43.480000+00:00,2007-02-13,14:56:43,2007,5.6,174.8,-1.424,-77.778,mwc,"25 km ENE of Puyo, Ecuador",15848931924611.11,usp000f4tg
2007-02-14 19:37:57.350000+00:00,2007-02-14,19:37:57,2007,5.0,41.2,-5.339,-77.225,mb,"72 km N of Segunda Jerusalén - Azunguillo, Peru",1995262314968.8828,usp000f4vt
2007-02-16 22:39:55.950000+00:00,2007-02-16,22:39:55,2007,4.3,146.7,2.662,-76.876,mb,"16 km N of Villa Rica, Colombia",177827941003.89227,usp000f4zt
2007-02-20 22:24:43.360000+00:00,2007-02-20,22:24:43,2007,4.1,35.0,-5.144,-77.284,mb,"75 km WSW of Barranca, Peru",89125093813.3744,usp000f58y
2007-02-23 14:12:28.510000+00:00,2007-02-23,14:12:28,2007,5.0,168.1,-1.436,-77.97,mwc,"6 km NE of Puyo, Ecuador",1995262314968.8828,usp000f5ff
2007-02-26 03:59:48.330000+00:00,2007-02-26,03:59:48,2007,4.6,61.4,-4.76,-81.146,mb,"19 km NNW of San Lucas ( Pueblo Nuevo de Colan), Peru",501187233627.2715,usp000f5ny
2007-03-06 13:05:12.110000+00:00,2007-03-06,13:05:12,2007,5.2,43.1,2.082,-76.495,mwc,"23 km SE of Paispamba, Colombia",3981071705534.9854,usp000f66x
2007-03-07 11:37:22.460000+00:00,2007-03-07,11:37:22,2007,4.0,160.0,-2.459,-76.464,mb,"112 km N of Alianza Cristiana, Peru",63095734448.019424,usp000f68u
2007-03-13 14:50:50.280000+00:00,2007-03-13,14:50:50,2007,5.0,37.3,-5.527,-77.055,mb,"56 km NNE of Segunda Jerusalén - Azunguillo, Peru",1995262314968.8828,usp000f6n4
2007-03-28 20:57:25.940000+00:00,2007-03-28,20:57:25,2007,5.3,185.9,-1.404,-77.569,mwc,"49 km E of Puyo, Ecuador",5623413251903.491,usp000f7r0
2007-04-14 11:09:36.550000+00:00,2007-04-14,11:09:36,2007,4.5,100.0,-0.771,-79.916,mb,"21 km ESE of Chone, Ecuador",354813389233.57605,usp000f9pq
2007-04-22 02:49:07.350000+00:00,2007-04-22,02:49:07,2007,4.0,35.7,-1.059,-76.717,mb,"61 km SE of Boca Suno, Ecuador",63095734448.019424,usp000faa9
2007-04-22 11:57:41.180000+00:00,2007-04-22,11:57:41,2007,5.4,38.2,-3.741,-81.227,mwc,"45 km NNW of Máncora, Peru",7943282347242.8545,usp000faba
2007-04-26 02:33:39.370000+00:00,2007-04-26,02:33:39,2007,4.1,24.1,-2.687,-80.865,mb,"50 km S of La Libertad, Ecuador",89125093813.3744,usp000famq
2007-05-05 08:19:34.960000+00:00,2007-05-05,08:19:34,2007,4.4,57.0,-0.161,-80.217,mb,"31 km SW of Pedernales, Ecuador",251188643150.95822,usp000fb9h
2007-05-05 18:18:45.220000+00:00,2007-05-05,18:18:45,2007,4.4,163.3,-1.881,-77.842,mb,"24 km SE of Palora, Ecuador",251188643150.95822,usp000fbap
2007-05-12 04:58:42.590000+00:00,2007-05-12,04:58:42,2007,4.0,34.1,-5.423,-80.363,mb,"37 km SW of La Matanza, Peru",63095734448.019424,usp000fbtv
2007-06-11 00:19:38.990000+00:00,2007-06-11,00:19:38,2007,5.1,72.0,-3.168,-79.012,mwc,"29 km S of Cuenca, Ecuador",2818382931264.449,usp000fdt5
2007-06-11 03:57:15.700000+00:00,2007-06-11,03:57:15,2007,5.1,152.6,-2.17,-77.178,mwc,"101 km ESE of Palora, Ecuador",2818382931264.449,usp000fdtf
2007-06-23 21:35:25.530000+00:00,2007-06-23,21:35:25,2007,4.1,149.3,-1.73,-77.163,mb,"89 km E of Palora, Ecuador",89125093813.3744,usp000fep6
2007-07-13 07:20:25.550000+00:00,2007-07-13,07:20:25,2007,4.5,49.9,-3.987,-79.836,mb,"18 km NE of Celica, Ecuador",354813389233.57605,usp000fg2x
2007-07-21 18:58:13.840000+00:00,2007-07-21,18:58:13,2007,5.2,166.9,-1.591,-78.027,mwc,"12 km SSW of Puyo, Ecuador",3981071705534.9854,usp000fgtd
2007-07-28 23:28:00.480000+00:00,2007-07-28,23:28:00,2007,4.3,110.2,-3.926,-77.088,md,"88 km SW of Alianza Cristiana, Peru",177827941003.89227,usp000fhax
2007-08-02 05:26:40.260000+00:00,2007-08-02,05:26:40,2007,4.8,20.0,-3.496,-77.362,mb,"103 km W of Alianza Cristiana, Peru",1000000000000.0,usp000fhnr
2007-08-15 12:38:49.960000+00:00,2007-08-15,12:38:49,2007,4.7,60.9,-3.11,-80.331,mb,"40 km WNW of Puerto Bolívar, Ecuador",707945784384.1403,usp000fjrx
2007-08-18 08:12:22.050000+00:00,2007-08-18,08:12:22,2007,4.7,20.0,-5.861,-77.209,mb,"16 km NNE of Segunda Jerusalén - Azunguillo, Peru",707945784384.1403,usp000fk3r
2007-08-22 03:39:05.880000+00:00,2007-08-22,03:39:05,2007,4.2,78.5,-2.71,-79.534,mb,"10 km ESE of Naranjal, Ecuador",125892541179.41713,usp000fkdw
2007-08-28 02:17:58.820000+00:00,2007-08-28,02:17:58,2007,4.7,26.0,1.565,-79.25,mb,"45 km NW of Valdez, Ecuador",707945784384.1403,usp000fkv4
2007-08-30 00:40:03.990000+00:00,2007-08-30,00:40:03,2007,4.6,54.2,0.157,-79.86,mb,"23 km ENE of Pedernales, Ecuador",501187233627.2715,usp000fkz9
2007-09-10 01:49:11.780000+00:00,2007-09-10,01:49:11,2007,6.8,15.0,2.966,-77.963,mwc,"39 km WNW of Timbiquí, Colombia",1000000000000000.0,usp000fmtk
2007-09-15 13:52:43.600000+00:00,2007-09-15,13:52:43,2007,4.2,10.0,2.922,-78.269,mb,"49 km NNE of Mosquera, Colombia",125892541179.41713,usp000fnbq
2007-09-22 20:01:23.880000+00:00,2007-09-22,20:01:23,2007,4.2,35.0,-0.993,-78.137,mb,"36 km W of Tena, Ecuador",125892541179.41713,usp000fnws
2007-09-26 04:43:17.610000+00:00,2007-09-26,04:43:17,2007,5.9,99.8,-3.918,-79.208,mwb,"8 km N of Loja, Ecuador",44668359215096.53,usp000fp4n
2007-09-28 02:42:34.360000+00:00,2007-09-28,02:42:34,2007,4.8,35.0,-5.783,-80.943,mb,"28 km SSW of Sechura, Peru",1000000000000.0,usp000fpag
2007-10-03 00:30:28+00:00,2007-10-03,00:30:28,2007,4.5,50.1,-5.383,-76.563,mb,"62 km SSE of Barranca, Peru",354813389233.57605,usp000fprf
2007-10-13 01:34:59.600000+00:00,2007-10-13,01:34:59,2007,4.4,76.0,-5.67,-80.05,mb,"19 km WNW of Pueblo Nuevo, Peru",251188643150.95822,usp000fqe7
2007-10-24 08:21:46.590000+00:00,2007-10-24,08:21:46,2007,4.7,154.4,-2.068,-77.306,mb,"83 km ESE of Palora, Ecuador",707945784384.1403,usp000fr5k
2007-10-27 20:38:27.850000+00:00,2007-10-27,20:38:27,2007,4.9,45.2,-0.652,-77.602,mb,"36 km NE of Archidona, Ecuador",1412537544622.7554,usp000frdk
2007-10-29 09:22:52.410000+00:00,2007-10-29,09:22:52,2007,4.3,183.8,-1.529,-77.669,mb,"37 km E of Puyo, Ecuador",177827941003.89227,usp000frhh
2007-10-30 04:27:35.560000+00:00,2007-10-30,04:27:35,2007,4.2,52.1,-4.958,-80.999,mb,"6 km SW of La Huaca, Peru",125892541179.41713,usp000frk8
2007-11-04 18:10:22.180000+00:00,2007-11-04,18:10:22,2007,4.8,35.0,0.176,-79.086,mb,"46 km ESE of Rosa Zarate, Ecuador",1000000000000.0,usp000frzb
2007-11-16 03:13:00.120000+00:00,2007-11-16,03:13:00,2007,6.8,122.9,-2.312,-77.838,mwc,"30 km E of Macas, Ecuador",1000000000000000.0,usp000fsnz
2007-11-21 04:24:14.220000+00:00,2007-11-21,04:24:14,2007,4.0,137.3,-4.567,-77.112,mb,"56 km WNW of Barranca, Peru",63095734448.019424,usp000ft0j
2007-12-02 05:27:53.900000+00:00,2007-12-02,05:27:53,2007,4.3,27.0,-4.115,-76.118,mb,"78 km SSE of Alianza Cristiana, Peru",177827941003.89227,usp000ftq6
2007-12-03 03:09:27.120000+00:00,2007-12-03,03:09:27,2007,4.5,188.8,-1.501,-77.599,mb,"44 km E of Puyo, Ecuador",354813389233.57605,usp000ftru
2007-12-03 06:42:15.530000+00:00,2007-12-03,06:42:15,2007,4.2,143.1,-2.024,-78.07,mb,"31 km N of Macas, Ecuador",125892541179.41713,usp000fts3
2007-12-04 23:05:50.580000+00:00,2007-12-04,23:05:50,2007,4.4,70.6,0.75,-80.059,mb,"15 km NNW of Muisne, Ecuador",251188643150.95822,usp000ftv3
2007-12-05 13:52:00.380000+00:00,2007-12-05,13:52:00,2007,4.1,49.9,0.616,-80.193,mb,"19 km W of Muisne, Ecuador",89125093813.3744,usp000ftw2
2007-12-05 14:55:52.030000+00:00,2007-12-05,14:55:52,2007,4.0,65.7,-1.414,-80.372,mb,"15 km SSE of Sucre, Ecuador",63095734448.019424,usp000ftw4
2007-12-10 18:19:07.370000+00:00,2007-12-10,18:19:07,2007,5.1,38.9,0.589,-80.007,mwc,"2 km SSE of Muisne, Ecuador",2818382931264.449,usp000fu79
2007-12-11 06:54:25.840000+00:00,2007-12-11,06:54:25,2007,4.4,58.4,0.599,-79.874,mb,"16 km E of Muisne, Ecuador",251188643150.95822,usp000fu8b
2007-12-23 01:16:12.950000+00:00,2007-12-23,01:16:12,2007,4.2,48.0,-1.94,-80.797,mb,"32 km NNE of Santa Elena, Ecuador",125892541179.41713,usp000fv1w
2007-12-24 14:27:02.530000+00:00,2007-12-24,14:27:02,2007,4.5,188.1,-1.568,-77.567,mb,"46 km ENE of Palora, Ecuador",354813389233.57605,usp000fv5d
2007-12-25 04:31:19.190000+00:00,2007-12-25,04:31:19,2007,4.0,81.5,-3.792,-79.92,mb,"29 km WSW of Piñas, Ecuador",63095734448.019424,usp000fv6g
2008-01-09 23:15:39.750000+00:00,2008-01-09,23:15:39,2008,4.5,20.5,-1.016,-80.589,mb,"8 km ENE of Montecristi, Ecuador",354813389233.57605,usp000fwc9
2008-01-17 22:55:23.710000+00:00,2008-01-17,22:55:23,2008,4.7,71.0,-2.366,-79.992,md,"20 km S of Santa Lucía, Ecuador",707945784384.1403,usp000fwx9
2008-01-26 17:59:50.940000+00:00,2008-01-26,17:59:50,2008,5.2,64.3,-2.88,-80.39,mwc,"27 km S of Playas, Ecuador",3981071705534.9854,usp000fxh5
2008-02-08 15:26:52.270000+00:00,2008-02-08,15:26:52,2008,4.9,35.0,-3.778,-81.762,mb,"81 km NW of El Alto, Peru",1412537544622.7554,usp000fyf7
2008-02-25 21:38:06.340000+00:00,2008-02-25,21:38:06,2008,4.2,31.7,-2.243,-81.221,mb,"30 km W of Salinas, Ecuador",125892541179.41713,usp000fzyq
2008-03-04 11:23:08.020000+00:00,2008-03-04,11:23:08,2008,4.8,68.9,2.719,-76.166,mb,"18 km ESE of Jambaló, Colombia",1000000000000.0,usp000g0pd
2008-03-05 04:28:44.810000+00:00,2008-03-05,04:28:44,2008,4.3,164.1,-1.628,-77.922,md,"9 km NNE of Palora, Ecuador",177827941003.89227,usp000g0rc
2008-03-09 19:58:39.630000+00:00,2008-03-09,19:58:39,2008,4.2,180.0,-1.534,-77.378,mb,"67 km ENE of Palora, Ecuador",125892541179.41713,usp000g131
2008-03-20 06:07:29+00:00,2008-03-20,06:07:29,2008,4.0,12.9,-0.221,-78.925,mb,"28 km E of Santo Domingo de los Colorados, Ecuador",63095734448.019424,usp000g1ug
2008-03-21 05:32:19.980000+00:00,2008-03-21,05:32:19,2008,4.2,95.7,-3.042,-78.899,mb,"14 km SSW of Nulti, Ecuador",125892541179.41713,usp000g1y5
2008-03-28 15:47:31.690000+00:00,2008-03-28,15:47:31,2008,4.5,20.1,-1.846,-78.017,mb,"17 km SSW of Palora, Ecuador",354813389233.57605,usp000g2je
2008-04-01 20:57:09.790000+00:00,2008-04-01,20:57:09,2008,4.5,46.9,-2.868,-80.236,mb,"31 km SSE of Playas, Ecuador",354813389233.57605,usp000g2x3
2008-04-15 10:35:50.320000+00:00,2008-04-15,10:35:50,2008,4.2,76.7,-0.807,-79.855,md,"29 km ESE of Chone, Ecuador",125892541179.41713,usp000g3z8
2008-05-05 17:07:01.970000+00:00,2008-05-05,17:07:01,2008,4.3,123.6,-3.885,-77.145,mb,"91 km WSW of Alianza Cristiana, Peru",177827941003.89227,usp000g5jj
2008-05-10 11:43:31.890000+00:00,2008-05-10,11:43:31,2008,4.5,114.4,-5.482,-76.621,mb,"72 km S of Barranca, Peru",354813389233.57605,usp000g602
2008-05-15 01:54:47.930000+00:00,2008-05-15,01:54:47,2008,4.5,38.7,-2.713,-77.885,mb,"42 km SE of Sucúa, Ecuador",354813389233.57605,usp000g6td
2008-05-20 23:51:08.340000+00:00,2008-05-20,23:51:08,2008,4.6,71.9,-1.327,-80.32,md,"12 km ESE of Sucre, Ecuador",501187233627.2715,usp000g7c5
2008-05-25 09:05:45.970000+00:00,2008-05-25,09:05:45,2008,4.3,116.7,-2.287,-78.397,md,"31 km NW of Sucúa, Ecuador",177827941003.89227,usp000g7r6
2008-05-31 06:13:49.640000+00:00,2008-05-31,06:13:49,2008,4.4,46.2,1.076,-79.129,mb,"25 km SW of Valdez, Ecuador",251188643150.95822,usp000g86f
2008-06-09 07:31:51.250000+00:00,2008-06-09,07:31:51,2008,4.6,212.6,-1.333,-77.401,mb,"59 km SE of Tena, Ecuador",501187233627.2715,usp000g8zm
2008-07-04 06:02:49.520000+00:00,2008-07-04,06:02:49,2008,5.2,190.0,-1.421,-77.582,mwc,"47 km E of Puyo, Ecuador",3981071705534.9854,usp000gb9x
2008-07-08 05:08:17.740000+00:00,2008-07-08,05:08:17,2008,4.5,110.3,-3.34,-76.905,mb,"54 km WNW of Alianza Cristiana, Peru",354813389233.57605,usp000gbmh
2008-07-18 05:41:55.540000+00:00,2008-07-18,05:41:55,2008,5.0,75.9,-1.976,-80.276,mwc,"18 km SSW of Pedro Carbo, Ecuador",1995262314968.8828,usp000gcg4
2008-07-20 10:20:26.830000+00:00,2008-07-20,10:20:26,2008,4.1,56.7,-2.256,-80.098,mb,"13 km SW of Santa Lucía, Ecuador",89125093813.3744,usp000gcpz
2008-08-18 00:41:31.730000+00:00,2008-08-18,00:41:31,2008,4.6,29.2,-1.087,-77.788,mb,"10 km SSE of Tena, Ecuador",501187233627.2715,usp000gexc
2008-08-18 15:38:08.680000+00:00,2008-08-18,15:38:08,2008,5.1,48.5,-5.845,-80.924,mwc,"33 km SSW of Sechura, Peru",2818382931264.449,usp000geym
2008-09-02 17:21:00.270000+00:00,2008-09-02,17:21:00,2008,4.9,23.1,2.953,-75.983,mb,"28 km SW of Gaitania, Colombia",1412537544622.7554,usp000gg8c
2008-09-03 07:53:13.270000+00:00,2008-09-03,07:53:13,2008,4.1,168.2,-1.729,-77.87,md,"11 km ESE of Palora, Ecuador",89125093813.3744,usp000gga3
2008-09-05 15:30:34.310000+00:00,2008-09-05,15:30:34,2008,4.4,25.5,2.915,-75.903,mb,"27 km SSW of Gaitania, Colombia",251188643150.95822,usp000ggfr
2008-09-14 18:29:28.970000+00:00,2008-09-14,18:29:28,2008,4.1,31.1,2.883,-76.0,mb,"26 km N of Belalcázar, Colombia",89125093813.3744,usp000gh1v
2008-09-21 23:34:50.380000+00:00,2008-09-21,23:34:50,2008,4.5,144.1,-1.947,-77.477,mb,"60 km ESE of Palora, Ecuador",354813389233.57605,usp000ghgj
2008-09-24 23:32:20+00:00,2008-09-24,23:32:20,2008,4.4,14.5,-3.026,-79.054,md,"14 km SSW of Cuenca, Ecuador",251188643150.95822,usp000ghnq
2008-10-10 02:20:55.950000+00:00,2008-10-10,02:20:55,2008,4.3,58.4,-3.618,-79.502,md,"14 km ENE of Zaruma, Ecuador",177827941003.89227,usp000gju0
2008-10-18 09:42:03.430000+00:00,2008-10-18,09:42:03,2008,4.4,169.4,-1.969,-77.193,mb,"90 km ESE of Palora, Ecuador",251188643150.95822,usp000gkgu
2008-10-18 19:22:26.010000+00:00,2008-10-18,19:22:26,2008,4.3,103.3,-3.812,-76.523,mb,"38 km SSW of Alianza Cristiana, Peru",177827941003.89227,usp000gkhs
2008-11-18 16:22:44.940000+00:00,2008-11-18,16:22:44,2008,4.6,79.4,-3.837,-80.893,mb,"29 km WNW of Cañaveral, Peru",501187233627.2715,usp000gp00
2008-11-26 00:57:12.660000+00:00,2008-11-26,00:57:12,2008,4.0,145.7,-2.4,-76.227,mb,"121 km N of Alianza Cristiana, Peru",63095734448.019424,usp000gpey
2008-12-12 20:26:03.180000+00:00,2008-12-12,20:26:03,2008,4.5,99.9,-3.663,-79.234,mb,"36 km N of Loja, Ecuador",354813389233.57605,usp000gqfu
2008-12-21 15:49:18.210000+00:00,2008-12-21,15:49:18,2008,4.4,74.8,-5.466,-81.24,mb,"43 km SSW of Paita, Peru",251188643150.95822,usp000gr4e
2008-12-24 20:47:10.300000+00:00,2008-12-24,20:47:10,2008,4.6,95.4,-3.765,-76.229,mb,"39 km SE of Alianza Cristiana, Peru",501187233627.2715,usp000grd8
2009-01-07 15:35:25.250000+00:00,2009-01-07,15:35:25,2009,4.5,113.0,-2.496,-78.018,mb,"17 km ESE of Sucúa, Ecuador",354813389233.57605,usp000gsb0
2009-01-28 11:53:54.040000+00:00,2009-01-28,11:53:54,2009,4.2,108.1,-2.08,-79.406,mb,"11 km NE of Naranjito, Ecuador",125892541179.41713,usp000gt6y
2009-02-08 20:49:24.620000+00:00,2009-02-08,20:49:24,2009,5.0,85.8,-2.532,-78.893,mwc,"6 km ENE of Cañar, Ecuador",1995262314968.8828,usp000gtjn
2009-02-14 05:24:59.160000+00:00,2009-02-14,05:24:59,2009,4.6,56.6,-5.863,-80.75,mb,"34 km SSE of Sechura, Peru",501187233627.2715,usp000gty6
2009-02-15 10:04:49.310000+00:00,2009-02-15,10:04:49,2009,6.1,21.0,-5.854,-80.891,mwc,near the coast of northern Peru,89125093813374.4,usp000gu0z
2009-02-19 04:27:42.070000+00:00,2009-02-19,04:27:42,2009,4.8,10.0,-2.8,-77.704,mb,"64 km SE of Sucúa, Ecuador",1000000000000.0,usp000gu66
2009-02-21 22:47:33.550000+00:00,2009-02-21,22:47:33,2009,5.0,35.0,-2.699,-78.203,mwc,"26 km S of Sucúa, Ecuador",1995262314968.8828,usp000gu94
2009-03-02 00:39:19.450000+00:00,2009-03-02,00:39:19,2009,4.8,40.5,-4.084,-80.914,mb,"15 km E of Máncora, Peru",1000000000000.0,usp000guhn
2009-03-10 21:58:28+00:00,2009-03-10,21:58:28,2009,4.5,93.9,-0.834,-79.825,mb,"31 km NW of Velasco Ibarra, Ecuador",354813389233.57605,usp000guu6
2009-03-14 14:18:31.220000+00:00,2009-03-14,14:18:31,2009,4.9,15.8,2.65,-79.702,mb,"134 km WNW of Salahonda, Colombia",1412537544622.7554,usp000guzt
2009-03-26 17:35:14.300000+00:00,2009-03-26,17:35:14,2009,5.8,10.0,-5.72,-81.338,mwc,"59 km WSW of Sechura, Peru",31622776601683.793,usp000gvet
2009-04-03 15:46:48.070000+00:00,2009-04-03,15:46:48,2009,4.8,21.4,0.677,-78.062,mb,"14 km WNW of El Ángel, Ecuador",1000000000000.0,usp000gvqg
2009-04-24 08:37:54.660000+00:00,2009-04-24,08:37:54,2009,4.5,10.0,2.533,-79.78,mb,"136 km WNW of Salahonda, Colombia",354813389233.57605,usp000gwht
2009-04-30 11:45:39.350000+00:00,2009-04-30,11:45:39,2009,4.6,119.6,-4.737,-77.191,mb,"58 km W of Barranca, Peru",501187233627.2715,usp000gwpy
2009-05-01 00:34:10.580000+00:00,2009-05-01,00:34:10,2009,5.1,191.2,-1.548,-77.306,mwc,"75 km ENE of Palora, Ecuador",2818382931264.449,usp000gwq6
2009-05-04 02:03:14.990000+00:00,2009-05-04,02:03:14,2009,4.6,47.6,-4.235,-78.032,mb,"92 km ESE of Yantzaza, Ecuador",501187233627.2715,usp000gwtj
2009-05-05 16:11:02.180000+00:00,2009-05-05,16:11:02,2009,4.5,27.7,-3.211,-81.75,mb,"126 km NW of Máncora, Peru",354813389233.57605,usp000gwvb
2009-05-06 10:08:10.770000+00:00,2009-05-06,10:08:10,2009,4.5,88.4,-2.653,-79.874,mb,"28 km W of Naranjal, Ecuador",354813389233.57605,usp000gwvt
2009-05-25 04:12:46.530000+00:00,2009-05-25,04:12:46,2009,4.8,52.1,-1.951,-80.868,mb,near the coast of Ecuador,1000000000000.0,usp000gxgh
2009-05-27 12:01:56.650000+00:00,2009-05-27,12:01:56,2009,4.3,36.9,-5.909,-75.778,mb,"38 km E of Yurimaguas, Peru",177827941003.89227,usp000gxk3
2009-06-11 16:40:48.380000+00:00,2009-06-11,16:40:48,2009,4.3,77.2,-3.317,-80.485,mb,"27 km N of Tumbes, Peru",177827941003.89227,usp000gy3f
2009-06-24 03:38:39+00:00,2009-06-24,03:38:39,2009,4.6,216.6,-1.644,-77.692,mb,"31 km ENE of Palora, Ecuador",501187233627.2715,usp000gyhy
2009-07-16 11:07:36.820000+00:00,2009-07-16,11:07:36,2009,4.1,24.6,2.602,-79.687,mb,"130 km WNW of Salahonda, Colombia",89125093813.3744,usp000gzay
2009-07-17 09:18:45.070000+00:00,2009-07-17,09:18:45,2009,4.6,10.0,1.195,-78.926,mb,"8 km SE of Valdez, Ecuador",501187233627.2715,usp000gzcg
2009-07-19 08:35:45.380000+00:00,2009-07-19,08:35:45,2009,5.4,54.9,-1.741,-80.366,mwc,"16 km WNW of Pedro Carbo, Ecuador",7943282347242.8545,usp000gzef
2009-07-24 09:19:11.230000+00:00,2009-07-24,09:19:11,2009,4.8,35.0,-3.674,-81.741,mb,"87 km NW of El Alto, Peru",1000000000000.0,usp000gzk0
2009-08-04 07:13:31.890000+00:00,2009-08-04,07:13:31,2009,4.2,41.2,-5.638,-77.599,mb,"37 km ENE of Yambrasbamba, Peru",125892541179.41713,usp000gzz1
2009-08-18 08:24:07.930000+00:00,2009-08-18,08:24:07,2009,4.2,167.9,-1.224,-77.508,mb,"42 km SE of Tena, Ecuador",125892541179.41713,usp000h0k6
2009-08-22 18:42:26.010000+00:00,2009-08-22,18:42:26,2009,4.2,35.0,-3.688,-80.876,ml,"21 km W of Zorritos, Peru",125892541179.41713,usp000h0rx
2009-08-22 18:46:50.290000+00:00,2009-08-22,18:46:50,2009,4.5,35.0,-3.847,-80.744,mb,"14 km NW of Cañaveral, Peru",354813389233.57605,usp000h0ry
2009-08-27 14:56:41.050000+00:00,2009-08-27,14:56:41,2009,5.3,37.2,-5.481,-81.222,mwc,"44 km SSW of Paita, Peru",5623413251903.491,usp000h0xk
2009-09-16 06:44:46.700000+00:00,2009-09-16,06:44:46,2009,4.6,40.0,-2.817,-77.592,mb,"75 km ESE of Sucúa, Ecuador",501187233627.2715,usp000h1jh
2009-09-16 07:41:00.740000+00:00,2009-09-16,07:41:00,2009,4.5,69.4,-1.314,-80.358,mb,"7 km ESE of Sucre, Ecuador",354813389233.57605,usp000h1jm
2009-10-09 18:11:39.930000+00:00,2009-10-09,18:11:39,2009,5.2,35.2,-0.962,-77.817,mwc,"3 km N of Tena, Ecuador",3981071705534.9854,usp000h2nt
2009-10-15 01:43:00.970000+00:00,2009-10-15,01:43:00,2009,5.0,62.2,-4.602,-80.21,mb,"6 km NE of Las Lomas, Peru",1995262314968.8828,usp000h2z1
2009-11-01 08:09:49.340000+00:00,2009-11-01,08:09:49,2009,4.5,97.6,-3.72,-77.444,mb,"115 km WSW of Alianza Cristiana, Peru",354813389233.57605,usp000h3mv
2009-11-07 19:39:20.600000+00:00,2009-11-07,19:39:20,2009,4.6,37.1,-4.143,-81.616,mb,"46 km WNW of El Alto, Peru",501187233627.2715,usp000h3ud
2009-11-26 12:18:13.040000+00:00,2009-11-26,12:18:13,2009,4.7,68.5,-3.158,-80.407,mb,"40 km NNW of Aguas Verdes, Peru",707945784384.1403,usp000h4ev
2009-12-10 16:20:35.930000+00:00,2009-12-10,16:20:35,2009,4.7,143.9,-1.883,-78.148,mb,"28 km SW of Palora, Ecuador",707945784384.1403,usp000h4xp
2009-12-18 21:25:22.800000+00:00,2009-12-18,21:25:22,2009,4.5,35.0,-1.589,-81.489,mb,"91 km NW of Salinas, Ecuador",354813389233.57605,usp000h55r
2009-12-26 09:39:09.190000+00:00,2009-12-26,09:39:09,2009,4.4,43.1,-1.678,-81.525,mb,"87 km NW of Salinas, Ecuador",251188643150.95822,usp000h5cw
2009-12-26 10:55:02.870000+00:00,2009-12-26,10:55:02,2009,4.2,35.0,-1.637,-81.58,mb,"94 km NW of Salinas, Ecuador",125892541179.41713,usp000h5cx
2009-12-28 23:26:08.310000+00:00,2009-12-28,23:26:08,2009,4.3,35.0,-1.918,-81.775,mb,"97 km WNW of Salinas, Ecuador",177827941003.89227,usp000h5et
2009-12-28 23:30:21.160000+00:00,2009-12-28,23:30:21,2009,4.7,35.0,-1.577,-81.779,mb,"115 km NW of Salinas, Ecuador",707945784384.1403,usp000h5eu
2010-01-02 08:26:21.620000+00:00,2010-01-02,08:26:21,2010,4.2,46.4,-1.625,-81.516,mb,"90 km NW of Salinas, Ecuador",125892541179.41713,usp000h5m4
2010-01-04 02:33:44.600000+00:00,2010-01-04,02:33:44,2010,4.8,42.3,-1.745,-81.566,mb,"85 km NW of Salinas, Ecuador",1000000000000.0,usp000h5pd
2010-02-06 08:56:59.200000+00:00,2010-02-06,08:56:59,2010,4.6,218.5,-1.096,-77.399,mb,"47 km ESE of Tena, Ecuador",501187233627.2715,usp000h70j
2010-02-14 00:39:17.460000+00:00,2010-02-14,00:39:17,2010,4.6,199.5,-1.26,-77.594,mb,"38 km SE of Tena, Ecuador",501187233627.2715,usp000h79j
2010-02-18 16:21:04.240000+00:00,2010-02-18,16:21:04,2010,4.7,115.3,-4.528,-77.001,mb,"49 km NW of Barranca, Peru",707945784384.1403,usp000h7e8
2010-02-19 11:37:27.210000+00:00,2010-02-19,11:37:27,2010,4.6,98.2,-1.059,-79.18,mb,"13 km SSE of La Maná, Ecuador",501187233627.2715,usp000h7fc
2010-02-26 20:06:16.550000+00:00,2010-02-26,20:06:16,2010,4.6,166.7,-1.436,-77.824,mb,"20 km ENE of Puyo, Ecuador",501187233627.2715,usp000h7qs
2010-02-28 10:26:51.770000+00:00,2010-02-28,10:26:51,2010,5.2,35.0,-1.177,-80.39,mwc,"3 km NNW of Santa Ana, Ecuador",3981071705534.9854,usp000h86k
2010-03-19 19:57:03.900000+00:00,2010-03-19,19:57:03,2010,4.6,116.2,-2.433,-78.413,mb,"26 km W of Sucúa, Ecuador",501187233627.2715,usp000h9q5
2010-03-20 19:14:53.290000+00:00,2010-03-20,19:14:53,2010,4.4,107.6,-1.944,-79.675,md,"4 km E of Palestina, Ecuador",251188643150.95822,usp000h9rt
2010-03-22 19:06:43.570000+00:00,2010-03-22,19:06:43,2010,4.8,27.4,-1.661,-80.447,mb,"12 km S of Paján, Ecuador",1000000000000.0,usp000h9vb
2010-03-26 01:56:37.480000+00:00,2010-03-26,01:56:37,2010,5.0,10.0,-1.098,-78.129,mwc,"37 km WSW of Tena, Ecuador",1995262314968.8828,usp000h9zq
2010-03-27 23:50:18.630000+00:00,2010-03-27,23:50:18,2010,4.9,50.3,-4.762,-80.73,mb,"11 km NNW of Salitral, Peru",1412537544622.7554,usp000ha1v
2010-03-30 23:26:21+00:00,2010-03-30,23:26:21,2010,4.0,53.0,-5.57,-77.04,m,"51 km N of Moyobamba, Peru",63095734448.019424,usp000ha5m
2010-04-10 04:20:01.560000+00:00,2010-04-10,04:20:01,2010,4.4,114.2,-4.279,-76.425,mb,"67 km NNE of Barranca, Peru",251188643150.95822,usp000hb3d
2010-04-12 05:51:30.960000+00:00,2010-04-12,05:51:30,2010,5.0,41.9,-4.42,-77.405,mb,"92 km WNW of Barranca, Peru",1995262314968.8828,usp000hb89
2010-04-18 08:35:04+00:00,2010-04-18,08:35:04,2010,4.4,5.2,0.245,-78.356,mb,"10 km W of Otavalo, Ecuador",251188643150.95822,usp000hbks
2010-04-19 00:33:07+00:00,2010-04-19,00:33:07,2010,4.1,12.0,1.131,-79.489,mb,"26 km NE of Esmeraldas, Ecuador",89125093813.3744,usp000hbmx
2010-05-03 06:12:34.670000+00:00,2010-05-03,06:12:34,2010,4.5,28.5,-4.121,-80.834,mb,"11 km WSW of Papayal, Peru",354813389233.57605,usp000hc8p
2010-05-05 02:31:53.020000+00:00,2010-05-05,02:31:53,2010,4.4,26.5,2.596,-79.731,mb,"134 km WNW of Salahonda, Colombia",251188643150.95822,usp000hcb8
2010-05-19 04:15:43.230000+00:00,2010-05-19,04:15:43,2010,6.0,132.0,-5.083,-77.541,mwb,"83 km NNE of Yambrasbamba, Peru",63095734448019.43,usp000hcxh
2010-05-20 17:38:52.220000+00:00,2010-05-20,17:38:52,2010,4.5,135.5,-1.89,-78.18,mb,"31 km SW of Palora, Ecuador",354813389233.57605,usp000hczk
2010-06-01 11:12:13+00:00,2010-06-01,11:12:13,2010,4.3,10.7,-1.06,-78.325,md,"27 km ENE of Píllaro, Ecuador",177827941003.89227,usp000hdf2
2010-06-26 18:40:14.170000+00:00,2010-06-26,18:40:14,2010,5.2,117.1,-4.689,-77.232,mwc,"63 km WNW of Barranca, Peru",3981071705534.9854,usp000hejm
2010-06-30 09:06:37.870000+00:00,2010-06-30,09:06:37,2010,4.2,41.4,-1.479,-81.244,mb,"75 km W of Jipijapa, Ecuador",125892541179.41713,usp000heqr
2010-07-13 19:27:51.010000+00:00,2010-07-13,19:27:51,2010,4.5,114.1,-4.11,-78.292,mb,"60 km ESE of Yantzaza, Ecuador",354813389233.57605,usp000hf89
2010-08-03 05:32:57+00:00,2010-08-03,05:32:57,2010,4.3,31.3,-2.363,-79.848,mb,"18 km SSE of Guayaquil, Ecuador",177827941003.89227,usp000hhdu
2010-08-06 10:46:01.580000+00:00,2010-08-06,10:46:01,2010,4.3,43.9,-1.598,-81.018,mb,"56 km WSW of Jipijapa, Ecuador",177827941003.89227,usp000hhnh
2010-08-12 11:54:15.580000+00:00,2010-08-12,11:54:15,2010,7.1,206.7,-1.266,-77.306,mwc,Ecuador,2818382931264449.0,usp000hj05
2010-08-14 04:39:16.700000+00:00,2010-08-14,04:39:16,2010,4.4,209.9,-1.334,-77.33,mb,Ecuador,251188643150.95822,usp000hj3k
2010-08-17 03:22:50.840000+00:00,2010-08-17,03:22:50,2010,5.2,67.2,-5.321,-80.003,mb,"7 km SSW of Buenos Aires, Peru",3981071705534.9854,usp000hjay
2010-08-18 07:38:46.560000+00:00,2010-08-18,07:38:46,2010,4.4,85.0,2.363,-77.275,mb,"12 km NNW of Argelia, Colombia",251188643150.95822,usp000hjcu
2010-08-22 06:13:45.320000+00:00,2010-08-22,06:13:45,2010,4.5,27.8,-5.173,-80.97,mb,"18 km ESE of Paita, Peru",354813389233.57605,usp000hjkv
2010-08-30 18:50:09.800000+00:00,2010-08-30,18:50:09,2010,4.0,0.0,1.22,-77.36,ml,"7 km S of Nariño, Colombia",63095734448.019424,usp000hjyk
2010-09-01 13:56:36.960000+00:00,2010-09-01,13:56:36,2010,4.4,109.0,-3.951,-80.607,mb,"4 km ESE of Cañaveral, Peru",251188643150.95822,usp000hk0w
2010-09-09 21:26:07.620000+00:00,2010-09-09,21:26:07,2010,4.1,88.6,-4.808,-80.759,mb,"9 km NW of Marcavelica, Peru",89125093813.3744,usp000hkgz
2010-09-11 18:55:25.730000+00:00,2010-09-11,18:55:25,2010,5.2,61.6,-4.244,-80.584,mwc,Peru-Ecuador border region,3981071705534.9854,usp000hkkb
2010-09-22 19:01:44.830000+00:00,2010-09-22,19:01:44,2010,4.0,74.8,-2.81,-77.622,mb,"72 km ESE of Sucúa, Ecuador",63095734448.019424,usp000hm2k
2010-10-02 14:54:04.610000+00:00,2010-10-02,14:54:04,2010,4.8,118.6,-4.225,-76.12,mb,"89 km SSE of Alianza Cristiana, Peru",1000000000000.0,usp000hmg8
2010-10-09 14:04:47.660000+00:00,2010-10-09,14:04:47,2010,5.2,123.9,-2.644,-76.652,mwc,"95 km NNW of Alianza Cristiana, Peru",3981071705534.9854,usp000hmwe
2010-10-10 04:07:52.080000+00:00,2010-10-10,04:07:52,2010,4.2,39.3,-5.854,-81.309,mb,"63 km WSW of Sechura, Peru",125892541179.41713,usp000hmxg
2010-10-16 05:12:30.030000+00:00,2010-10-16,05:12:30,2010,4.5,68.1,-1.444,-80.34,mb,"15 km NE of Paján, Ecuador",354813389233.57605,usp000hn5h
2010-10-20 01:06:00.630000+00:00,2010-10-20,01:06:00,2010,4.8,48.6,-0.381,-80.787,mb,"47 km WNW of Bahía de Caráquez, Ecuador",1000000000000.0,usp000hnad
2010-10-20 16:05:58.840000+00:00,2010-10-20,16:05:58,2010,4.7,59.6,-0.232,-80.559,mb,"43 km NNW of Bahía de Caráquez, Ecuador",707945784384.1403,usp000hnbf
2010-10-23 21:51:13.890000+00:00,2010-10-23,21:51:13,2010,4.4,39.4,1.123,-78.847,mb,"18 km S of San Lorenzo de Esmeraldas, Ecuador",251188643150.95822,usp000hnfe
2010-11-18 10:03:21.850000+00:00,2010-11-18,10:03:21,2010,4.5,52.4,-4.846,-81.148,mb,"12 km NW of San Lucas ( Pueblo Nuevo de Colan), Peru",354813389233.57605,usp000hpu5
2010-11-22 10:24:14.030000+00:00,2010-11-22,10:24:14,2010,4.3,101.4,-2.628,-79.153,mb,"24 km WSW of Cañar, Ecuador",177827941003.89227,usp000hpys
2010-11-25 04:19:41.390000+00:00,2010-11-25,04:19:41,2010,5.4,43.1,0.443,-79.92,mwc,"21 km SSE of Muisne, Ecuador",7943282347242.8545,usp000hq2w
2010-11-28 07:57:35.110000+00:00,2010-11-28,07:57:35,2010,4.7,35.0,-1.281,-80.397,mb,"2 km E of Sucre, Ecuador",707945784384.1403,usp000hq8f
2010-12-13 13:05:30.400000+00:00,2010-12-13,13:05:30,2010,4.8,90.4,-2.825,-77.138,mb,Peru-Ecuador border region,1000000000000.0,usp000hqw0
2011-01-12 12:20:03.800000+00:00,2011-01-12,12:20:03,2011,4.1,35.0,-2.351,-78.262,mb,"15 km NW of Sucúa, Ecuador",89125093813.3744,usp000hsz2
2011-03-20 11:39:47.840000+00:00,2011-03-20,11:39:47,2011,4.5,10.0,-0.357,-77.985,mb,"47 km SSE of Cayambe, Ecuador",354813389233.57605,usp000hy1r
2011-03-28 17:08:52.480000+00:00,2011-03-28,17:08:52,2011,4.5,48.8,-2.8,-80.486,mb,"21 km SSW of Playas, Ecuador",354813389233.57605,usp000hytn
2011-03-31 06:44:35.980000+00:00,2011-03-31,06:44:35,2011,4.6,26.0,-1.673,-81.618,mb,"95 km NW of Salinas, Ecuador",501187233627.2715,usp000hyze
2011-04-03 23:03:21.290000+00:00,2011-04-03,23:03:21,2011,4.8,38.8,2.536,-79.759,mb,"134 km WNW of Salahonda, Colombia",1000000000000.0,usp000hz7n
2011-04-20 22:27:59.980000+00:00,2011-04-20,22:27:59,2011,4.7,103.3,-3.877,-79.473,mb,"17 km NW of Catamayo, Ecuador",707945784384.1403,usp000j0b4
2011-04-25 22:22:16.680000+00:00,2011-04-25,22:22:16,2011,4.8,41.3,-2.913,-77.632,mb,"78 km SE of Sucúa, Ecuador",1000000000000.0,usp000j0kb
2011-05-12 02:36:01.610000+00:00,2011-05-12,02:36:01,2011,5.0,10.0,-1.745,-81.628,mwc,"91 km NW of Salinas, Ecuador",1995262314968.8828,usp000j1fa
2011-05-15 12:15:48.880000+00:00,2011-05-15,12:15:48,2011,4.6,49.6,-1.08,-80.263,mb,"17 km SSW of Junín, Ecuador",501187233627.2715,usp000j1n1
2011-05-20 14:00:49+00:00,2011-05-20,14:00:49,2011,4.1,17.1,0.509,-79.871,mb,"19 km SE of Muisne, Ecuador",89125093813.3744,usp000j1w8
2011-05-21 01:34:31.640000+00:00,2011-05-21,01:34:31,2011,4.3,48.8,-3.625,-80.318,mb,"14 km SSW of Zarumilla, Peru",177827941003.89227,usp000j1x8
2011-05-28 19:37:02.480000+00:00,2011-05-28,19:37:02,2011,4.5,24.5,-2.369,-81.632,mb,"77 km WSW of Salinas, Ecuador",354813389233.57605,usp000j2cb
2011-06-18 22:11:23.330000+00:00,2011-06-18,22:11:23,2011,4.8,69.7,-5.825,-80.691,mb,"33 km SSE of Sechura, Peru",1000000000000.0,usp000j3d8
2011-06-19 00:20:03.800000+00:00,2011-06-19,00:20:03,2011,5.5,10.0,-5.963,-80.976,mwb,"48 km SSW of Sechura, Peru",11220184543019.652,usp000j3dg
2011-07-14 23:28:02.590000+00:00,2011-07-14,23:28:02,2011,4.0,35.5,-3.634,-77.374,mb,"105 km W of Alianza Cristiana, Peru",63095734448.019424,usp000j4xf
2011-07-21 23:23:48.050000+00:00,2011-07-21,23:23:48,2011,4.6,161.9,-1.812,-77.724,mb,"29 km ESE of Palora, Ecuador",501187233627.2715,usp000j59n
2011-07-22 08:20:31.770000+00:00,2011-07-22,08:20:31,2011,4.1,60.0,-2.65,-80.313,mb,"8 km ESE of Playas, Ecuador",89125093813.3744,usp000j5af
2011-07-25 18:25:10.270000+00:00,2011-07-25,18:25:10,2011,5.2,110.3,-5.348,-76.608,mwc,"57 km S of Barranca, Peru",3981071705534.9854,usp000j5gc
2011-07-26 20:58:29.410000+00:00,2011-07-26,20:58:29,2011,5.0,123.0,-2.664,-76.609,mwc,"91 km NNW of Alianza Cristiana, Peru",1995262314968.8828,usp000j5j0
2011-08-04 16:45:52.060000+00:00,2011-08-04,16:45:52,2011,4.0,35.0,-1.71,-81.501,mb,"82 km NW of Salinas, Ecuador",63095734448.019424,usp000j5z3
2011-08-15 02:53:18.660000+00:00,2011-08-15,02:53:18,2011,5.7,177.2,-1.814,-76.908,mww,"118 km E of Palora, Ecuador",22387211385683.47,usp000j6fy
2011-08-18 05:23:44.620000+00:00,2011-08-18,05:23:44,2011,4.6,32.3,-2.925,-79.95,mb,"15 km W of Baláo, Ecuador",501187233627.2715,usp000j6mj
2011-09-02 03:46:09.310000+00:00,2011-09-02,03:46:09,2011,4.9,85.9,-3.528,-79.649,mb,"17 km NNE of Piñas, Ecuador",1412537544622.7554,usp000j7cz
2011-09-14 17:06:09.910000+00:00,2011-09-14,17:06:09,2011,4.3,55.5,-3.753,-80.915,mb,"27 km WSW of Zorritos, Peru",177827941003.89227,usp000j81x
2011-09-25 00:35:08.670000+00:00,2011-09-25,00:35:08,2011,5.1,35.1,-5.962,-81.772,mwc,"114 km WSW of Sechura, Peru",2818382931264.449,usp000j8h4
2011-09-30 12:34:36.940000+00:00,2011-09-30,12:34:36,2011,4.6,32.7,-2.205,-79.843,mb,"3 km SSE of Eloy Alfaro, Ecuador",501187233627.2715,usp000j8s8
2011-10-14 21:09:09.840000+00:00,2011-10-14,21:09:09,2011,4.4,111.0,-4.371,-76.923,mb,"57 km NNW of Barranca, Peru",251188643150.95822,usp000j9bs
2011-10-17 15:22:40.660000+00:00,2011-10-17,15:22:40,2011,4.7,20.7,-5.487,-77.327,mb,"55 km N of Segunda Jerusalén - Azunguillo, Peru",707945784384.1403,usp000j9fk
2011-10-24 18:41:48.660000+00:00,2011-10-24,18:41:48,2011,4.3,56.6,-2.825,-75.563,mb,"120 km NE of Alianza Cristiana, Peru",177827941003.89227,usp000j9uy
2011-10-29 13:50:49+00:00,2011-10-29,13:50:49,2011,4.0,3.0,-0.13,-78.37,mb,"20 km ENE of Quito, Ecuador",63095734448.019424,usp000ja2x
2011-10-29 18:24:41.140000+00:00,2011-10-29,18:24:41,2011,4.5,24.3,0.172,-77.326,mb,"48 km W of Nueva Loja, Ecuador",354813389233.57605,usp000ja33
2011-10-29 20:45:03.200000+00:00,2011-10-29,20:45:03,2011,4.6,35.0,-2.397,-79.236,mb,"11 km ENE of La Troncal, Ecuador",501187233627.2715,usp000ja37
2011-11-09 18:22:56.440000+00:00,2011-11-09,18:22:56,2011,4.9,24.4,-4.59,-77.475,mb,northern Peru,1412537544622.7554,usp000jamx
2011-11-14 06:24:29.960000+00:00,2011-11-14,06:24:29,2011,4.5,20.5,-5.96,-81.851,mb,"122 km WSW of Sechura, Peru",354813389233.57605,usp000jav6
2011-11-17 01:57:05.730000+00:00,2011-11-17,01:57:05,2011,6.0,26.6,-1.702,-81.546,mww,"87 km NW of Salinas, Ecuador",63095734448019.43,usp000jayv
2011-11-19 06:51:39.510000+00:00,2011-11-19,06:51:39,2011,4.7,46.2,-1.615,-81.524,mb,"91 km NW of Salinas, Ecuador",707945784384.1403,usp000jb3m
2011-11-22 05:24:17.880000+00:00,2011-11-22,05:24:17,2011,4.4,75.6,-4.614,-80.626,mb,"24 km N of Querecotillo, Peru",251188643150.95822,usp000jb8d
2011-11-22 11:05:42.760000+00:00,2011-11-22,11:05:42,2011,4.2,37.7,-1.644,-81.562,mb,"92 km NW of Salinas, Ecuador",125892541179.41713,usp000jb8u
2011-11-26 06:37:25.210000+00:00,2011-11-26,06:37:25,2011,4.5,42.6,-1.615,-81.648,mb,"101 km NW of Salinas, Ecuador",354813389233.57605,usp000jbdt
2011-11-27 23:53:56.970000+00:00,2011-11-27,23:53:56,2011,4.5,70.1,-2.814,-80.072,mb,"30 km WNW of Baláo, Ecuador",354813389233.57605,usp000jbgb
2011-11-30 02:01:58.140000+00:00,2011-11-30,02:01:58,2011,4.6,38.1,-4.424,-77.111,mb,"66 km NW of Barranca, Peru",501187233627.2715,usp000jbmr
2011-12-08 10:04:52.700000+00:00,2011-12-08,10:04:52,2011,4.4,47.4,-5.13,-77.942,mb,"67 km N of Yambrasbamba, Peru",251188643150.95822,usp000jbyq
2011-12-30 07:13:02.440000+00:00,2011-12-30,07:13:02,2011,4.6,127.6,-1.958,-78.723,mb,"30 km NNE of Alausí, Ecuador",501187233627.2715,usp000jctz
2011-12-31 00:53:55.220000+00:00,2011-12-31,00:53:55,2011,4.7,95.7,1.734,-77.294,mb,"4 km ESE of El Rosario, Colombia",707945784384.1403,usp000jcve
2012-01-10 18:07:12.990000+00:00,2012-01-10,18:07:12,2012,5.0,49.5,-0.74,-80.28,mb,"7 km NW of Tosagua, Ecuador",1995262314968.8828,usp000jdan
2012-01-12 06:59:02.180000+00:00,2012-01-12,06:59:02,2012,4.5,51.1,0.551,-79.697,mb,"35 km NW of Rosa Zarate, Ecuador",354813389233.57605,usp000jdcx
2012-02-01 15:38:07.140000+00:00,2012-02-01,15:38:07,2012,4.5,10.0,2.008,-80.153,mb,"128 km NNW of Esmeraldas, Ecuador",354813389233.57605,usp000je8r
2012-02-07 02:18:25.730000+00:00,2012-02-07,02:18:25,2012,4.7,41.7,-3.608,-77.343,mb,"102 km W of Alianza Cristiana, Peru",707945784384.1403,usp000jemc
2012-02-08 10:54:42.290000+00:00,2012-02-08,10:54:42,2012,5.2,64.5,0.658,-79.258,mwc,near the coast of Ecuador,3981071705534.9854,usp000jepf
2012-02-24 02:56:45.970000+00:00,2012-02-24,02:56:45,2012,4.6,158.9,-2.319,-76.269,mb,"129 km N of Alianza Cristiana, Peru",501187233627.2715,usp000jf9y
2012-02-24 17:40:55.920000+00:00,2012-02-24,17:40:55,2012,4.8,41.8,-3.833,-81.049,mb,"30 km N of Máncora, Peru",1000000000000.0,usp000jfb0
2012-03-06 18:14:08.400000+00:00,2012-03-06,18:14:08,2012,4.5,88.8,-2.748,-77.936,mb,"41 km SE of Sucúa, Ecuador",354813389233.57605,usp000jfvr
2012-03-07 20:37:05.150000+00:00,2012-03-07,20:37:05,2012,4.4,186.5,-1.693,-77.718,mb,"27 km E of Palora, Ecuador",251188643150.95822,usp000jfx9
2012-03-19 19:59:08.530000+00:00,2012-03-19,19:59:08,2012,4.8,74.3,-5.839,-80.6,mb,"39 km SE of Sechura, Peru",1000000000000.0,usp000jgg5
2012-03-20 19:32:17.740000+00:00,2012-03-20,19:32:17,2012,4.5,182.0,-1.602,-77.585,mb,"43 km ENE of Palora, Ecuador",354813389233.57605,usp000jghw
2012-03-28 18:37:56.070000+00:00,2012-03-28,18:37:56,2012,4.3,42.7,-1.527,-81.443,mb,"93 km NW of Salinas, Ecuador",177827941003.89227,usp000jgx5
2012-03-28 18:39:08.560000+00:00,2012-03-28,18:39:08,2012,4.3,41.2,-1.668,-81.516,mb,"87 km NW of Salinas, Ecuador",177827941003.89227,usp000jgx6
2012-03-29 22:27:38.610000+00:00,2012-03-29,22:27:38,2012,4.2,57.4,-5.186,-80.789,mb,"13 km W of San Martin, Peru",125892541179.41713,usp000jgyw
2012-03-29 23:57:19.210000+00:00,2012-03-29,23:57:19,2012,4.7,59.9,-2.065,-78.584,mb,"33 km ENE of Alausí, Ecuador",707945784384.1403,usp000jgyy
2012-04-03 03:08:08.020000+00:00,2012-04-03,03:08:08,2012,5.4,63.9,-5.18,-80.583,mb,"5 km ENE of Piura, Peru",7943282347242.8545,usp000jh61
2012-04-03 09:17:21.430000+00:00,2012-04-03,09:17:21,2012,4.4,35.8,-5.275,-76.57,mb,"50 km SSE of Barranca, Peru",251188643150.95822,usp000jh6d
2012-04-07 23:54:42.590000+00:00,2012-04-07,23:54:42,2012,4.2,42.3,-3.834,-81.215,mb,"35 km NNW of Máncora, Peru",125892541179.41713,usp000jhcr
2012-04-29 00:43:21.620000+00:00,2012-04-29,00:43:21,2012,4.7,85.8,-2.318,-79.656,mb,"21 km SSW of Milagro, Ecuador",707945784384.1403,usp000jjr8
2012-04-30 17:22:31.380000+00:00,2012-04-30,17:22:31,2012,4.5,4.8,-1.971,-77.347,mb,"74 km ESE of Palora, Ecuador",354813389233.57605,usp000jjtt
2012-05-23 10:24:06.740000+00:00,2012-05-23,10:24:06,2012,4.6,163.4,-1.765,-77.781,mb,"21 km ESE of Palora, Ecuador",501187233627.2715,usp000jktk
2012-06-08 04:19:03.410000+00:00,2012-06-08,04:19:03,2012,4.8,33.5,-1.657,-81.511,mb,"87 km NW of Salinas, Ecuador",1000000000000.0,usp000jmgs
2012-06-16 00:19:38.640000+00:00,2012-06-16,00:19:38,2012,4.8,42.6,-2.213,-76.2,mb,"141 km N of Alianza Cristiana, Peru",1000000000000.0,usp000jmtv
2012-06-16 20:35:14.440000+00:00,2012-06-16,20:35:14,2012,4.5,33.1,-3.479,-77.555,mb,"114 km E of Gualaquiza, Ecuador",354813389233.57605,usp000jmuw
2012-06-18 13:34:50.450000+00:00,2012-06-18,13:34:50,2012,4.9,35.0,-1.029,-78.671,mb,"8 km SSE of Pujilí, Ecuador",1412537544622.7554,usp000jmxm
2012-06-20 12:31:29.400000+00:00,2012-06-20,12:31:29,2012,4.7,158.4,2.248,-76.354,mb,"28 km E of Paispamba, Colombia",707945784384.1403,usp000jn07
2012-06-27 12:17:30.990000+00:00,2012-06-27,12:17:30,2012,4.5,53.6,-1.588,-80.796,mb,"35 km SW of Jipijapa, Ecuador",354813389233.57605,usp000jna3
2012-07-03 13:47:03.190000+00:00,2012-07-03,13:47:03,2012,5.1,115.4,-4.035,-76.15,mb,"69 km SSE of Alianza Cristiana, Peru",2818382931264.449,usp000jnja
2012-07-15 06:51:23.830000+00:00,2012-07-15,06:51:23,2012,4.5,186.5,-1.526,-77.714,mb,"32 km E of Puyo, Ecuador",354813389233.57605,usp000jp18
2012-07-30 05:19:46.860000+00:00,2012-07-30,05:19:46,2012,4.8,47.0,-1.895,-80.747,mb,"38 km NNE of Santa Elena, Ecuador",1000000000000.0,usp000jpmx
2012-08-13 05:32:47.660000+00:00,2012-08-13,05:32:47,2012,4.9,120.1,-5.697,-76.895,mb,"38 km NNE of Moyobamba, Peru",1412537544622.7554,usp000jq8h
2012-08-21 04:34:22.050000+00:00,2012-08-21,04:34:22,2012,4.5,27.0,-4.95,-77.205,mb,"60 km WSW of Barranca, Peru",354813389233.57605,usp000jqjw
2012-08-30 23:00:39.310000+00:00,2012-08-30,23:00:39,2012,4.6,82.4,-3.008,-79.426,mb,"42 km SSE of Naranjal, Ecuador",501187233627.2715,usp000jr6c
2012-09-01 07:00:16.170000+00:00,2012-09-01,07:00:16,2012,4.3,64.5,-3.4,-80.62,mb,"26 km NW of Tumbes, Peru",177827941003.89227,usp000jrd5
2012-09-13 18:13:43.760000+00:00,2012-09-13,18:13:43,2012,4.3,10.0,1.809,-79.222,mb,"47 km W of Tumaco, Colombia",177827941003.89227,usp000js9f
2012-09-15 05:14:24.070000+00:00,2012-09-15,05:14:24,2012,4.3,35.0,-3.921,-80.351,mb,"31 km SSW of Matapalo, Peru",177827941003.89227,usp000jsbk
2012-09-30 16:31:35.970000+00:00,2012-09-30,16:31:35,2012,7.3,170.0,1.929,-76.362,mww,"11 km WNW of San Agustín, Colombia",5623413251903491.0,usp000jta1
2012-10-04 00:23:46+00:00,2012-10-04,00:23:46,2012,4.1,6.0,-1.641,-81.256,mb,"71 km NNW of Salinas, Ecuador",89125093813.3744,usp000jtgn
2012-10-20 10:56:40.570000+00:00,2012-10-20,10:56:40,2012,4.8,10.0,2.669,-79.738,mb,"138 km WNW of Salahonda, Colombia",1000000000000.0,usp000ju78
2012-10-22 12:56:28.310000+00:00,2012-10-22,12:56:28,2012,4.4,21.4,-3.133,-77.56,mb,"100 km SE of Sucúa, Ecuador",251188643150.95822,usp000juaj
2012-10-25 20:49:35.760000+00:00,2012-10-25,20:49:35,2012,5.4,24.5,-5.919,-76.074,mb,"5 km ESE of Yurimaguas, Peru",7943282347242.8545,usp000juep
2012-10-28 04:13:34.120000+00:00,2012-10-28,04:13:34,2012,4.7,77.7,-2.227,-79.764,mb,"11 km ESE of Eloy Alfaro, Ecuador",707945784384.1403,usp000jujb
2012-11-05 18:04:42.100000+00:00,2012-11-05,18:04:42,2012,4.6,49.9,-2.673,-77.58,mb,"69 km ESE of Sucúa, Ecuador",501187233627.2715,usp000jv2v
2012-11-12 14:08:33.540000+00:00,2012-11-12,14:08:33,2012,4.6,35.0,-5.243,-76.447,mb,"51 km SSE of Barranca, Peru",501187233627.2715,usp000jvev
2012-11-13 01:56:46.760000+00:00,2012-11-13,01:56:46,2012,5.1,47.4,-1.736,-81.577,mb,"87 km NW of Salinas, Ecuador",2818382931264.449,usp000jvgg
2012-11-28 03:09:48.720000+00:00,2012-11-28,03:09:48,2012,5.6,118.3,-4.522,-76.101,mww,"72 km ENE of Barranca, Peru",15848931924611.11,usp000jw5y
2012-12-10 10:50:52.380000+00:00,2012-12-10,10:50:52,2012,4.3,53.6,2.167,-76.04,mb,"7 km WSW of La Argentina, Colombia",177827941003.89227,usp000jwsr
2012-12-11 17:13:24.540000+00:00,2012-12-11,17:13:24,2012,4.4,49.6,-1.707,-81.578,mb,"89 km NW of Salinas, Ecuador",251188643150.95822,usp000jwur
2013-01-04 19:46:25.910000+00:00,2013-01-04,19:46:25,2013,4.7,192.3,-1.484,-77.531,mb,"52 km E of Puyo, Ecuador",707945784384.1403,usp000jxtm
2013-01-15 22:34:50+00:00,2013-01-15,22:34:50,2013,4.6,40.0,-5.74,-80.66,mb,"27 km SE of Sechura, Peru",501187233627.2715,usb000epnx
2013-01-16 07:04:14.860000+00:00,2013-01-16,07:04:14,2013,4.2,25.5,-5.822,-76.924,mb,"24 km NNE of Moyobamba, Peru",125892541179.41713,usp000jyfs
2013-01-17 13:12:49.890000+00:00,2013-01-17,13:12:49,2013,4.4,36.6,-0.618,-80.197,mb,"14 km NW of Chone, Ecuador",251188643150.95822,usp000jyh6
2013-01-20 07:02:59.450000+00:00,2013-01-20,07:02:59,2013,4.4,37.8,-1.366,-80.89,mb,"34 km W of Jipijapa, Ecuador",251188643150.95822,usp000jym2
2013-02-09 14:16:07.880000+00:00,2013-02-09,14:16:07,2013,6.9,145.0,1.135,-77.393,mww,"2 km NNE of Yacuanquer, Colombia",1412537544622761.2,usc000f4ij
2013-02-18 04:51:55.350000+00:00,2013-02-18,04:51:55,2013,4.7,109.9,-3.54,-76.881,mb,"50 km W of Alianza Cristiana, Peru",707945784384.1403,usc000f9kl
2013-02-24 09:00:00.530000+00:00,2013-02-24,09:00:00,2013,4.5,10.0,0.977,-78.464,mb,"53 km SE of San Lorenzo de Esmeraldas, Ecuador",354813389233.57605,usc000fcg3
2013-02-27 15:56:09.980000+00:00,2013-02-27,15:56:09,2013,4.5,93.9,-3.51,-78.674,mb,"15 km SW of Gualaquiza, Ecuador",354813389233.57605,us2013mdcv
2013-03-14 21:02:45.300000+00:00,2013-03-14,21:02:45,2013,4.2,35.0,-1.548,-81.174,mb,"69 km WSW of Jipijapa, Ecuador",125892541179.41713,us2013mtb7
2013-03-15 05:34:20.730000+00:00,2013-03-15,05:34:20,2013,4.3,130.6,-3.089,-75.656,mb,"96 km ENE of Alianza Cristiana, Peru",177827941003.89227,usb000fl8p
2013-04-05 02:19:26.830000+00:00,2013-04-05,02:19:26,2013,4.0,29.0,-0.829,-80.699,mb,"14 km N of Manta, Ecuador",63095734448.019424,us2013nqdu
2013-04-09 00:32:25.910000+00:00,2013-04-09,00:32:25,2013,4.3,62.4,-5.845,-80.345,mb,"53 km WSW of Pueblo Nuevo, Peru",177827941003.89227,usb000g2nj
2013-04-10 00:52:48.390000+00:00,2013-04-10,00:52:48,2013,4.5,88.1,-2.074,-79.562,mb,"7 km NNE of Milagro, Ecuador",354813389233.57605,usb000g3ng
2013-04-23 21:15:27.390000+00:00,2013-04-23,21:15:27,2013,4.3,161.8,-1.607,-77.767,mb,"24 km ENE of Palora, Ecuador",177827941003.89227,usb000gekc
2013-04-29 02:32:50+00:00,2013-04-29,02:32:50,2013,4.9,90.0,-3.217,-78.544,mb,"21 km NNE of Gualaquiza, Ecuador",1412537544622.7554,usb000ghc6
2013-05-12 13:14:28.530000+00:00,2013-05-12,13:14:28,2013,4.6,21.0,-3.119,-77.665,mb,"92 km SE of Sucúa, Ecuador",501187233627.2715,us2013qca7
2013-05-14 13:16:35.350000+00:00,2013-05-14,13:16:35,2013,4.4,170.5,-1.153,-77.504,mb,"38 km ESE of Tena, Ecuador",251188643150.95822,us2013qeas
2013-05-20 06:15:17.820000+00:00,2013-05-20,06:15:17,2013,4.3,63.5,-5.713,-78.342,mb,"9 km ENE of Cajaruro, Peru",177827941003.89227,usp000k0tx
2013-05-24 05:42:12.460000+00:00,2013-05-24,05:42:12,2013,4.8,72.3,-1.653,-78.108,mb,"16 km WNW of Palora, Ecuador",1000000000000.0,usb000h4jn
2013-06-10 14:21:16.820000+00:00,2013-06-10,14:21:16,2013,4.9,43.8,-5.564,-81.628,mb,"77 km SW of Paita, Peru",1412537544622.7554,usc000hkbe
2013-06-12 19:58:14.070000+00:00,2013-06-12,19:58:14,2013,4.8,123.8,-1.318,-78.782,mb,"19 km WSW of Ambato, Ecuador",1000000000000.0,usc000hng0
2013-06-14 09:59:26.540000+00:00,2013-06-14,09:59:26,2013,4.3,25.6,-4.532,-80.682,mb,"34 km N of Querecotillo, Peru",177827941003.89227,usc000hqkf
2013-06-26 10:51:29.400000+00:00,2013-06-26,10:51:29,2013,4.5,34.8,-2.579,-80.424,mb,"7 km NW of Playas, Ecuador",354813389233.57605,usc000i0nq
2013-06-27 16:34:37.880000+00:00,2013-06-27,16:34:37,2013,4.5,19.9,2.205,-79.817,mb,"122 km WNW of Tumaco, Colombia",354813389233.57605,usp000k1ha
2013-06-28 18:46:38.290000+00:00,2013-06-28,18:46:38,2013,4.2,125.9,-2.786,-76.331,mb,"77 km N of Alianza Cristiana, Peru",125892541179.41713,usp000k1j9
2013-07-09 05:54:18.940000+00:00,2013-07-09,05:54:18,2013,4.2,86.7,-4.633,-80.623,mb,Peru-Ecuador border region,125892541179.41713,usp000k1uj
2013-07-15 02:36:51+00:00,2013-07-15,02:36:51,2013,4.3,16.8,-0.65,-81.0,mb,"47 km NW of Manta, Ecuador",177827941003.89227,usp000k20y
2013-07-17 12:59:16+00:00,2013-07-17,12:59:16,2013,4.6,74.0,-5.95,-76.16,ml,"6 km SW of Yurimaguas, Peru",501187233627.2715,usb000ifz9
2013-07-28 16:57:33.950000+00:00,2013-07-28,16:57:33,2013,4.6,46.8,-5.783,-80.73,mb,"27 km SSE of Sechura, Peru",501187233627.2715,usc000ir62
2013-07-29 03:47:56+00:00,2013-07-29,03:47:56,2013,4.2,38.0,-5.6,-80.92,mb,"11 km WSW of Sechura, Peru",125892541179.41713,usc000irdk
2013-07-31 10:28:08+00:00,2013-07-31,10:28:08,2013,4.5,56.0,-5.16,-80.74,mb,"8 km WNW of San Martin, Peru",354813389233.57605,usc000itb4
2013-08-12 09:49:32.360000+00:00,2013-08-12,09:49:32,2013,6.2,10.0,-5.3962,-81.9268,mww,"96 km WSW of Paita, Peru",125892541179417.14,usb000j10u
2013-08-12 14:33:27.900000+00:00,2013-08-12,14:33:27,2013,4.2,10.0,-5.215,-81.8787,mb,"85 km W of Paita, Peru",125892541179.41713,usb000j7q1
2013-08-15 05:48:55.090000+00:00,2013-08-15,05:48:55,2013,4.3,41.36,-5.5284,-81.9837,mb,"107 km WSW of Paita, Peru",177827941003.89227,usb000ja90
2013-08-22 15:50:38.550000+00:00,2013-08-22,15:50:38,2013,4.3,159.03,-1.9051,-77.5896,mb,"47 km ESE of Palora, Ecuador",177827941003.89227,usb000j9gv
2013-09-07 04:22:41.940000+00:00,2013-09-07,04:22:41,2013,4.3,37.6,-5.4003,-81.8795,mb,"91 km WSW of Paita, Peru",177827941003.89227,usc000jwv1
2013-09-14 17:00:08.540000+00:00,2013-09-14,17:00:08,2013,4.5,118.83,-2.1665,-78.6629,mb,"20 km E of Alausí, Ecuador",354813389233.57605,usc000jufn
2013-09-15 09:59:01.320000+00:00,2013-09-15,09:59:01,2013,4.5,59.48,-4.9142,-80.9002,mb,"6 km E of La Huaca, Peru",354813389233.57605,usc000juuk
2013-09-18 10:26:02.040000+00:00,2013-09-18,10:26:02,2013,4.5,44.83,-5.3895,-81.1984,mb,"34 km SSW of Paita, Peru",354813389233.57605,usc000jwzv
2013-09-18 14:49:11.780000+00:00,2013-09-18,14:49:11,2013,4.3,65.24,-2.6456,-79.773,mb,"17 km W of Naranjal, Ecuador",177827941003.89227,usb000jyfl
2013-09-23 07:55:52.770000+00:00,2013-09-23,07:55:52,2013,4.5,158.73,-1.6483,-77.9096,mb,"8 km NE of Palora, Ecuador",354813389233.57605,usb000jxun
2013-09-28 15:28:58.860000+00:00,2013-09-28,15:28:58,2013,4.6,39.72,2.6304,-79.2639,mb,"91 km W of Mosquera, Colombia",501187233627.2715,usb000k1kw
2013-10-16 10:24:47.590000+00:00,2013-10-16,10:24:47,2013,4.6,9.17,0.7725,-78.0818,mb,"22 km NW of El Ángel, Ecuador",501187233627.2715,usb000kem8
2013-10-18 01:32:38.020000+00:00,2013-10-18,01:32:38,2013,4.5,37.4,-1.0295,-81.3017,mb,"65 km W of Manta, Ecuador",354813389233.57605,usb000kg5p
2013-10-19 05:32:41.020000+00:00,2013-10-19,05:32:41,2013,4.3,34.97,-1.6904,-81.0107,mb,"58 km S of Salinas, Ecuador",177827941003.89227,usb000kh4s
2013-10-24 00:37:20+00:00,2013-10-24,00:37:20,2013,4.5,57.0,-2.06,-79.79,mb,"11 km WNW of Yaguachi Nuevo, Ecuador",354813389233.57605,usc000km1p
2013-11-01 07:30:09.820000+00:00,2013-11-01,07:30:09,2013,4.1,67.72,0.2511,-79.9673,mb,"21 km NNE of Pedernales, Ecuador",89125093813.3744,usb000kyeh
2013-11-14 15:02:57.850000+00:00,2013-11-14,15:02:57,2013,4.7,56.42,-5.7019,-78.305,mb,"13 km ENE of Cajaruro, Peru",707945784384.1403,usb000kxuc
2013-11-23 20:50:18.930000+00:00,2013-11-23,20:50:18,2013,4.0,144.26,-1.8716,-77.9259,mb,"19 km SSE of Palora, Ecuador",63095734448.019424,usb000l7qa
2013-11-25 19:43:01.120000+00:00,2013-11-25,19:43:01,2013,5.0,85.43,-3.1694,-79.885,mb,"12 km NE of Machala, Ecuador",1995262314968.8828,usb000l6bc
2013-11-30 16:38:54.080000+00:00,2013-11-30,16:38:54,2013,4.8,108.35,-2.4929,-77.4392,mb,"77 km ESE of Macas, Ecuador",1000000000000.0,usb000l8hl
2013-12-05 17:03:02.650000+00:00,2013-12-05,17:03:02,2013,4.6,41.73,2.4942,-79.7525,mb,"131 km WNW of Salahonda, Colombia",501187233627.2715,usb000lc12
2013-12-14 01:41:16.460000+00:00,2013-12-14,01:41:16,2013,5.0,55.69,-2.8312,-80.5869,mb,"31 km SW of Playas, Ecuador",1995262314968.8828,usc000lkg7
2013-12-27 21:14:25.640000+00:00,2013-12-27,21:14:25,2013,4.5,64.72,-4.1639,-77.0478,mb,"84 km NNW of Barranca, Peru",354813389233.57605,usc000m06a
2014-01-06 20:05:44.800000+00:00,2014-01-06,20:05:44,2014,4.7,45.24,-4.7987,-80.5954,mb,"4 km N of Huangala, Peru",707945784384.1403,usc000lxtc
2014-01-08 15:39:17.510000+00:00,2014-01-08,15:39:17,2014,4.6,72.1,-5.0123,-80.0008,mb,"16 km NW of Paltashaco, Peru",501187233627.2715,usc000lynk
2014-01-09 11:07:35.690000+00:00,2014-01-09,11:07:35,2014,4.7,43.66,2.9858,-75.9346,mb,"22 km SW of Gaitania, Colombia",707945784384.1403,usc000lzax
2014-01-09 12:50:18.420000+00:00,2014-01-09,12:50:18,2014,5.0,26.17,2.9737,-75.8432,mb,"19 km S of Gaitania, Colombia",1995262314968.8828,usc000lzbq
2014-01-09 14:03:30.060000+00:00,2014-01-09,14:03:30,2014,4.6,59.45,2.9792,-75.8777,mb,"20 km SSW of Gaitania, Colombia",501187233627.2715,usb000m7dk
2014-01-13 09:17:46.840000+00:00,2014-01-13,09:17:46,2014,4.5,49.5,-5.2914,-78.455,mb,"35 km N of La Peca, Peru",354813389233.57605,usc000mdqh
2014-01-19 03:20:06.850000+00:00,2014-01-19,03:20:06,2014,4.3,10.04,-4.2249,-77.563,mb,"119 km NW of Barranca, Peru",177827941003.89227,usc000mgzj
2014-01-20 04:36:16+00:00,2014-01-20,04:36:16,2014,4.2,10.0,-1.99,-78.96,mb,"26 km NNW of Alausí, Ecuador",125892541179.41713,usc000mi05
2014-01-26 05:10:27.220000+00:00,2014-01-26,05:10:27,2014,5.3,11.0,-3.8506,-80.8578,mwb,"25 km WNW of Cañaveral, Peru",5623413251903.491,usb000m8ad
2014-02-16 16:55:59.810000+00:00,2014-02-16,16:55:59,2014,4.5,23.25,-4.617,-78.3859,mb,"87 km SE of Zamora, Ecuador",354813389233.57605,usb000myd0
2014-02-21 12:42:08.690000+00:00,2014-02-21,12:42:08,2014,4.6,41.63,0.2182,-79.1133,mb,"41 km ESE of Rosa Zarate, Ecuador",501187233627.2715,usc000mvf8
2014-02-22 15:35:49.530000+00:00,2014-02-22,15:35:49,2014,4.3,48.59,-3.8254,-77.5038,mb,"124 km WSW of Alianza Cristiana, Peru",177827941003.89227,usc000n450
2014-03-05 04:25:43.020000+00:00,2014-03-05,04:25:43,2014,4.5,99.73,-3.9612,-76.3743,mb,"54 km S of Alianza Cristiana, Peru",354813389233.57605,usb000n1c1
2014-03-09 02:10:58.150000+00:00,2014-03-09,02:10:58,2014,4.3,10.0,0.3318,-77.6292,mb,"35 km E of Pimampiro, Ecuador",177827941003.89227,usc000n5qh
2014-03-09 20:29:52.590000+00:00,2014-03-09,20:29:52,2014,5.6,6.0,1.6575,-79.3537,mww,"61 km NW of Valdez, Ecuador",15848931924611.11,usc000n62j
2014-03-14 20:53:53.710000+00:00,2014-03-14,20:53:53,2014,4.9,96.28,-2.0488,-79.6126,mb,"9 km NNW of Milagro, Ecuador",1412537544622.7554,usc000nbua
2014-03-15 23:51:32.970000+00:00,2014-03-15,23:51:32,2014,6.3,29.0,-5.5745,-80.9709,mww,"16 km W of Sechura, Peru",177827941003892.28,usc000nd0c
2014-03-16 15:25:14+00:00,2014-03-16,15:25:14,2014,4.5,28.0,-5.69,-81.0,mb,"24 km SW of Sechura, Peru",354813389233.57605,usc000ndjj
2014-03-22 00:38:45+00:00,2014-03-22,00:38:45,2014,4.9,37.0,-5.43,-80.83,mb,"5 km WSW of Vice, Peru",1412537544622.7554,usc000nkkl
2014-03-22 15:47:54.400000+00:00,2014-03-22,15:47:54,2014,4.2,62.77,-2.7245,-79.4977,mb,"14 km ESE of Naranjal, Ecuador",125892541179.41713,usc000nyu2
2014-03-25 07:21:29+00:00,2014-03-25,07:21:29,2014,4.1,36.0,-5.57,-81.0,mb,"19 km W of Sechura, Peru",89125093813.3744,usb000ptt2
2014-03-25 09:56:31.080000+00:00,2014-03-25,09:56:31,2014,5.3,35.0,-2.2524,-79.2803,mb,"17 km ESE of Coronel Marcelino Maridueña, Ecuador",5623413251903.491,usc000npis
2014-03-25 10:08:34.150000+00:00,2014-03-25,10:08:34,2014,4.2,35.0,-2.1181,-79.1696,mb,"30 km ENE of Coronel Marcelino Maridueña, Ecuador",125892541179.41713,usc000p4qk
2014-03-25 10:36:00.470000+00:00,2014-03-25,10:36:00,2014,4.3,35.0,-2.1292,-79.1392,mb,near the coast of Ecuador,177827941003.89227,usc000p4pf
2014-03-25 15:11:42.840000+00:00,2014-03-25,15:11:42,2014,4.1,31.54,-2.1922,-78.9896,mb,"15 km W of Alausí, Ecuador",89125093813.3744,usc000p4pm
2014-03-26 09:16:07.520000+00:00,2014-03-26,09:16:07,2014,4.3,80.33,-5.8758,-75.6601,mb,"51 km E of Yurimaguas, Peru",177827941003.89227,usc000p59u
2014-04-14 05:23:43.040000+00:00,2014-04-14,05:23:43,2014,4.0,10.0,0.6726,-77.9196,mb,"5 km NNE of El Ángel, Ecuador",63095734448.019424,usb000qq3i
2014-04-29 10:57:41.610000+00:00,2014-04-29,10:57:41,2014,4.4,61.93,0.775,-77.8322,mb,"13 km WSW of Tulcán, Ecuador",251188643150.95822,usb000q3qw
2014-04-30 05:43:15.430000+00:00,2014-04-30,05:43:15,2014,4.8,49.16,0.7311,-77.8344,mb,Colombia-Ecuador border region,1000000000000.0,usb000q4wu
2014-05-12 04:15:27+00:00,2014-05-12,04:15:27,2014,4.5,34.0,-4.21,-80.46,mb,"34 km ESE of Papayal, Peru",354813389233.57605,usb000qilx
2014-05-15 01:48:52.810000+00:00,2014-05-15,01:48:52,2014,4.6,49.97,-5.5911,-80.9825,mb,"18 km WSW of Sechura, Peru",501187233627.2715,usb000qndw
2014-05-25 15:52:53.220000+00:00,2014-05-25,15:52:53,2014,4.4,76.3,-5.5285,-80.7445,mb,"8 km S of Bernal, Peru",251188643150.95822,usc000regl
2014-05-26 00:05:59+00:00,2014-05-26,00:05:59,2014,4.2,194.0,-1.6,-77.79,mb,"22 km ENE of Palora, Ecuador",125892541179.41713,usb000r3tk
2014-05-29 22:15:10.300000+00:00,2014-05-29,22:15:10,2014,4.4,164.97,-1.6587,-77.8616,mb,"12 km ENE of Palora, Ecuador",251188643150.95822,usc000r8wh
2014-06-02 06:37:37.600000+00:00,2014-06-02,06:37:37,2014,4.7,173.04,-1.4586,-77.652,mb,"39 km E of Puyo, Ecuador",707945784384.1403,usc000ra16
2014-06-02 12:52:21.910000+00:00,2014-06-02,12:52:21,2014,4.4,145.21,2.5704,-76.7868,mb,"9 km NE of Villa Rica, Colombia",251188643150.95822,usc000ra3c
2014-06-13 01:14:38.820000+00:00,2014-06-13,01:14:38,2014,4.0,53.05,-4.9425,-80.5138,mb,"14 km SE of Huangala, Peru",63095734448.019424,usb000rrrs
2014-06-13 18:10:50.200000+00:00,2014-06-13,18:10:50,2014,4.4,44.34,-1.2024,-80.9912,mb,"40 km SW of Manta, Ecuador",251188643150.95822,usb000rrrj
2014-06-16 06:39:32.260000+00:00,2014-06-16,06:39:32,2014,5.7,14.97,1.6444,-79.2557,mww,"51 km NW of Pampanal de Bolívar, Ecuador",22387211385683.47,usc000rfye
2014-06-25 21:29:43.980000+00:00,2014-06-25,21:29:43,2014,4.2,143.47,-2.5786,-76.4301,mb,"99 km N of Alianza Cristiana, Peru",125892541179.41713,usb000rvkq
2014-06-27 12:56:38.060000+00:00,2014-06-27,12:56:38,2014,4.6,25.06,2.9819,-79.4752,mb,"125 km WNW of Mosquera, Colombia",501187233627.2715,usc000rmrd
2014-07-08 07:28:57.060000+00:00,2014-07-08,07:28:57,2014,4.4,10.0,-1.1749,-77.2013,mb,"53 km S of Boca Suno, Ecuador",251188643150.95822,usb000rv6k
2014-07-09 20:35:22.060000+00:00,2014-07-09,20:35:22,2014,4.2,117.76,-2.0146,-77.02,mb,"110 km ESE of Palora, Ecuador",125892541179.41713,usb000rucx
2014-07-16 23:19:41.770000+00:00,2014-07-16,23:19:41,2014,4.2,115.28,-4.0148,-77.6646,mb,"122 km ESE of Gualaquiza, Ecuador",125892541179.41713,usb000rx8k
2014-07-21 16:49:01.430000+00:00,2014-07-21,16:49:01,2014,4.1,194.26,-1.5645,-77.702,mb,"32 km ENE of Palora, Ecuador",89125093813.3744,usb000rv8d
2014-07-23 09:57:47.200000+00:00,2014-07-23,09:57:47,2014,4.6,39.66,-5.7212,-81.0007,mb,"26 km SW of Sechura, Peru",501187233627.2715,usb000rwgu
2014-07-28 15:26:36+00:00,2014-07-28,15:26:36,2014,4.4,92.0,-4.97,-79.53,mb,"22 km NNW of Sapalache, Peru",251188643150.95822,usb000s18q
2014-08-03 03:57:00.100000+00:00,2014-08-03,03:57:00,2014,4.8,156.4,-1.698,-77.8042,mb,"17 km E of Palora, Ecuador",1000000000000.0,usb000rzl8
2014-08-03 21:02:39.950000+00:00,2014-08-03,21:02:39,2014,5.4,16.03,-3.9248,-80.9204,mwb,"24 km NE of Máncora, Peru",7943282347242.8545,usb000rzpi
2014-08-03 22:04:06+00:00,2014-08-03,22:04:06,2014,4.5,37.0,-4.01,-81.11,mb,"12 km NNW of Máncora, Peru",354813389233.57605,usb000rzpz
2014-08-03 22:09:35+00:00,2014-08-03,22:09:35,2014,4.5,44.0,-4.05,-81.19,mb,"17 km WNW of Máncora, Peru",354813389233.57605,usb000rzq1
2014-08-03 22:30:03+00:00,2014-08-03,22:30:03,2014,4.1,36.0,-4.1,-81.03,mb,"2 km ENE of Máncora, Peru",89125093813.3744,usb000s2x6
2014-08-12 19:58:00.130000+00:00,2014-08-12,19:58:00,2014,5.1,11.88,-0.018,-78.3219,mb,"20 km WSW of Cayambe, Ecuador",2818382931264.449,usb000s27f
2014-08-16 15:08:21+00:00,2014-08-16,15:08:21,2014,4.7,57.7,-0.17,-78.316,mb,"23 km NE of Sangolquí, Ecuador",707945784384.1403,usb000s3dc
2014-08-17 16:30:31.210000+00:00,2014-08-17,16:30:31,2014,4.2,10.0,0.0125,-78.4281,mb,"28 km NNE of Quito, Ecuador",125892541179.41713,usc000s7yk
2014-08-21 08:09:55.960000+00:00,2014-08-21,08:09:55,2014,4.4,97.63,-2.6898,-77.7105,mb,"57 km ESE of Sucúa, Ecuador",251188643150.95822,usb000s4v5
2014-08-23 18:15:47.350000+00:00,2014-08-23,18:15:47,2014,4.6,59.99,-5.9248,-76.5105,mb,"43 km W of Yurimaguas, Peru",501187233627.2715,usc000s9x3
2014-08-26 21:31:58.600000+00:00,2014-08-26,21:31:58,2014,4.4,24.4,-3.185,-80.9061,mb,"60 km NNW of Zorritos, Peru",251188643150.95822,usb000s9sa
2014-09-04 18:46:24.050000+00:00,2014-09-04,18:46:24,2014,4.3,173.09,-1.2527,-77.6309,mb,"35 km SE of Tena, Ecuador",177827941003.89227,usb000s976
2014-09-09 07:12:39.340000+00:00,2014-09-09,07:12:39,2014,4.8,94.25,-4.1467,-80.2684,mb,"34 km W of Celica, Ecuador",1000000000000.0,usb000sam5
2014-10-05 13:54:45+00:00,2014-10-05,13:54:45,2014,4.6,35.57,-4.4042,-76.3667,mb,"58 km NE of Barranca, Peru",501187233627.2715,usb000siyl
2014-10-11 23:27:09.320000+00:00,2014-10-11,23:27:09,2014,4.6,32.7,1.4765,-79.4518,mb,"57 km WNW of Valdez, Ecuador",501187233627.2715,usb000sq10
2014-10-15 01:25:45.960000+00:00,2014-10-15,01:25:45,2014,4.7,105.35,-2.148,-79.1361,mb,"32 km W of Alausí, Ecuador",707945784384.1403,usb000sma2
2014-10-19 06:48:57.670000+00:00,2014-10-19,06:48:57,2014,4.2,170.98,-1.355,-77.9749,mb,Ecuador,125892541179.41713,usb000ss1q
2014-10-20 19:33:21.830000+00:00,2014-10-20,19:33:21,2014,5.6,10.0,0.6623,-77.8895,mwb,"7 km NE of El Ángel, Ecuador",15848931924611.11,usb000sp80
2014-10-20 19:46:01.850000+00:00,2014-10-20,19:46:01,2014,4.2,10.0,0.649,-78.1159,mb,"19 km W of El Ángel, Ecuador",125892541179.41713,usc000st5d
2014-10-20 20:28:54.860000+00:00,2014-10-20,20:28:54,2014,4.5,10.0,0.518,-77.9327,mb,"11 km S of El Ángel, Ecuador",354813389233.57605,usb000spa1
2014-10-20 22:24:55.910000+00:00,2014-10-20,22:24:55,2014,4.5,9.85,0.6713,-77.9984,mb,"8 km NW of El Ángel, Ecuador",354813389233.57605,usb000spbu
2014-10-21 17:23:46.730000+00:00,2014-10-21,17:23:46,2014,4.5,9.88,0.6817,-77.961,mb,"6 km NNW of El Ángel, Ecuador",354813389233.57605,usb000spi3
2014-10-29 14:52:13.420000+00:00,2014-10-29,14:52:13,2014,4.7,10.0,0.8593,-77.8412,mb,"7 km SW of Cumbal, Colombia",707945784384.1403,usb000srdg
2014-11-09 13:26:45.400000+00:00,2014-11-09,13:26:45,2014,4.8,39.26,-5.4918,-78.4447,mb,"13 km N of La Peca, Peru",1000000000000.0,usc000svud
2014-11-09 22:01:45.480000+00:00,2014-11-09,22:01:45,2014,4.3,60.82,-3.9134,-80.255,mb,"26 km SSW of Matapalo, Peru",177827941003.89227,usb000syrx
2014-11-11 01:53:25.310000+00:00,2014-11-11,01:53:25,2014,4.4,32.43,0.7094,-77.8274,mb,"12 km N of San Gabriel, Ecuador",251188643150.95822,usc000sw63
2014-11-11 14:02:43.070000+00:00,2014-11-11,14:02:43,2014,4.7,154.92,-1.6946,-78.0986,mb,"14 km W of Palora, Ecuador",707945784384.1403,usc000sw9l
2014-11-20 22:59:44.220000+00:00,2014-11-20,22:59:44,2014,4.2,157.51,-1.4619,-77.7931,mb,"23 km E of Puyo, Ecuador",125892541179.41713,usb000syfi
2014-11-26 11:18:38.280000+00:00,2014-11-26,11:18:38,2014,4.9,80.4,-3.0169,-79.8333,mb,"11 km S of Baláo, Ecuador",1412537544622.7554,usb000t07x
2014-11-28 04:06:16.400000+00:00,2014-11-28,04:06:16,2014,4.5,114.16,-3.8779,-77.2101,mb,"96 km WSW of Alianza Cristiana, Peru",354813389233.57605,usc000t5ya
2014-11-29 18:30:08.370000+00:00,2014-11-29,18:30:08,2014,4.6,185.42,-1.5628,-77.668,mb,Ecuador,501187233627.2715,usb000t17v
2014-11-30 22:53:05.510000+00:00,2014-11-30,22:53:05,2014,4.2,30.5,-4.0295,-80.6975,mb,"6 km NE of Papayal, Peru",125892541179.41713,usb000t1ip
2014-12-03 12:59:27.930000+00:00,2014-12-03,12:59:27,2014,5.3,153.41,-2.1563,-76.7712,mb,"142 km ESE of Palora, Ecuador",5623413251903.491,usb000t2ev
2014-12-07 18:12:21.320000+00:00,2014-12-07,18:12:21,2014,4.3,192.86,-1.177,-77.1998,mb,"53 km S of Boca Suno, Ecuador",177827941003.89227,usc000t4fr
2014-12-09 16:49:16.830000+00:00,2014-12-09,16:49:16,2014,4.6,104.55,-2.2587,-79.2278,mb,"22 km NE of La Troncal, Ecuador",501187233627.2715,usc000t4zp
2014-12-21 17:40:40.320000+00:00,2014-12-21,17:40:40,2014,4.9,10.0,-0.2976,-77.9071,mb,"45 km SE of Cayambe, Ecuador",1412537544622.7554,usc000t8x9
2014-12-27 19:11:25.170000+00:00,2014-12-27,19:11:25,2014,4.4,10.0,0.7567,-78.1271,mb,"25 km NW of El Ángel, Ecuador",251188643150.95822,usc000taac
2014-12-31 17:54:57.570000+00:00,2014-12-31,17:54:57,2014,4.4,92.26,-3.0515,-79.4612,mb,"42 km ESE of Baláo, Ecuador",251188643150.95822,usc000tg00
2015-01-01 21:25:50.510000+00:00,2015-01-01,21:25:50,2015,4.4,171.93,-1.4011,-77.6379,mb,"41 km ENE of Puyo, Ecuador",251188643150.95822,usc000tb72
2015-01-10 03:05:59.200000+00:00,2015-01-10,03:05:59,2015,4.4,71.73,-3.3631,-76.7936,mb,"41 km WNW of Alianza Cristiana, Peru",251188643150.95822,usc000teet
2015-01-16 11:39:23.460000+00:00,2015-01-16,11:39:23,2015,5.1,79.03,-3.3787,-79.9723,mb,"7 km N of Santa Rosa, Ecuador",2818382931264.449,usc000tgde
2015-01-24 20:39:31+00:00,2015-01-24,20:39:31,2015,4.6,4.0,0.8,-77.96,mb,"19 km N of El Ángel, Ecuador",501187233627.2715,usc000titz
2015-02-01 23:33:00.050000+00:00,2015-02-01,23:33:00,2015,5.1,115.65,-3.9127,-76.6179,mb,"52 km SSW of Alianza Cristiana, Peru",2818382931264.449,usc000tktr
2015-02-10 02:14:09+00:00,2015-02-10,02:14:09,2015,4.0,10.0,-0.82,-80.99,mb,"34 km WNW of Manta, Ecuador",63095734448.019424,us10000a0a
2015-02-13 07:37:04.980000+00:00,2015-02-13,07:37:04,2015,4.0,162.31,-1.7629,-77.7259,mb,"27 km ESE of Palora, Ecuador",63095734448.019424,usb000tqck
2015-02-13 19:38:53.670000+00:00,2015-02-13,19:38:53,2015,4.8,97.56,-3.0552,-78.4249,mb,"42 km NNE of Gualaquiza, Ecuador",1000000000000.0,usb000tp6k
2015-02-22 12:56:24.400000+00:00,2015-02-22,12:56:24,2015,5.5,149.0,2.7299,-76.5012,mww,"7 km SSW of Caldono, Colombia",11220184543019.652,usc000tsa5
2015-02-27 19:00:10.680000+00:00,2015-02-27,19:00:10,2015,4.0,113.46,1.0649,-77.5007,mb,"1 km NNW of Imués, Colombia",63095734448.019424,usc000tttf
2015-02-28 04:53:11.170000+00:00,2015-02-28,04:53:11,2015,4.6,67.42,-4.9311,-78.1821,mb,"80 km NNE of La Peca, Peru",501187233627.2715,usc000ttxg
2015-03-19 11:52:00.680000+00:00,2015-03-19,11:52:00,2015,5.0,61.04,-3.3029,-80.5664,mb,"31 km NNW of Tumbes, Peru",1995262314968.8828,us10001ntk
2015-03-27 21:59:39.270000+00:00,2015-03-27,21:59:39,2015,5.5,195.03,-1.2012,-77.5836,mww,"34 km SE of Tena, Ecuador",11220184543019.652,us10001rcr
2015-04-06 10:45:41.080000+00:00,2015-04-06,10:45:41,2015,4.5,186.61,-1.4648,-77.5592,mb,"49 km E of Puyo, Ecuador",354813389233.57605,us10001ub3
2015-04-28 11:19:50.500000+00:00,2015-04-28,11:19:50,2015,5.4,89.0,-2.0856,-79.6231,mwb,"6 km NNW of Milagro, Ecuador",7943282347242.8545,us200029t7
2015-05-01 07:42:39.520000+00:00,2015-05-01,07:42:39,2015,4.5,55.37,-2.9948,-80.4261,mb,"40 km S of Playas, Ecuador",354813389233.57605,us20002am5
2015-05-12 04:10:03.150000+00:00,2015-05-12,04:10:03,2015,4.5,87.82,-5.4382,-79.4654,mb,"11 km SSW of Sondorillo, Peru",354813389233.57605,us20002eiz
2015-05-12 14:11:08.090000+00:00,2015-05-12,14:11:08,2015,4.5,172.12,-1.5056,-77.7011,mb,"33 km E of Puyo, Ecuador",354813389233.57605,us20002enx
2015-05-20 22:34:29.690000+00:00,2015-05-20,22:34:29,2015,5.1,8.45,-3.0826,-77.5501,mb,"97 km SE of Sucúa, Ecuador",2818382931264.449,us10002azw
2015-05-22 06:02:37+00:00,2015-05-22,06:02:37,2015,4.3,5.0,-1.43,-81.04,mb,"52 km W of Jipijapa, Ecuador",177827941003.89227,us20002l9e
2015-05-24 02:01:48.070000+00:00,2015-05-24,02:01:48,2015,4.3,39.15,-3.4877,-81.6026,mb,"92 km NW of Máncora, Peru",177827941003.89227,us20002lmt
2015-05-25 04:12:23.160000+00:00,2015-05-25,04:12:23,2015,4.3,10.0,-2.8392,-80.3393,mb,"23 km SSE of Playas, Ecuador",177827941003.89227,us20002m0z
2015-05-27 21:13:30.320000+00:00,2015-05-27,21:13:30,2015,4.1,133.97,-2.1115,-77.9004,mb,"32 km NE of Macas, Ecuador",89125093813.3744,us20002mdj
2015-05-30 06:26:05+00:00,2015-05-30,06:26:05,2015,5.3,13.0,1.22,-79.57,mww,"30 km NNE of Esmeraldas, Ecuador",5623413251903.491,us20002kha
2015-06-02 08:22:38.400000+00:00,2015-06-02,08:22:38,2015,4.9,118.19,-3.9872,-76.0784,mb,"69 km SE of Alianza Cristiana, Peru",1412537544622.7554,us20002l6x
2015-06-09 23:37:32.160000+00:00,2015-06-09,23:37:32,2015,4.4,185.48,-1.5332,-77.4454,mb,"60 km ENE of Palora, Ecuador",251188643150.95822,us20002ng8
2015-07-04 11:29:26.010000+00:00,2015-07-04,11:29:26,2015,4.4,78.92,-3.0833,-79.5899,mb,"31 km SE of Baláo, Ecuador",251188643150.95822,us10002ne2
2015-07-11 17:22:36.510000+00:00,2015-07-11,17:22:36,2015,4.6,84.1,-2.2982,-79.0226,mb,"22 km WSW of Alausí, Ecuador",501187233627.2715,us20002wti
2015-07-11 22:55:52.900000+00:00,2015-07-11,22:55:52,2015,4.6,49.33,-3.8519,-80.6193,mb,"10 km NNE of Cañaveral, Peru",501187233627.2715,us20002wuw
2015-07-12 09:47:04.310000+00:00,2015-07-12,09:47:04,2015,4.3,134.87,-2.9616,-75.5919,mb,"109 km ENE of Alianza Cristiana, Peru",177827941003.89227,us20002wwy
2015-07-19 11:16:21.470000+00:00,2015-07-19,11:16:21,2015,4.9,10.0,2.7567,-78.8985,mb,"56 km WNW of Mosquera, Colombia",1412537544622.7554,us20002yi3
2015-07-27 10:33:36.050000+00:00,2015-07-27,10:33:36,2015,4.4,40.58,-5.7583,-77.2881,mb,"25 km N of Segunda Jerusalén - Azunguillo, Peru",251188643150.95822,us200030cp
2015-07-28 02:42:21.340000+00:00,2015-07-28,02:42:21,2015,4.5,35.44,-5.909,-75.0778,mb,"87 km ENE of Navarro, Peru",354813389233.57605,us200030pv
2015-08-04 01:30:18.710000+00:00,2015-08-04,01:30:18,2015,4.1,45.27,-5.6539,-80.8257,mb,"10 km S of Sechura, Peru",89125093813.3744,us10002xs7
2015-08-18 04:49:07.470000+00:00,2015-08-18,04:49:07,2015,4.5,62.43,-1.1346,-80.3506,mb,"8 km NNE of Santa Ana, Ecuador",354813389233.57605,us1000332g
2015-08-18 11:43:17.140000+00:00,2015-08-18,11:43:17,2015,4.4,63.71,-0.2766,-80.1063,mb,near the coast of Ecuador,251188643150.95822,us20003fru
2015-08-19 07:50:27.520000+00:00,2015-08-19,07:50:27,2015,4.5,52.42,-1.0282,-80.5469,mb,"10 km WNW of Portoviejo, Ecuador",354813389233.57605,us100033b8
2015-08-24 22:16:36.780000+00:00,2015-08-24,22:16:36,2015,4.2,56.79,-1.6777,-76.1909,mb,"137 km SW of Pantoja, Peru",125892541179.41713,us20003hb3
2015-09-02 14:30:33+00:00,2015-09-02,14:30:33,2015,4.6,28.0,-5.65,-76.77,mb,"47 km NNE of Moyobamba, Peru",501187233627.2715,us10003kz5
2015-09-04 16:50:07.470000+00:00,2015-09-04,16:50:07,2015,4.5,161.02,-2.0193,-77.0335,mb,"109 km ESE of Palora, Ecuador",354813389233.57605,us20003gas
2015-09-28 03:07:16.020000+00:00,2015-09-28,03:07:16,2015,4.5,107.35,-5.2231,-76.8009,mb,"45 km SSW of Barranca, Peru",354813389233.57605,us20003plb
2015-09-28 08:15:57.740000+00:00,2015-09-28,08:15:57,2015,4.8,10.0,-3.3186,-80.5986,mb,"31 km NNW of Tumbes, Peru",1000000000000.0,us20003pmn
2015-10-03 05:22:52.330000+00:00,2015-10-03,05:22:52,2015,4.4,47.45,-3.3756,-77.6498,mb,"103 km E of Gualaquiza, Ecuador",251188643150.95822,us10003jyh
2015-10-03 09:20:13.610000+00:00,2015-10-03,09:20:13,2015,4.0,79.78,-5.1172,-79.8908,mb,"1 km SSW of Paltashaco, Peru",63095734448.019424,us20004055
2015-10-04 15:56:40.730000+00:00,2015-10-04,15:56:40,2015,4.6,57.7,-3.7887,-79.9273,mb,"29 km WSW of Piñas, Ecuador",501187233627.2715,us10003njn
2015-10-09 11:47:02.230000+00:00,2015-10-09,11:47:02,2015,4.5,78.81,-2.4263,-79.5858,mb,"27 km W of La Troncal, Ecuador",354813389233.57605,us10003mg3
2015-10-15 10:07:28.140000+00:00,2015-10-15,10:07:28,2015,5.4,97.13,-2.5015,-78.7623,mww,"20 km ENE of Cañar, Ecuador",7943282347242.8545,us10003nud
2015-11-03 16:55:07.020000+00:00,2015-11-03,16:55:07,2015,4.5,63.3,-1.8654,-80.3376,mb,"12 km WSW of Pedro Carbo, Ecuador",354813389233.57605,us200041sw
2015-11-05 04:13:54.910000+00:00,2015-11-05,04:13:54,2015,4.3,38.99,-0.8072,-80.4981,mb,"13 km NNW of Rocafuerte, Ecuador",177827941003.89227,us10003vz8
2015-11-15 15:54:04.760000+00:00,2015-11-15,15:54:04,2015,4.2,10.0,0.6504,-80.0534,mb,"5 km NW of Muisne, Ecuador",125892541179.41713,us10003zbq
2015-11-17 06:16:26.680000+00:00,2015-11-17,06:16:26,2015,4.9,86.31,-2.2959,-79.2828,mb,"15 km NNE of La Troncal, Ecuador",1412537544622.7554,us10003ywg
2015-12-02 03:45:22.180000+00:00,2015-12-02,03:45:22,2015,4.3,113.49,-3.178,-76.6692,mb,"41 km NW of Alianza Cristiana, Peru",177827941003.89227,us100042lz
2015-12-03 15:32:02.220000+00:00,2015-12-03,15:32:02,2015,4.8,110.0,-3.1174,-75.7314,mb,"87 km ENE of Alianza Cristiana, Peru",1000000000000.0,us1000431r
2015-12-13 21:45:50.930000+00:00,2015-12-13,21:45:50,2015,4.1,164.92,-1.8091,-79.889,mb,"16 km NNE of El Triunfo, Ecuador",89125093813.3744,us100047wt
2015-12-19 12:07:45.600000+00:00,2015-12-19,12:07:45,2015,4.5,78.41,-2.8639,-79.1096,mb,"12 km WNW of Cuenca, Ecuador",354813389233.57605,us100048ux
2015-12-23 02:34:23.600000+00:00,2015-12-23,02:34:23,2015,4.6,25.87,-5.7881,-74.6515,mb,"67 km WNW of Santa Elena, Peru",501187233627.2715,us1000494f
2015-12-23 17:19:53.500000+00:00,2015-12-23,17:19:53,2015,4.4,40.69,1.0111,-79.5217,mb,"15 km ENE of Esmeraldas, Ecuador",251188643150.95822,us10004b7f
2015-12-28 15:46:36+00:00,2015-12-28,15:46:36,2015,4.6,29.0,-3.84,-80.61,mb,"12 km NNE of Cañaveral, Peru",501187233627.2715,us20004v41
2016-01-01 17:15:42.870000+00:00,2016-01-01,17:15:42,2016,4.8,27.1,0.4792,-78.7732,mb,"59 km WNW of Cotacachi, Ecuador",1000000000000.0,us10004ar8
2016-01-02 15:02:11.810000+00:00,2016-01-02,15:02:11,2016,4.3,95.55,-1.9616,-79.5232,mb,"5 km S of Alfredo Baquerizo Moreno, Ecuador",177827941003.89227,us10004avx
2016-01-06 01:28:21.830000+00:00,2016-01-06,01:28:21,2016,4.5,40.45,2.8738,-75.7731,mb,"16 km WSW of Santa María, Colombia",354813389233.57605,us10004bnl
2016-01-25 22:34:47.130000+00:00,2016-01-25,22:34:47,2016,4.3,19.27,1.8602,-79.2945,mb,near the coast of Ecuador,177827941003.89227,us20004vka
2016-01-29 01:17:12.860000+00:00,2016-01-29,01:17:12,2016,4.5,48.18,-3.788,-80.8819,mb,"25 km WSW of Zorritos, Peru",354813389233.57605,us20004ve1
2016-02-03 04:45:08.690000+00:00,2016-02-03,04:45:08,2016,4.2,66.54,-5.7117,-77.1926,mb,"32 km NNE of Segunda Jerusalén - Azunguillo, Peru",125892541179.41713,us20004y53
2016-02-04 06:19:15.390000+00:00,2016-02-04,06:19:15,2016,4.2,172.85,-1.5291,-77.6321,mb,"41 km E of Puyo, Ecuador",125892541179.41713,us20004yz3
2016-02-26 13:09:57.150000+00:00,2016-02-26,13:09:57,2016,4.5,49.93,-4.7177,-80.7213,mb,"15 km NNW of Querecotillo, Peru",354813389233.57605,us10004swm
2016-03-04 11:25:47.490000+00:00,2016-03-04,11:25:47,2016,4.3,35.0,-1.2586,-80.3765,mb,"5 km ENE of Sucre, Ecuador",177827941003.89227,us10004w3e
2016-03-06 00:54:41.400000+00:00,2016-03-06,00:54:41,2016,5.1,10.0,-1.4279,-80.4011,mb,"14 km NNE of Paján, Ecuador",2818382931264.449,us10004vl0
2016-03-20 06:03:48+00:00,2016-03-20,06:03:48,2016,4.2,20.0,-5.66,-78.84,mb,"3 km SSE of Las Pirias, Peru",125892541179.41713,us20005ieb
2016-03-21 08:31:15.680000+00:00,2016-03-21,08:31:15,2016,4.6,35.0,-5.3572,-77.7188,mb,"47 km NNE of Yambrasbamba, Peru",501187233627.2715,us20005bep
2016-03-22 04:52:50.680000+00:00,2016-03-22,04:52:50,2016,4.0,94.1,-3.4583,-79.7507,mb,"15 km SSE of Pasaje, Ecuador",63095734448.019424,us20005dji
2016-04-09 07:15:13.030000+00:00,2016-04-09,07:15:13,2016,4.9,38.92,-4.3111,-78.3351,mb,"70 km SE of Yantzaza, Ecuador",1412537544622.7554,us20005giv
2016-04-09 11:26:47.950000+00:00,2016-04-09,11:26:47,2016,4.4,29.34,-2.3234,-77.6019,mb,"56 km E of Macas, Ecuador",251188643150.95822,us20005gjy
2016-04-09 22:28:56.880000+00:00,2016-04-09,22:28:56,2016,4.3,74.24,-5.2906,-80.0844,mb,"8 km S of La Matanza, Peru",177827941003.89227,us10005cme
2016-04-13 17:21:07.950000+00:00,2016-04-13,17:21:07,2016,4.1,185.51,-1.6015,-78.0544,mb,"14 km SSW of Puyo, Ecuador",89125093813.3744,us20005keh
2016-04-13 20:16:47.410000+00:00,2016-04-13,20:16:47,2016,4.3,10.0,-5.4082,-81.7571,mb,"79 km WSW of Paita, Peru",177827941003.89227,us20005kep
2016-04-14 23:24:01.210000+00:00,2016-04-14,23:24:01,2016,4.3,169.84,-2.0039,-77.7042,mb,"44 km SE of Palora, Ecuador",177827941003.89227,us20005i7p
2016-04-15 05:15:49.500000+00:00,2016-04-15,05:15:49,2016,4.2,151.45,-1.6989,-78.1199,mb,"17 km W of Palora, Ecuador",125892541179.41713,us20005kyw
2016-04-16 23:47:42.280000+00:00,2016-04-16,23:47:42,2016,4.8,21.38,0.2992,-80.05,mb,"25 km N of Pedernales, Ecuador",1000000000000.0,us20005j2w
2016-04-16 23:58:36.980000+00:00,2016-04-16,23:58:36,2016,7.8,20.59,0.3819,-79.9218,mww,"27 km SSE of Muisne, Ecuador",3.162277660168379e+16,us20005j32
2016-04-17 00:12:00.470000+00:00,2016-04-17,00:12:00,2016,4.5,10.0,-0.0704,-80.0631,ml,"15 km S of Pedernales, Ecuador",354813389233.57605,us10005fnl
2016-04-17 00:16:00.140000+00:00,2016-04-17,00:16:00,2016,4.7,10.0,0.0279,-80.2,mb,"17 km WSW of Pedernales, Ecuador",707945784384.1403,us20005j4g
2016-04-17 00:29:31.380000+00:00,2016-04-17,00:29:31,2016,5.5,15.49,-0.2648,-80.4644,mb,near the coast of Ecuador,11220184543019.652,us20005j3i
2016-04-17 00:59:04.930000+00:00,2016-04-17,00:59:04,2016,4.5,10.0,0.3543,-80.3259,mb,"43 km NW of Pedernales, Ecuador",354813389233.57605,us20005j3z
2016-04-17 01:09:17.070000+00:00,2016-04-17,01:09:17,2016,4.3,10.0,-0.0518,-80.2221,mb,"23 km SW of Pedernales, Ecuador",177827941003.89227,us10005bp2
2016-04-17 01:19:02.480000+00:00,2016-04-17,01:19:02,2016,4.1,10.0,-0.1255,-80.4162,mb,near the coast of Ecuador,89125093813.3744,us10005bp3
2016-04-17 02:18:01.040000+00:00,2016-04-17,02:18:01,2016,4.8,10.0,-0.2943,-80.2984,mb,"36 km NNE of Bahía de Caráquez, Ecuador",1000000000000.0,us20005j48
2016-04-17 03:05:33.860000+00:00,2016-04-17,03:05:33,2016,4.6,10.0,0.3172,-80.2471,mb,"34 km NW of Pedernales, Ecuador",501187233627.2715,us20005j4d
2016-04-17 04:02:08.760000+00:00,2016-04-17,04:02:08,2016,4.8,10.0,-0.2626,-80.6224,mb,"43 km NNW of Bahía de Caráquez, Ecuador",1000000000000.0,us20005j4m
2016-04-17 04:25:35.080000+00:00,2016-04-17,04:25:35,2016,4.4,10.0,-0.3892,-80.3101,mb,"26 km NNE of Bahía de Caráquez, Ecuador",251188643150.95822,us10005bpa
2016-04-17 05:42:50.980000+00:00,2016-04-17,05:42:50,2016,4.6,10.0,0.3044,-80.4309,mb,"49 km WNW of Pedernales, Ecuador",501187233627.2715,us20005j5g
2016-04-17 07:14:00.760000+00:00,2016-04-17,07:14:00,2016,5.8,23.95,-0.3852,-80.2013,mww,"34 km NE of Bahía de Caráquez, Ecuador",31622776601683.793,us20005j62
2016-04-17 07:22:25.240000+00:00,2016-04-17,07:22:25,2016,4.6,10.0,-0.4017,-80.3223,mb,"24 km NNE of Bahía de Caráquez, Ecuador",501187233627.2715,us10005bpd
2016-04-17 08:52:27.050000+00:00,2016-04-17,08:52:27,2016,4.4,10.0,-0.4385,-80.7442,mb,"39 km WNW of Bahía de Caráquez, Ecuador",251188643150.95822,us20005j6e
2016-04-17 09:23:41.020000+00:00,2016-04-17,09:23:41,2016,5.6,10.0,-0.2344,-80.6943,mwb,"50 km NW of Bahía de Caráquez, Ecuador",15848931924611.11,us20005j6q
2016-04-17 20:24:00.890000+00:00,2016-04-17,20:24:00,2016,4.5,10.0,0.5721,-79.9153,mb,"12 km ESE of Muisne, Ecuador",354813389233.57605,us20005ja5
2016-04-17 21:35:17.220000+00:00,2016-04-17,21:35:17,2016,4.4,10.0,-0.9875,-80.3306,mb,"14 km ESE of Rocafuerte, Ecuador",251188643150.95822,us20005jb0
2016-04-18 00:38:54.320000+00:00,2016-04-18,00:38:54,2016,4.4,10.0,0.2654,-80.1897,mb,"26 km NW of Pedernales, Ecuador",251188643150.95822,us10005by5
2016-04-18 09:13:36.700000+00:00,2016-04-18,09:13:36,2016,4.3,10.0,0.5443,-80.1175,mb,"13 km SW of Muisne, Ecuador",177827941003.89227,us10005byk
2016-04-18 09:57:32.200000+00:00,2016-04-18,09:57:32,2016,4.3,168.99,-1.6455,-77.6453,mb,"36 km E of Palora, Ecuador",177827941003.89227,us20005jfg
2016-04-18 10:29:17.470000+00:00,2016-04-18,10:29:17,2016,4.4,67.67,-0.2671,-79.825,mb,"45 km SE of Pedernales, Ecuador",251188643150.95822,us20005jfq
2016-04-18 13:25:44.480000+00:00,2016-04-18,13:25:44,2016,4.9,10.0,-0.2698,-80.2939,mb,"39 km NNE of Bahía de Caráquez, Ecuador",1412537544622.7554,us20005jhl
2016-04-18 13:35:10.600000+00:00,2016-04-18,13:35:10,2016,4.1,10.0,-0.3441,-80.3319,mb,"29 km NNE of Bahía de Caráquez, Ecuador",89125093813.3744,us10005byl
2016-04-18 17:07:33.590000+00:00,2016-04-18,17:07:33,2016,4.5,10.0,-0.3494,-80.5056,mb,"28 km NNW of Bahía de Caráquez, Ecuador",354813389233.57605,us20005jip
2016-04-18 18:38:10.770000+00:00,2016-04-18,18:38:10,2016,4.9,10.0,-0.9989,-80.8511,mb,"15 km WSW of Manta, Ecuador",1412537544622.7554,us20005jj6
2016-04-18 19:12:38.050000+00:00,2016-04-18,19:12:38,2016,4.6,10.0,-0.9738,-80.8034,mb,"10 km W of Manta, Ecuador",501187233627.2715,us20005jjr
2016-04-18 20:00:45.620000+00:00,2016-04-18,20:00:45,2016,4.1,10.0,-0.2351,-80.7415,mb,"53 km NW of Bahía de Caráquez, Ecuador",89125093813.3744,us10005byu
2016-04-18 21:15:52.790000+00:00,2016-04-18,21:15:52,2016,4.9,10.0,-0.0613,-80.7718,mb,"70 km NNW of Bahía de Caráquez, Ecuador",1412537544622.7554,us20005jly
2016-04-19 02:03:14.700000+00:00,2016-04-19,02:03:14,2016,4.9,10.0,-0.2099,-80.7622,mb,"57 km NW of Bahía de Caráquez, Ecuador",1412537544622.7554,us20005jpe
2016-04-19 05:15:02.530000+00:00,2016-04-19,05:15:02,2016,4.4,10.0,-0.0279,-80.8393,mb,"78 km NW of Bahía de Caráquez, Ecuador",251188643150.95822,us20005jqg
2016-04-19 13:07:30.420000+00:00,2016-04-19,13:07:30,2016,4.4,10.0,0.2841,-80.3387,mb,"39 km NW of Pedernales, Ecuador",251188643150.95822,us20005jsi
2016-04-19 17:12:53.560000+00:00,2016-04-19,17:12:53,2016,4.7,10.0,-1.2749,-80.8546,mwr,"31 km WNW of Jipijapa, Ecuador",707945784384.1403,us20005jux
2016-04-19 21:54:21.390000+00:00,2016-04-19,21:54:21,2016,4.4,10.0,0.5615,-80.0435,mb,"6 km SSW of Muisne, Ecuador",251188643150.95822,us10005dqq
2016-04-19 22:22:25.480000+00:00,2016-04-19,22:22:25,2016,5.6,11.0,0.5783,-80.0247,mwb,"3 km S of Muisne, Ecuador",15848931924611.11,us20005jyu
2016-04-20 01:48:11.280000+00:00,2016-04-20,01:48:11,2016,4.2,10.0,0.6249,-79.9257,mb,"10 km E of Muisne, Ecuador",125892541179.41713,us20005kcb
2016-04-20 01:49:16.940000+00:00,2016-04-20,01:49:16,2016,4.3,10.0,0.6231,-79.9113,mb,"12 km E of Muisne, Ecuador",177827941003.89227,us20005kcg
2016-04-20 01:50:38.990000+00:00,2016-04-20,01:50:38,2016,4.4,10.0,0.6897,-80.0286,mb,"8 km N of Muisne, Ecuador",251188643150.95822,us20005kcj
2016-04-20 08:25:07.450000+00:00,2016-04-20,08:25:07,2016,4.5,19.45,0.6637,-80.2997,mb,"31 km W of Muisne, Ecuador",354813389233.57605,us20005k35
2016-04-20 08:33:47.330000+00:00,2016-04-20,08:33:47,2016,6.2,14.0,0.639,-80.2104,mww,"21 km W of Muisne, Ecuador",125892541179417.14,us20005k37
2016-04-20 08:35:10.620000+00:00,2016-04-20,08:35:10,2016,6.0,10.0,0.7079,-80.0352,mwb,"10 km N of Muisne, Ecuador",63095734448019.43,us20005kb6
2016-04-20 08:56:51.020000+00:00,2016-04-20,08:56:51,2016,4.1,19.99,0.4653,-80.0595,mb,"16 km SSW of Muisne, Ecuador",89125093813.3744,us10005ds4
2016-04-20 09:13:17.220000+00:00,2016-04-20,09:13:17,2016,4.6,10.0,0.5015,-80.1295,mb,"17 km SW of Muisne, Ecuador",501187233627.2715,us20005k3e
2016-04-20 09:35:40.910000+00:00,2016-04-20,09:35:40,2016,4.3,10.0,-0.0268,-80.1292,mb,"13 km SW of Pedernales, Ecuador",177827941003.89227,us10005dry
2016-04-20 11:23:22.930000+00:00,2016-04-20,11:23:22,2016,4.3,10.0,-0.2187,-80.3719,mwr,"42 km N of Bahía de Caráquez, Ecuador",177827941003.89227,us20005k5q
2016-04-20 12:13:14.880000+00:00,2016-04-20,12:13:14,2016,4.2,10.0,0.6172,-80.1351,mb,"12 km W of Muisne, Ecuador",125892541179.41713,us10005ds5
2016-04-20 16:20:36.680000+00:00,2016-04-20,16:20:36,2016,4.7,10.0,0.694,-80.2163,mb,"23 km WNW of Muisne, Ecuador",707945784384.1403,us20005k7i
2016-04-20 16:30:53.500000+00:00,2016-04-20,16:30:53,2016,4.7,10.0,-0.2588,-80.3931,mb,"37 km N of Bahía de Caráquez, Ecuador",707945784384.1403,us20005k7l
2016-04-20 21:30:04.050000+00:00,2016-04-20,21:30:04,2016,4.9,6.38,0.5694,-79.9283,mwr,"11 km ESE of Muisne, Ecuador",1412537544622.7554,us20005kab
2016-04-20 22:31:29.840000+00:00,2016-04-20,22:31:29,2016,4.8,10.0,-0.4526,-80.8114,mb,"46 km WNW of Bahía de Caráquez, Ecuador",1000000000000.0,us20005kaq
2016-04-21 12:31:16.270000+00:00,2016-04-21,12:31:16,2016,4.4,10.0,-0.1768,-80.2201,mb,"33 km SW of Pedernales, Ecuador",251188643150.95822,us20005kg9
2016-04-21 13:53:41.430000+00:00,2016-04-21,13:53:41,2016,4.2,10.0,-0.3218,-80.5747,mb,"34 km NNW of Bahía de Caráquez, Ecuador",125892541179.41713,us20005kh1
2016-04-22 03:03:41.720000+00:00,2016-04-22,03:03:41,2016,6.0,10.0,-0.2921,-80.5039,mww,"34 km NNW of Bahía de Caráquez, Ecuador",63095734448019.43,us20005kqh
2016-04-22 03:20:13.380000+00:00,2016-04-22,03:20:13,2016,5.9,10.29,-0.2814,-80.5039,mww,"36 km NNW of Bahía de Caráquez, Ecuador",44668359215096.53,us20005kqp
2016-04-22 04:25:33.950000+00:00,2016-04-22,04:25:33,2016,4.3,10.0,-0.8186,-80.5594,mb,"16 km NW of Rocafuerte, Ecuador",177827941003.89227,us20005kr9
2016-04-22 04:31:34.170000+00:00,2016-04-22,04:31:34,2016,5.0,10.0,-0.4209,-80.5435,mb,"23 km NW of Bahía de Caráquez, Ecuador",1995262314968.8828,us20005krb
2016-04-22 05:37:39.420000+00:00,2016-04-22,05:37:39,2016,4.3,10.0,-0.397,-80.2195,mb,"31 km NE of Bahía de Caráquez, Ecuador",177827941003.89227,us20005ks8
2016-04-22 08:52:20.040000+00:00,2016-04-22,08:52:20,2016,4.8,10.0,-0.2369,-80.5858,mb,"43 km NNW of Bahía de Caráquez, Ecuador",1000000000000.0,us20005kta
2016-04-22 10:39:55.420000+00:00,2016-04-22,10:39:55,2016,4.3,16.5,-0.1163,-80.6691,mb,"59 km NNW of Bahía de Caráquez, Ecuador",177827941003.89227,us10005dd5
2016-04-22 13:26:20.470000+00:00,2016-04-22,13:26:20,2016,4.7,48.29,-2.7391,-79.9716,mb,"25 km NW of Baláo, Ecuador",707945784384.1403,us20005kvu
2016-04-22 13:36:07.880000+00:00,2016-04-22,13:36:07,2016,4.4,10.0,0.27,-80.326,mb,"37 km NW of Pedernales, Ecuador",251188643150.95822,us10005dda
2016-04-22 15:36:27.920000+00:00,2016-04-22,15:36:27,2016,4.8,10.0,-0.5059,-80.9056,mb,"54 km W of Bahía de Caráquez, Ecuador",1000000000000.0,us20005kww
2016-04-22 15:39:05.180000+00:00,2016-04-22,15:39:05,2016,4.9,10.0,-0.2728,-80.7219,mb,"48 km NW of Bahía de Caráquez, Ecuador",1412537544622.7554,us20005kwx
2016-04-22 16:27:04.880000+00:00,2016-04-22,16:27:04,2016,4.4,10.0,0.8542,-79.997,mb,"26 km N of Muisne, Ecuador",251188643150.95822,us10005ddc
2016-04-22 22:05:24.110000+00:00,2016-04-22,22:05:24,2016,4.3,32.75,-1.4657,-81.0794,mb,"57 km WSW of Jipijapa, Ecuador",177827941003.89227,us10005ddl
2016-04-23 01:24:33.900000+00:00,2016-04-23,01:24:33,2016,5.7,10.0,0.6128,-80.2522,mww,"26 km W of Muisne, Ecuador",22387211385683.47,us20005l3v
2016-04-23 04:06:33.360000+00:00,2016-04-23,04:06:33,2016,4.8,10.0,0.5923,-80.3759,mb,"39 km W of Muisne, Ecuador",1000000000000.0,us20005l4c
2016-04-24 07:22:00.310000+00:00,2016-04-24,07:22:00,2016,4.3,10.0,0.6026,-79.5669,mb,"32 km NNW of Rosa Zarate, Ecuador",177827941003.89227,us20005ld4
2016-04-24 14:36:21.200000+00:00,2016-04-24,14:36:21,2016,4.4,10.0,-0.1689,-80.9278,mb,"73 km NW of Bahía de Caráquez, Ecuador",251188643150.95822,us20005lem
2016-04-24 19:33:16.220000+00:00,2016-04-24,19:33:16,2016,4.1,70.36,-4.5907,-77.8733,mb,"126 km N of Yambrasbamba, Peru",89125093813.3744,us10005jc6
2016-04-25 07:06:22.720000+00:00,2016-04-25,07:06:22,2016,4.1,25.79,-0.0753,-80.1958,mwr,"22 km SW of Pedernales, Ecuador",89125093813.3744,us20005lia
2016-04-25 21:15:53.140000+00:00,2016-04-25,21:15:53,2016,4.7,10.0,-1.0378,-80.7743,mb,"10 km SW of Manta, Ecuador",707945784384.1403,us10005bha
2016-04-26 15:50:35.360000+00:00,2016-04-26,15:50:35,2016,4.4,10.0,0.232,-80.5052,mb,"53 km WNW of Pedernales, Ecuador",251188643150.95822,us10005e1v
2016-04-26 21:58:34.720000+00:00,2016-04-26,21:58:34,2016,5.4,10.0,-0.1943,-80.7309,mww,"56 km NW of Bahía de Caráquez, Ecuador",7943282347242.8545,us10005bsh
2016-04-27 00:08:13.050000+00:00,2016-04-27,00:08:13,2016,4.1,10.0,-0.6077,-80.9115,mb,near the coast of Ecuador,89125093813.3744,us10005cdc
2016-04-27 00:39:07+00:00,2016-04-27,00:39:07,2016,4.1,5.0,0.22,-80.25,mb,"27 km NW of Pedernales, Ecuador",89125093813.3744,us10005cdd
2016-04-27 23:02:13.530000+00:00,2016-04-27,23:02:13,2016,4.2,10.0,-1.3418,-80.968,mb,"43 km W of Jipijapa, Ecuador",125892541179.41713,us10005c1p
2016-04-28 10:33:46.570000+00:00,2016-04-28,10:33:46,2016,4.1,31.46,-1.2976,-81.0103,mb,"48 km SW of Montecristi, Ecuador",89125093813.3744,us10005c5w
2016-04-29 00:56:54.920000+00:00,2016-04-29,00:56:54,2016,4.0,145.11,-0.6933,-76.3772,mb,"72 km ESE of Puerto Francisco de Orellana, Ecuador",63095734448.019424,us10005ebd
2016-04-29 01:50:46.960000+00:00,2016-04-29,01:50:46,2016,4.3,10.0,-1.4911,-80.8167,mb,"30 km WSW of Jipijapa, Ecuador",177827941003.89227,us10005ebf
2016-04-30 01:44:40.870000+00:00,2016-04-30,01:44:40,2016,4.2,10.0,0.5094,-79.7834,mb,"28 km ESE of Muisne, Ecuador",125892541179.41713,us10005ga4
2016-04-30 22:32:06.350000+00:00,2016-04-30,22:32:06,2016,4.3,10.0,-0.2614,-80.8007,mb,"56 km NW of Bahía de Caráquez, Ecuador",177827941003.89227,us10005gaw
2016-05-03 03:44:59.330000+00:00,2016-05-03,03:44:59,2016,4.5,10.0,0.25,-79.8732,mb,"28 km NE of Pedernales, Ecuador",354813389233.57605,us10005d7t
2016-05-04 16:38:19.850000+00:00,2016-05-04,16:38:19,2016,4.5,10.0,-1.5866,-80.8644,mb,near the coast of Ecuador,354813389233.57605,us10005dpj
2016-05-04 22:28:55.030000+00:00,2016-05-04,22:28:55,2016,4.3,10.0,-1.1501,-80.8771,mb,"26 km WSW of Montecristi, Ecuador",177827941003.89227,us10005gt5
2016-05-05 16:06:41.580000+00:00,2016-05-05,16:06:41,2016,4.4,10.0,0.0132,-80.5617,mb,"57 km W of Pedernales, Ecuador",251188643150.95822,us10005h2k
2016-05-06 08:37:44.660000+00:00,2016-05-06,08:37:44,2016,4.1,10.0,-0.117,-80.7801,mb,"66 km NW of Bahía de Caráquez, Ecuador",89125093813.3744,us10005h5c
2016-05-11 23:04:47.600000+00:00,2016-05-11,23:04:47,2016,4.2,10.0,0.029,-80.0495,mb,"4 km S of Pedernales, Ecuador",125892541179.41713,us10005ii9
2016-05-15 09:51:40.970000+00:00,2016-05-15,09:51:40,2016,4.8,42.17,0.5571,-80.3009,mb,"31 km W of Muisne, Ecuador",1000000000000.0,us10005hja
2016-05-18 07:57:02.650000+00:00,2016-05-18,07:57:02,2016,6.7,16.0,0.4261,-79.7899,mww,"32 km SE of Muisne, Ecuador",707945784384140.2,us10005i5t
2016-05-18 08:06:17.680000+00:00,2016-05-18,08:06:17,2016,4.8,10.0,0.4334,-79.8336,mb,"28 km SE of Muisne, Ecuador",1000000000000.0,us10005i5w
2016-05-18 16:46:43.860000+00:00,2016-05-18,16:46:43,2016,6.9,29.95,0.4947,-79.616,mww,"24 km NW of Rosa Zarate, Ecuador",1412537544622761.2,us10005i9n
2016-05-19 07:05:50.620000+00:00,2016-05-19,07:05:50,2016,4.5,37.26,0.6232,-80.0177,mb,"1 km N of Muisne, Ecuador",354813389233.57605,us10005ief
2016-05-24 16:35:21.450000+00:00,2016-05-24,16:35:21,2016,4.7,90.94,-2.798,-78.7719,mb,"5 km NNE of La Unión, Ecuador",707945784384.1403,us10005jmp
2016-05-24 21:03:17.620000+00:00,2016-05-24,21:03:17,2016,4.6,10.0,0.4694,-79.7804,mb,"30 km ESE of Muisne, Ecuador",501187233627.2715,us20005xme
2016-05-27 13:27:31.480000+00:00,2016-05-27,13:27:31,2016,4.1,35.0,-5.1635,-80.8878,mb,"24 km W of San Martin, Peru",89125093813.3744,us20005z5v
2016-05-31 15:48:11.960000+00:00,2016-05-31,15:48:11,2016,4.4,10.0,0.5288,-80.1662,mb,"18 km WSW of Muisne, Ecuador",251188643150.95822,us20005zdi
2016-06-01 10:05:18.800000+00:00,2016-06-01,10:05:18,2016,4.9,23.43,0.2166,-80.4056,mb,"42 km WNW of Pedernales, Ecuador",1412537544622.7554,us20005zk3
2016-06-01 15:00:54.530000+00:00,2016-06-01,15:00:54,2016,4.7,10.0,0.3367,-80.4661,mb,"54 km WNW of Pedernales, Ecuador",707945784384.1403,us20005zlz
2016-06-03 13:45:17.590000+00:00,2016-06-03,13:45:17,2016,4.4,6.59,-2.6296,-77.4757,mb,"79 km ESE of Macas, Ecuador",251188643150.95822,us2000632i
2016-06-06 16:45:10.030000+00:00,2016-06-06,16:45:10,2016,4.5,13.42,0.5823,-80.0321,mb,"3 km SSW of Muisne, Ecuador",354813389233.57605,us200062cm
2016-06-08 20:18:27.600000+00:00,2016-06-08,20:18:27,2016,4.9,103.45,-4.2677,-76.8786,mb,"66 km NNW of Barranca, Peru",1412537544622.7554,us200062vg
2016-06-20 11:59:53.470000+00:00,2016-06-20,11:59:53,2016,4.3,59.23,-1.1571,-80.18,mb,"22 km ENE of Santa Ana, Ecuador",177827941003.89227,us200065hd
2016-06-20 23:24:36.560000+00:00,2016-06-20,23:24:36,2016,4.1,64.27,-1.1266,-80.12,mb,"23 km SSE of Junín, Ecuador",89125093813.3744,us200066ip
2016-06-22 15:40:27.290000+00:00,2016-06-22,15:40:27,2016,4.3,10.0,0.4027,-80.6433,mb,"73 km WSW of Muisne, Ecuador",177827941003.89227,us200067ie
2016-06-24 09:38:06.410000+00:00,2016-06-24,09:38:06,2016,4.3,10.0,0.8315,-79.542,mb,"18 km SE of Esmeraldas, Ecuador",177827941003.89227,us200067wk
2016-06-26 05:28:15.840000+00:00,2016-06-26,05:28:15,2016,4.3,169.64,-1.6049,-77.6534,mb,"36 km ENE of Palora, Ecuador",177827941003.89227,us10005z4j
2016-06-27 04:15:45.930000+00:00,2016-06-27,04:15:45,2016,4.3,64.38,-3.2487,-79.7467,mb,"10 km NE of Pasaje, Ecuador",177827941003.89227,us2000673h
2016-07-02 06:35:01.810000+00:00,2016-07-02,06:35:01,2016,4.5,57.71,-4.7539,-80.6691,mb,"9 km NNW of Querecotillo, Peru",354813389233.57605,us10005zf8
2016-07-06 03:14:52.520000+00:00,2016-07-06,03:14:52,2016,4.3,10.0,0.182,-79.991,mb,"13 km NNE of Pedernales, Ecuador",177827941003.89227,us1000615s
2016-07-06 06:15:28.050000+00:00,2016-07-06,06:15:28,2016,4.2,35.49,0.9737,-79.4339,mb,"24 km E of Esmeraldas, Ecuador",125892541179.41713,us1000616q
2016-07-06 06:19:48.350000+00:00,2016-07-06,06:19:48,2016,4.6,35.0,0.9235,-79.3978,mb,"28 km E of Esmeraldas, Ecuador",501187233627.2715,us1000616m
2016-07-07 10:48:40.720000+00:00,2016-07-07,10:48:40,2016,4.0,35.0,0.9109,-79.5016,mb,"17 km ESE of Esmeraldas, Ecuador",63095734448.019424,us20006ekb
2016-07-08 04:28:43.320000+00:00,2016-07-08,04:28:43,2016,5.5,7.1,-0.4071,-80.8075,mwb,"47 km WNW of Bahía de Caráquez, Ecuador",11220184543019.652,us100061tj
2016-07-08 07:03:50.180000+00:00,2016-07-08,07:03:50,2016,4.6,10.0,-0.3651,-80.7396,mb,"43 km NW of Bahía de Caráquez, Ecuador",501187233627.2715,us100061u5
2016-07-08 17:19:15.580000+00:00,2016-07-08,17:19:15,2016,4.5,156.89,-2.2043,-77.4854,mb,"70 km E of Macas, Ecuador",354813389233.57605,us20006enb
2016-07-10 06:44:41.830000+00:00,2016-07-10,06:44:41,2016,4.2,10.0,-0.4257,-80.1844,mb,"31 km NNW of Chone, Ecuador",125892541179.41713,us100062c4
2016-07-11 02:01:09.950000+00:00,2016-07-11,02:01:09,2016,5.9,17.0,0.5874,-79.6358,mww,"33 km NNW of Rosa Zarate, Ecuador",44668359215096.53,us100062hd
2016-07-11 02:11:04.800000+00:00,2016-07-11,02:11:04,2016,6.3,21.0,0.5812,-79.638,mww,"33 km NNW of Rosa Zarate, Ecuador",177827941003892.28,us100062hg
2016-07-11 07:40:30.030000+00:00,2016-07-11,07:40:30,2016,4.3,10.0,0.7388,-79.55,mb,"26 km SSE of Esmeraldas, Ecuador",177827941003.89227,us100062j4
2016-07-14 16:37:42.620000+00:00,2016-07-14,16:37:42,2016,4.7,10.0,1.2598,-79.9909,mb,"50 km NW of Esmeraldas, Ecuador",707945784384.1403,us20006en3
2016-07-15 07:32:32.300000+00:00,2016-07-15,07:32:32,2016,4.4,10.0,-0.6798,-80.9483,mb,"40 km NW of Manta, Ecuador",251188643150.95822,us20006evp
2016-07-18 12:00:25.650000+00:00,2016-07-18,12:00:25,2016,4.5,10.0,1.1219,-79.1882,mb,"26 km WSW of Valdez, Ecuador",354813389233.57605,us20006gqr
2016-07-20 01:20:23.640000+00:00,2016-07-20,01:20:23,2016,5.1,10.0,-0.9356,-80.4271,mb,"2 km ESE of Rocafuerte, Ecuador",2818382931264.449,us20006g0u
2016-07-21 11:57:49.010000+00:00,2016-07-21,11:57:49,2016,4.8,26.2,-0.9542,-80.3518,mb,"11 km ESE of Rocafuerte, Ecuador",1000000000000.0,us20006gdb
2016-07-21 22:08:51.060000+00:00,2016-07-21,22:08:51,2016,4.2,128.91,-5.8788,-77.0801,mb,"20 km NW of Moyobamba, Peru",125892541179.41713,us20006ht1
2016-07-22 06:31:29.060000+00:00,2016-07-22,06:31:29,2016,4.3,34.22,-0.2771,-80.2264,mb,"41 km NNE of Bahía de Caráquez, Ecuador",177827941003.89227,us20006gs5
2016-08-09 04:23:35.270000+00:00,2016-08-09,04:23:35,2016,4.4,9.13,-0.1842,-78.32,mwr,"22 km NE of Sangolquí, Ecuador",251188643150.95822,us10006c91
2016-08-09 10:45:17.080000+00:00,2016-08-09,10:45:17,2016,4.3,10.0,-5.9414,-78.7662,mwr,"9 km WSW of Choros, Peru",177827941003.89227,us10006cah
2016-08-15 11:16:32.020000+00:00,2016-08-15,11:16:32,2016,4.2,78.58,-5.23,-79.1442,mb,"17 km ENE of Tabaconas, Peru",125892541179.41713,us10006dwh
2016-08-23 12:54:22.050000+00:00,2016-08-23,12:54:22,2016,4.0,64.32,-1.8542,-80.4723,mb,"26 km W of Pedro Carbo, Ecuador",63095734448.019424,us10006g5r
2016-08-26 04:25:27.970000+00:00,2016-08-26,04:25:27,2016,4.8,10.0,-0.9434,-80.3501,mb,"11 km E of Rocafuerte, Ecuador",1000000000000.0,us20006u4h
2016-08-29 16:54:11.090000+00:00,2016-08-29,16:54:11,2016,4.1,86.62,-5.2112,-80.5041,mb,"14 km E of Piura, Peru",89125093813.3744,us10006syb
2016-09-02 20:49:01.410000+00:00,2016-09-02,20:49:01,2016,4.4,78.2,0.7154,-79.0854,mb,"60 km S of Valdez, Ecuador",251188643150.95822,us10006js0
2016-09-03 20:02:52.810000+00:00,2016-09-03,20:02:52,2016,4.4,168.93,-1.5524,-77.7856,mb,"25 km ESE of Puyo, Ecuador",251188643150.95822,us10006k5n
2016-09-05 00:22:59.080000+00:00,2016-09-05,00:22:59,2016,4.7,10.0,-0.1494,-78.3268,mb,"23 km ENE of Quito, Ecuador",707945784384.1403,us10006kee
2016-09-10 04:53:31.220000+00:00,2016-09-10,04:53:31,2016,4.3,186.59,-1.5956,-77.6801,mb,"33 km ENE of Palora, Ecuador",177827941003.89227,us10006njb
2016-09-10 10:08:20.020000+00:00,2016-09-10,10:08:20,2016,6.1,121.0,-5.573,-76.9536,mww,"51 km N of Moyobamba, Peru",89125093813374.4,us10006nkg
2016-09-11 19:59:07.110000+00:00,2016-09-11,19:59:07,2016,4.5,104.43,-2.6513,-77.5836,mb,"68 km ESE of Sucúa, Ecuador",354813389233.57605,us10006nvr
2016-09-14 16:50:36.070000+00:00,2016-09-14,16:50:36,2016,4.7,6.27,0.5673,-79.9646,mb,"7 km SE of Muisne, Ecuador",707945784384.1403,us10006pij
2016-09-22 00:53:52.540000+00:00,2016-09-22,00:53:52,2016,4.3,80.14,-2.3838,-79.8397,mb,"21 km SSE of Guayaquil, Ecuador",177827941003.89227,us10006rha
2016-09-25 05:09:02+00:00,2016-09-25,05:09:02,2016,4.1,41.0,-5.56,-81.22,mb,"44 km W of Sechura, Peru",89125093813.3744,us20007gty
2016-09-25 18:23:59.630000+00:00,2016-09-25,18:23:59,2016,4.7,31.96,-3.2333,-80.7401,mb,"48 km NW of Tumbes, Peru",707945784384.1403,us10006skn
2016-09-30 16:45:12.350000+00:00,2016-09-30,16:45:12,2016,4.9,170.92,-1.5967,-77.5526,mb,"47 km ENE of Palora, Ecuador",1412537544622.7554,us10006u5a
2016-09-30 22:35:48.860000+00:00,2016-09-30,22:35:48,2016,4.6,105.52,-3.9976,-76.9364,mb,"80 km SW of Alianza Cristiana, Peru",501187233627.2715,us10006u80
2016-10-10 17:59:51.440000+00:00,2016-10-10,17:59:51,2016,4.7,10.0,2.9771,-78.5736,mb,"53 km NNW of Mosquera, Colombia",707945784384.1403,us20007euh
2016-10-12 02:14:49.020000+00:00,2016-10-12,02:14:49,2016,4.3,167.81,-1.6441,-78.1216,mb,"18 km WNW of Palora, Ecuador",177827941003.89227,us20007fc2
2016-10-25 15:36:49.070000+00:00,2016-10-25,15:36:49,2016,4.5,29.4,-4.8664,-81.2656,mb,"23 km WNW of San Lucas ( Pueblo Nuevo de Colan), Peru",354813389233.57605,us20007gm4
2016-10-26 14:17:07.840000+00:00,2016-10-26,14:17:07,2016,4.6,10.0,2.7916,-79.4247,mb,south of Panama,501187233627.2715,us100073g8
2016-10-27 04:45:51.640000+00:00,2016-10-27,04:45:51,2016,4.3,30.79,-1.1079,-80.3397,mwr,"11 km NNE of Santa Ana, Ecuador",177827941003.89227,us100072gt
2016-11-19 04:05:26.420000+00:00,2016-11-19,04:05:26,2016,4.1,163.81,-1.9019,-77.9607,mb,"22 km S of Palora, Ecuador",89125093813.3744,us10007adn
2016-11-19 19:55:52.100000+00:00,2016-11-19,19:55:52,2016,4.4,76.84,-2.0389,-79.7797,mb,"10 km SW of Samborondón, Ecuador",251188643150.95822,us10007amh
2016-12-01 19:35:23.670000+00:00,2016-12-01,19:35:23,2016,4.6,27.65,-1.2451,-80.8659,mb,"31 km SW of Montecristi, Ecuador",501187233627.2715,us10007e3r
2016-12-07 10:24:56.410000+00:00,2016-12-07,10:24:56,2016,4.6,16.6,-5.246,-78.8116,mb,"23 km ESE of San Ignacio, Peru",501187233627.2715,us10007glh
2016-12-12 14:42:26.930000+00:00,2016-12-12,14:42:26,2016,4.7,35.3,0.8666,-79.6942,mb,"11 km SSW of Esmeraldas, Ecuador",707945784384.1403,us20008077
2016-12-12 15:54:00.240000+00:00,2016-12-12,15:54:00,2016,5.2,34.94,0.8529,-79.7855,mww,"18 km SW of Esmeraldas, Ecuador",3981071705534.9854,us20008088
2016-12-12 19:29:19.470000+00:00,2016-12-12,19:29:19,2016,4.1,45.36,0.6163,-79.429,mb,"32 km N of Rosa Zarate, Ecuador",89125093813.3744,us200082va
2016-12-13 22:55:51.820000+00:00,2016-12-13,22:55:51,2016,4.4,28.52,0.9465,-79.7679,mb,"12 km W of Esmeraldas, Ecuador",251188643150.95822,us10007lri
2016-12-16 01:53:06.410000+00:00,2016-12-16,01:53:06,2016,4.1,49.44,-2.5888,-79.856,mb,"28 km WNW of Naranjal, Ecuador",89125093813.3744,us200082fd
2016-12-19 07:11:39.570000+00:00,2016-12-19,07:11:39,2016,5.4,10.0,0.8754,-79.7079,mwr,"11 km SSW of Esmeraldas, Ecuador",7943282347242.8545,us200082i5
2016-12-19 07:24:57.680000+00:00,2016-12-19,07:24:57,2016,4.2,10.0,0.8205,-79.6857,mb,"15 km SSW of Esmeraldas, Ecuador",125892541179.41713,us10007rcf
2016-12-19 08:57:14.960000+00:00,2016-12-19,08:57:14,2016,4.5,10.0,0.7831,-79.7186,mb,"20 km SSW of Esmeraldas, Ecuador",354813389233.57605,us200082ix
2016-12-20 10:49:58.210000+00:00,2016-12-20,10:49:58,2016,4.8,10.0,0.9054,-79.7553,mwr,"12 km WSW of Esmeraldas, Ecuador",1000000000000.0,us200082tc
2016-12-20 12:09:37.940000+00:00,2016-12-20,12:09:37,2016,4.4,10.0,1.1396,-79.741,mb,"22 km NNW of Esmeraldas, Ecuador",251188643150.95822,us10007rfb
2016-12-20 15:41:33.420000+00:00,2016-12-20,15:41:33,2016,4.6,10.0,0.9148,-79.6875,mb,"6 km SW of Esmeraldas, Ecuador",501187233627.2715,us200082vm
2016-12-20 17:39:23.080000+00:00,2016-12-20,17:39:23,2016,4.9,11.4,0.9368,-79.6304,mb,"3 km SE of Esmeraldas, Ecuador",1412537544622.7554,us10007lhs
2016-12-20 17:55:18.820000+00:00,2016-12-20,17:55:18,2016,4.1,25.3,0.9739,-79.5919,mb,"7 km ENE of Esmeraldas, Ecuador",89125093813.3744,us10007rfu
2016-12-21 01:04:51.620000+00:00,2016-12-21,01:04:51,2016,4.8,10.0,0.9239,-79.6856,mwr,"5 km SW of Esmeraldas, Ecuador",1000000000000.0,us10007llb
2016-12-23 03:43:51.310000+00:00,2016-12-23,03:43:51,2016,4.4,10.0,2.6595,-75.5794,mb,"6 km E of Íquira, Colombia",251188643150.95822,us10007m63
2016-12-28 05:05:04.970000+00:00,2016-12-28,05:05:04,2016,4.7,138.08,1.6873,-76.9221,mb,"10 km E of San Pablo, Colombia",707945784384.1403,us10007n50
2016-12-29 04:02:20.630000+00:00,2016-12-29,04:02:20,2016,4.2,134.25,-2.1085,-78.0353,mb,"23 km NNE of Macas, Ecuador",125892541179.41713,us10007tng
2017-01-01 06:35:49.360000+00:00,2017-01-01,06:35:49,2017,4.7,14.98,2.5444,-79.0252,mb,"63 km W of Mosquera, Colombia",707945784384.1403,us10007p1x
2017-01-01 07:38:33.620000+00:00,2017-01-01,07:38:33,2017,4.4,18.22,2.3138,-78.5497,mb,"24 km SSW of Mosquera, Colombia",251188643150.95822,us10007p2b
2017-01-02 13:13:48.710000+00:00,2017-01-02,13:13:48,2017,5.9,106.0,-4.895,-76.3675,mww,"34 km ESE of Barranca, Peru",44668359215096.53,us10007p7n
2017-01-07 09:11:54.050000+00:00,2017-01-07,09:11:54,2017,4.1,25.9,-2.9409,-80.3394,mb,"34 km S of Playas, Ecuador",89125093813.3744,us10007v7y
2017-01-11 02:36:29.700000+00:00,2017-01-11,02:36:29,2017,4.9,10.0,0.6184,-80.0216,mwr,"0 km NNW of Muisne, Ecuador",1412537544622.7554,us10007si5
2017-01-15 09:44:50.970000+00:00,2017-01-15,09:44:50,2017,4.6,37.13,-0.1702,-80.6566,mb,"53 km NNW of Bahía de Caráquez, Ecuador",501187233627.2715,us10007tdb
2017-01-16 12:26:16.760000+00:00,2017-01-16,12:26:16,2017,4.4,187.62,-1.7784,-77.4143,mb,"61 km E of Palora, Ecuador",251188643150.95822,us10007wns
2017-01-30 04:56:32.540000+00:00,2017-01-30,04:56:32,2017,4.2,50.82,-2.7798,-79.4792,mb,"19 km SE of Naranjal, Ecuador",125892541179.41713,us10007was
2017-01-31 14:22:38.700000+00:00,2017-01-31,14:22:38,2017,5.5,10.0,0.702,-79.6769,mww,"28 km S of Esmeraldas, Ecuador",11220184543019.652,us10007wew
2017-01-31 23:38:26.990000+00:00,2017-01-31,23:38:26,2017,4.8,46.88,-3.3133,-76.8871,mb,"53 km WNW of Alianza Cristiana, Peru",1000000000000.0,us10007wj0
2017-02-03 20:33:08.160000+00:00,2017-02-03,20:33:08,2017,4.2,92.3,2.4226,-77.7205,mb,"24 km SE of Guapí, Colombia",125892541179.41713,us20008k90
2017-02-15 04:12:11.970000+00:00,2017-02-15,04:12:11,2017,4.1,27.63,-1.3728,-80.478,mwr,"11 km ESE of Jipijapa, Ecuador",89125093813.3744,us20008jvp
2017-02-20 07:45:10.440000+00:00,2017-02-20,07:45:10,2017,5.1,10.22,-5.1484,-74.9088,mww,"85 km E of Lagunas, Peru",2818382931264.449,us20008kvi
2017-02-23 03:41:02.310000+00:00,2017-02-23,03:41:02,2017,4.5,108.06,-5.4831,-76.7206,mb,"66 km NNE of Moyobamba, Peru",354813389233.57605,us20008lnt
2017-03-21 04:29:10.900000+00:00,2017-03-21,04:29:10,2017,4.9,23.59,-3.6792,-80.9208,mwr,"26 km W of Zorritos, Peru",1412537544622.7554,us20008tgi
2017-03-24 10:37:22.740000+00:00,2017-03-24,10:37:22,2017,4.4,31.0,-3.9679,-80.8712,mb,"19 km NW of Papayal, Peru",251188643150.95822,us20008u97
2017-03-25 18:06:44.750000+00:00,2017-03-25,18:06:44,2017,4.8,10.97,-4.4644,-76.933,mb,"49 km NW of Barranca, Peru",1000000000000.0,us20008umq
2017-03-28 11:15:31.570000+00:00,2017-03-28,11:15:31,2017,4.6,128.52,-3.1638,-75.7563,mb,"82 km ENE of Alianza Cristiana, Peru",501187233627.2715,us20008v91
2017-03-30 00:20:38.350000+00:00,2017-03-30,00:20:38,2017,4.3,168.01,-1.755,-78.0288,mb,"9 km SW of Palora, Ecuador",177827941003.89227,us10008emg
2017-04-09 14:04:08.990000+00:00,2017-04-09,14:04:08,2017,4.5,35.0,-3.8194,-75.7956,mb,"80 km ESE of Alianza Cristiana, Peru",354813389233.57605,us10008g2e
2017-04-12 14:14:07.020000+00:00,2017-04-12,14:14:07,2017,4.3,102.43,-3.0524,-77.2999,mb,"106 km WNW of Alianza Cristiana, Peru",177827941003.89227,us10008gyd
2017-04-18 17:49:55.790000+00:00,2017-04-18,17:49:55,2017,5.9,14.0,-2.7118,-75.3035,mww,"151 km NE of Alianza Cristiana, Peru",44668359215096.53,us10008iq5
2017-04-25 22:31:18.490000+00:00,2017-04-25,22:31:18,2017,4.2,157.58,-1.7418,-78.0396,mb,"9 km WSW of Palora, Ecuador",125892541179.41713,us10008nak
2017-05-01 00:06:06.560000+00:00,2017-05-01,00:06:06,2017,4.4,17.49,-2.3401,-77.4435,mwr,"74 km E of Macas, Ecuador",251188643150.95822,us10008mbt
2017-05-01 16:15:50.290000+00:00,2017-05-01,16:15:50,2017,4.0,37.39,1.3639,-79.43,mb,"51 km NNE of Esmeraldas, Ecuador",63095734448.019424,us10008ptt
2017-05-16 15:59:17.370000+00:00,2017-05-16,15:59:17,2017,4.6,57.97,-2.2168,-80.2692,mb,"30 km W of Santa Lucía, Ecuador",501187233627.2715,us10008sr2
2017-05-21 10:14:19.260000+00:00,2017-05-21,10:14:19,2017,4.8,86.67,-4.6948,-79.8665,mb,"10 km NNW of Lagunas, Peru",1000000000000.0,us10008u0i
2017-05-29 12:06:53.710000+00:00,2017-05-29,12:06:53,2017,4.4,161.08,-1.6319,-78.037,mb,"11 km NW of Palora, Ecuador",251188643150.95822,us10008w1m
2017-06-05 04:08:34.500000+00:00,2017-06-05,04:08:34,2017,4.2,57.27,-3.5168,-77.3642,mb,"103 km W of Alianza Cristiana, Peru",125892541179.41713,us20009ljy
2017-06-05 11:34:11.290000+00:00,2017-06-05,11:34:11,2017,5.6,49.0,-4.072,-80.3583,mww,Peru-Ecuador border region,15848931924611.11,us20009kr6
2017-06-06 20:34:50.460000+00:00,2017-06-06,20:34:50,2017,4.0,95.45,-4.137,-80.6966,mb,"7 km SE of Papayal, Peru",63095734448.019424,us20009lzf
2017-06-08 04:27:43.330000+00:00,2017-06-08,04:27:43,2017,4.5,57.26,-4.0532,-80.4516,mb,"25 km ESE of Cañaveral, Peru",354813389233.57605,us20009mng
2017-06-11 18:01:52.280000+00:00,2017-06-11,18:01:52,2017,4.3,10.0,0.3211,-80.4079,mb,"48 km NW of Pedernales, Ecuador",177827941003.89227,us20009lvf
2017-06-19 04:16:34.420000+00:00,2017-06-19,04:16:34,2017,4.6,106.49,-3.6098,-77.1071,mb,"76 km W of Alianza Cristiana, Peru",501187233627.2715,us20009nir
2017-06-25 03:03:41.430000+00:00,2017-06-25,03:03:41,2017,4.3,77.89,-4.4632,-80.029,mb,"6 km NNW of Suyo, Peru",177827941003.89227,us20009pjt
2017-06-30 22:29:45.140000+00:00,2017-06-30,22:29:45,2017,6.0,13.0,-0.2849,-80.4927,mww,"35 km NNW of Bahía de Caráquez, Ecuador",63095734448019.43,us100095nr
2017-07-01 03:32:55.920000+00:00,2017-07-01,03:32:55,2017,4.2,10.0,-0.3647,-80.3266,mb,"27 km NNE of Bahía de Caráquez, Ecuador",125892541179.41713,us100095pe
2017-07-01 23:16:33.430000+00:00,2017-07-01,23:16:33,2017,4.3,10.0,-0.2821,-80.8327,mb,"57 km NW of Bahía de Caráquez, Ecuador",177827941003.89227,us100097t8
2017-07-11 12:09:15.560000+00:00,2017-07-11,12:09:15,2017,5.4,17.0,0.7164,-79.7006,mww,"27 km S of Esmeraldas, Ecuador",7943282347242.8545,us100098s3
2017-07-26 19:59:24.610000+00:00,2017-07-26,19:59:24,2017,4.3,42.64,-0.8448,-80.2782,mb,"8 km SW of Tosagua, Ecuador",177827941003.89227,us2000a37k
2017-08-09 22:03:17.330000+00:00,2017-08-09,22:03:17,2017,4.2,10.0,-3.7161,-74.0341,mb,"83 km W of San Juan, Peru",125892541179.41713,us2000a83f
2017-08-11 20:17:56.700000+00:00,2017-08-11,20:17:56,2017,4.7,42.74,-5.2372,-80.9377,mb,"25 km NW of Tablazo Norte, Peru",707945784384.1403,us2000a7f8
2017-09-13 03:34:45.200000+00:00,2017-09-13,03:34:45,2017,4.4,53.18,0.9958,-79.4515,mb,"22 km E of Esmeraldas, Ecuador",251188643150.95822,us2000al9a
2017-09-16 04:21:06.930000+00:00,2017-09-16,04:21:06,2017,4.6,162.23,-1.4861,-77.9211,mb,"9 km E of Puyo, Ecuador",501187233627.2715,us2000anyf
2017-09-19 12:48:28.660000+00:00,2017-09-19,12:48:28,2017,4.4,112.4,-2.1312,-78.7264,mb,"15 km ENE of Alausí, Ecuador",251188643150.95822,us2000aqp7
2017-09-26 08:33:23.300000+00:00,2017-09-26,08:33:23,2017,4.4,10.0,-5.8816,-77.3785,mb,"16 km NW of Segunda Jerusalén - Azunguillo, Peru",251188643150.95822,us2000auvr
2017-10-01 07:37:43.020000+00:00,2017-10-01,07:37:43,2017,4.1,198.12,-1.5052,-77.5042,mb,"55 km E of Puyo, Ecuador",89125093813.3744,us2000axfi
2017-10-06 15:32:10.140000+00:00,2017-10-06,15:32:10,2017,4.5,35.17,-4.2813,-80.7921,mb,"10 km ESE of La Breita, Peru",354813389233.57605,us1000arjg
2017-10-07 09:26:13.120000+00:00,2017-10-07,09:26:13,2017,5.2,137.9,-1.7015,-77.9133,mww,"5 km E of Palora, Ecuador",3981071705534.9854,us2000b2fc
2017-10-09 04:15:21.690000+00:00,2017-10-09,04:15:21,2017,4.9,168.05,-1.6381,-77.5824,mb,"43 km E of Palora, Ecuador",1412537544622.7554,us2000b2xw
2017-10-11 05:08:12.160000+00:00,2017-10-11,05:08:12,2017,4.4,179.49,-1.6656,-77.7036,mb,"29 km E of Palora, Ecuador",251188643150.95822,us1000aq2e
2017-10-19 02:39:11.850000+00:00,2017-10-19,02:39:11,2017,4.6,28.36,1.0737,-79.4764,mb,"23 km ENE of Esmeraldas, Ecuador",501187233627.2715,us1000atxw
2017-10-22 07:48:07.540000+00:00,2017-10-22,07:48:07,2017,4.4,35.24,-5.2366,-75.7149,mb,"4 km WSW of Lagunas, Peru",251188643150.95822,us1000ayn2
2017-10-23 17:08:20.060000+00:00,2017-10-23,17:08:20,2017,4.4,186.44,-1.3115,-77.5672,mb,"44 km SE of Tena, Ecuador",251188643150.95822,us1000avz6
2017-11-03 07:33:54.560000+00:00,2017-11-03,07:33:54,2017,4.3,144.34,-2.3926,-77.3812,mb,"81 km E of Macas, Ecuador",177827941003.89227,us2000bhkp
2017-11-04 00:16:35.270000+00:00,2017-11-04,00:16:35,2017,5.1,157.28,2.4828,-76.0318,mww,"8 km SSE of Inzá, Colombia",2818382931264.449,us2000bi7p
2017-11-04 01:22:34.110000+00:00,2017-11-04,01:22:34,2017,4.2,40.3,1.9325,-79.0226,mb,"29 km WNW of Tumaco, Colombia",125892541179.41713,us2000bi8p
2017-11-04 09:01:05.010000+00:00,2017-11-04,09:01:05,2017,4.1,45.5,-4.5055,-77.8678,mb,"123 km SE of Yantzaza, Ecuador",89125093813.3744,us2000bibq
2017-11-06 06:06:48.910000+00:00,2017-11-06,06:06:48,2017,4.1,105.47,-1.9464,-79.5172,mb,"3 km S of Alfredo Baquerizo Moreno, Ecuador",89125093813.3744,us2000bj3p
2017-11-06 11:18:03.540000+00:00,2017-11-06,11:18:03,2017,4.5,125.43,-2.4483,-76.7952,mb,"120 km NNW of Alianza Cristiana, Peru",354813389233.57605,us2000bj6e
2017-11-06 17:56:53.460000+00:00,2017-11-06,17:56:53,2017,4.3,35.0,0.6776,-79.785,mb,"27 km ENE of Muisne, Ecuador",177827941003.89227,us2000bpn7
2017-11-10 06:56:42.150000+00:00,2017-11-10,06:56:42,2017,4.4,25.66,-1.2543,-80.4509,mb,"4 km NW of Sucre, Ecuador",251188643150.95822,us2000blaz
2017-11-11 14:45:22.240000+00:00,2017-11-11,14:45:22,2017,4.7,46.1,2.7641,-74.9148,mb,"38 km E of Rivera, Colombia",707945784384.1403,us2000bm1j
2017-11-17 13:40:41.310000+00:00,2017-11-17,13:40:41,2017,5.4,78.05,-2.4428,-79.8202,mww,"28 km SSE of Guayaquil, Ecuador",7943282347242.8545,us2000bqc4
2017-11-18 04:23:46.830000+00:00,2017-11-18,04:23:46,2017,5.5,35.0,-2.9657,-79.707,mww,"13 km ESE of Baláo, Ecuador",11220184543019.652,us2000bqvz
2017-11-18 23:03:55.200000+00:00,2017-11-18,23:03:55,2017,4.0,44.98,-4.1696,-80.4735,mb,"30 km ESE of Papayal, Peru",63095734448.019424,us2000buz3
2017-11-19 03:35:48.640000+00:00,2017-11-19,03:35:48,2017,4.4,40.57,-4.1664,-80.6543,mb,"13 km SE of Papayal, Peru",251188643150.95822,us2000br8k
2017-11-19 12:38:51.730000+00:00,2017-11-19,12:38:51,2017,4.1,69.14,-0.1562,-79.8123,mb,"36 km SE of Pedernales, Ecuador",89125093813.3744,us2000brf6
2017-11-19 21:42:12.220000+00:00,2017-11-19,21:42:12,2017,4.9,152.41,-1.7221,-78.03,mb,"7 km WSW of Palora, Ecuador",1412537544622.7554,us2000brkj
2017-11-23 03:33:58.870000+00:00,2017-11-23,03:33:58,2017,4.3,49.83,-2.1885,-80.3886,mb,"43 km W of Santa Lucía, Ecuador",177827941003.89227,us2000btp2
2017-11-28 02:04:26.700000+00:00,2017-11-28,02:04:26,2017,5.0,70.02,-2.0618,-79.9736,mb,"13 km NNE of Santa Lucía, Ecuador",1995262314968.8828,us2000bv8q
2017-11-29 02:25:00.670000+00:00,2017-11-29,02:25:00,2017,4.4,153.05,-2.0179,-77.3765,mb,"74 km ESE of Palora, Ecuador",251188643150.95822,us2000bvrq
2017-11-30 06:26:49.320000+00:00,2017-11-30,06:26:49,2017,4.4,10.0,2.6919,-78.886,mb,"52 km WNW of Mosquera, Colombia",251188643150.95822,us1000bj7l
2017-12-03 11:19:05.440000+00:00,2017-12-03,11:19:05,2017,6.1,17.0,-0.47,-80.3101,mww,"18 km NE of Bahía de Caráquez, Ecuador",89125093813374.4,us1000bkjh
2017-12-04 22:53:14.030000+00:00,2017-12-04,22:53:14,2017,4.3,148.65,-1.6591,-78.0454,mb,"10 km WNW of Palora, Ecuador",177827941003.89227,us1000bl7f
2017-12-07 02:37:45.350000+00:00,2017-12-07,02:37:45,2017,4.4,68.62,-4.0919,-80.1753,mb,"24 km W of Celica, Ecuador",251188643150.95822,us2000c1f4
2017-12-17 06:25:19.100000+00:00,2017-12-17,06:25:19,2017,4.0,108.37,-2.9167,-78.7774,mb,"2 km S of Gualaceo, Ecuador",63095734448.019424,us2000c5d2
2017-12-17 09:05:26.250000+00:00,2017-12-17,09:05:26,2017,4.1,48.64,0.289,-79.7706,mb,"33 km W of Rosa Zarate, Ecuador",89125093813.3744,us2000c5dv
2017-12-17 09:16:26.750000+00:00,2017-12-17,09:16:26,2017,4.6,10.0,0.6888,-80.15,mb,"16 km WNW of Muisne, Ecuador",501187233627.2715,us2000c5dx
2017-12-21 09:52:42.980000+00:00,2017-12-21,09:52:42,2017,4.5,37.92,-1.1161,-80.5231,mb,"10 km SW of Portoviejo, Ecuador",354813389233.57605,us1000bub4
2017-12-22 03:57:04.940000+00:00,2017-12-22,03:57:04,2017,4.6,10.0,-5.3848,-80.5677,mb,"18 km SE of Catacaos, Peru",501187233627.2715,us1000buw7
2017-12-26 06:04:21.090000+00:00,2017-12-26,06:04:21,2017,4.3,8.6,-3.1476,-80.8605,mb,"62 km NNW of Zorritos, Peru",177827941003.89227,us1000bw8y
2017-12-26 18:47:35.060000+00:00,2017-12-26,18:47:35,2017,4.3,81.37,-5.7259,-79.4438,mb,"15 km WNW of San Felipe, Peru",177827941003.89227,us2000ci79
2018-01-03 01:32:19.090000+00:00,2018-01-03,01:32:19,2018,4.2,38.13,1.9851,-79.2032,mb,"50 km WNW of Tumaco, Colombia",125892541179.41713,us1000bz7e
2018-01-06 19:30:23.820000+00:00,2018-01-06,19:30:23,2018,4.3,29.57,-0.8773,-80.312,mwr,"13 km WNW of Junín, Ecuador",177827941003.89227,us1000c1i4
2018-01-21 07:30:58.380000+00:00,2018-01-21,07:30:58,2018,4.6,127.01,-3.2846,-75.8527,mb,northern Peru,501187233627.2715,us2000cm2x
2018-01-23 13:45:34.400000+00:00,2018-01-23,13:45:34,2018,4.4,45.15,-3.9586,-80.6661,mb,"2 km SW of Cañaveral, Peru",251188643150.95822,us2000cn31
2018-01-23 23:54:53.640000+00:00,2018-01-23,23:54:53,2018,4.6,122.2,-2.6943,-76.7072,mb,"91 km NNW of Alianza Cristiana, Peru",501187233627.2715,us2000cnh2
2018-01-25 15:02:09.970000+00:00,2018-01-25,15:02:09,2018,4.5,10.0,0.216,-77.761,mb,"27 km SE of Pimampiro, Ecuador",354813389233.57605,us2000cp9e
2018-01-25 22:03:35.730000+00:00,2018-01-25,22:03:35,2018,4.5,44.86,-4.8367,-76.5208,mb,"17 km E of Barranca, Peru",354813389233.57605,us2000cph9
2018-01-31 23:13:21.400000+00:00,2018-01-31,23:13:21,2018,5.2,20.54,-1.7441,-77.672,mb,"32 km E of Palora, Ecuador",3981071705534.9854,us1000cdgu
2018-02-01 04:47:00.490000+00:00,2018-02-01,04:47:00,2018,4.5,183.76,-1.6121,-77.743,mb,"26 km ENE of Palora, Ecuador",354813389233.57605,us1000cdk1
2018-02-07 09:47:37.640000+00:00,2018-02-07,09:47:37,2018,4.0,34.87,-2.972,-81.1358,mb,"85 km SSW of La Libertad, Ecuador",63095734448.019424,us1000ci5p
2018-02-13 15:06:58.850000+00:00,2018-02-13,15:06:58,2018,4.3,163.23,-1.7938,-77.6893,mb,"32 km ESE of Palora, Ecuador",177827941003.89227,us2000d6y8
2018-02-16 00:18:54.040000+00:00,2018-02-16,00:18:54,2018,4.5,25.5,-5.7796,-81.0561,mwr,"35 km SW of Sechura, Peru",354813389233.57605,us2000d2zi
2018-02-16 08:01:26.640000+00:00,2018-02-16,08:01:26,2018,4.7,24.82,-5.891,-80.9604,mb,"39 km SSW of Sechura, Peru",707945784384.1403,us2000d33r
2018-02-19 01:09:39.440000+00:00,2018-02-19,01:09:39,2018,4.2,125.45,-1.3278,-78.7399,mb,"16 km WSW of Ambato, Ecuador",125892541179.41713,us2000d4h3
2018-02-27 03:40:11.470000+00:00,2018-02-27,03:40:11,2018,4.7,10.0,-2.8891,-79.7755,mb,"4 km ENE of Baláo, Ecuador",707945784384.1403,us2000d8lq
2018-02-27 14:20:38.810000+00:00,2018-02-27,14:20:38,2018,4.5,3.17,-2.8025,-79.7882,mb,"12 km NNE of Baláo, Ecuador",354813389233.57605,us2000d8qa
2018-03-01 16:14:40.320000+00:00,2018-03-01,16:14:40,2018,4.6,38.94,-0.68,-80.6294,mb,"24 km WSW of Bahía de Caráquez, Ecuador",501187233627.2715,us2000d9sj
2018-03-03 19:09:18.770000+00:00,2018-03-03,19:09:18,2018,4.3,4.27,-2.839,-79.7387,mb,"11 km NE of Baláo, Ecuador",177827941003.89227,us1000d2de
2018-03-04 06:16:19.540000+00:00,2018-03-04,06:16:19,2018,4.5,29.68,-5.7558,-80.9264,mb,"24 km SSW of Sechura, Peru",354813389233.57605,us2000dbz0
2018-03-10 20:55:00.330000+00:00,2018-03-10,20:55:00,2018,4.0,10.62,-4.8383,-81.3153,mb,"29 km S of Talara, Peru",63095734448.019424,us1000d5c4
2018-03-23 04:58:49.440000+00:00,2018-03-23,04:58:49,2018,4.2,61.99,-4.83,-77.562,mb,"98 km W of Barranca, Peru",125892541179.41713,us1000d7u5
2018-04-03 01:15:23.760000+00:00,2018-04-03,01:15:23,2018,4.3,5.0,-0.1897,-78.5218,mb,"4 km N of Quito, Ecuador",177827941003.89227,us1000dder
2018-04-16 00:30:07.080000+00:00,2018-04-16,00:30:07,2018,4.2,148.83,-1.9364,-78.0112,mb,"26 km S of Palora, Ecuador",125892541179.41713,us1000dpan
2018-04-18 12:44:19.020000+00:00,2018-04-18,12:44:19,2018,4.3,178.79,-1.409,-77.7101,mb,"33 km ENE of Puyo, Ecuador",177827941003.89227,us2000e234
2018-04-24 00:58:47.570000+00:00,2018-04-24,00:58:47,2018,4.5,24.54,-0.243,-80.3499,mwr,"40 km NNE of Bahía de Caráquez, Ecuador",354813389233.57605,us1000dr1w
2018-05-01 01:58:31.460000+00:00,2018-05-01,01:58:31,2018,4.5,35.86,1.859,-75.7791,mb,"13 km S of Suaza, Colombia",354813389233.57605,us1000dv4s
2018-05-01 09:34:50.200000+00:00,2018-05-01,09:34:50,2018,4.3,239.4,-2.931,-77.3719,mb,"103 km ESE of Sucúa, Ecuador",177827941003.89227,us1000dzxp
2018-05-22 13:36:19.270000+00:00,2018-05-22,13:36:19,2018,5.0,33.37,0.497,-78.4272,mb,"28 km NW of Cotacachi, Ecuador",1995262314968.8828,us1000e9ww
2018-05-25 07:41:03.600000+00:00,2018-05-25,07:41:03,2018,4.3,10.0,0.3193,-80.7219,mb,"79 km WNW of Pedernales, Ecuador",177827941003.89227,us1000ebu1
2018-05-25 21:54:20.740000+00:00,2018-05-25,21:54:20,2018,4.4,35.0,1.6617,-78.7266,mwr,"16 km SSE of Tumaco, Colombia",251188643150.95822,us1000ecfs
2018-06-12 09:35:25.480000+00:00,2018-06-12,09:35:25,2018,4.9,11.55,1.0673,-77.2722,mwr,"13 km ESE of Tangua, Colombia",1412537544622.7554,us1000ep1l
2018-06-15 13:35:38.930000+00:00,2018-06-15,13:35:38,2018,4.4,98.04,-2.0135,-79.6407,mb,"10 km ESE of Samborondón, Ecuador",251188643150.95822,us1000esc9
2018-07-02 01:16:45.080000+00:00,2018-07-02,01:16:45,2018,4.0,180.67,-1.3647,-77.6371,mb,"42 km ENE of Puyo, Ecuador",63095734448.019424,us2000fyc7
2018-07-07 00:19:52.490000+00:00,2018-07-07,00:19:52,2018,4.5,65.81,2.9425,-75.621,mb,"3 km ESE of Santa María, Colombia",354813389233.57605,us2000fyt3
2018-07-09 18:14:15.570000+00:00,2018-07-09,18:14:15,2018,4.6,49.53,-2.6849,-79.8533,mb,"25 km N of Baláo, Ecuador",501187233627.2715,us2000g0kb
2018-07-11 17:57:54.960000+00:00,2018-07-11,17:57:54,2018,4.5,79.44,-3.6496,-77.4982,mb,"119 km W of Alianza Cristiana, Peru",354813389233.57605,us2000g2cl
2018-07-16 05:35:13.960000+00:00,2018-07-16,05:35:13,2018,4.5,89.37,-2.9748,-78.4639,mb,"36 km ESE of Gualaceo, Ecuador",354813389233.57605,us2000g5xq
2018-07-17 11:27:13.530000+00:00,2018-07-17,11:27:13,2018,4.6,42.51,-5.0594,-77.3372,mb,"77 km WSW of Barranca, Peru",501187233627.2715,us2000g6y7
2018-07-18 01:28:54.680000+00:00,2018-07-18,01:28:54,2018,4.6,10.0,2.3132,-79.3951,mb,"87 km WNW of Salahonda, Colombia",501187233627.2715,us2000g7l1
2018-07-18 01:29:41.510000+00:00,2018-07-18,01:29:41,2018,4.7,56.59,-5.6585,-76.5714,mb,"56 km WNW of Yurimaguas, Peru",707945784384.1403,us2000g7l2
2018-07-18 18:18:07.020000+00:00,2018-07-18,18:18:07,2018,4.1,10.0,2.7213,-79.6595,mb,"134 km NW of Salahonda, Colombia",89125093813.3744,us2000gbw8
2018-07-25 07:51:29.630000+00:00,2018-07-25,07:51:29,2018,4.5,150.66,-2.0127,-77.5569,mb,"56 km SE of Palora, Ecuador",354813389233.57605,us2000gdb2
2018-08-16 19:09:12.290000+00:00,2018-08-16,19:09:12,2018,4.6,10.0,-2.9215,-81.6576,mb,"110 km SW of Salinas, Ecuador",501187233627.2715,us1000gasg
2018-08-22 16:23:35.260000+00:00,2018-08-22,16:23:35,2018,4.9,145.38,-2.9459,-75.4384,mb,"125 km ENE of Alianza Cristiana, Peru",1412537544622.7554,us1000gfgj
2018-09-02 03:43:15.680000+00:00,2018-09-02,03:43:15,2018,4.9,79.74,-2.5225,-79.3462,mb,"10 km S of La Troncal, Ecuador",1412537544622.7554,us2000h6rs
2018-09-03 06:31:37.240000+00:00,2018-09-03,06:31:37,2018,4.4,111.01,-3.1621,-77.5981,mb,"100 km SE of Sucúa, Ecuador",251188643150.95822,us2000h720
2018-09-07 02:12:06.280000+00:00,2018-09-07,02:12:06,2018,6.2,110.5,-2.2532,-78.7903,mww,"8 km SE of Alausí, Ecuador",125892541179417.14,us2000ha13
2018-09-08 14:38:56.980000+00:00,2018-09-08,14:38:56,2018,5.1,10.0,-4.3674,-81.5144,mww,"34 km WSW of El Alto, Peru",2818382931264.449,us2000hb2g
2018-09-09 03:19:36.370000+00:00,2018-09-09,03:19:36,2018,4.6,41.71,-4.0608,-76.0558,mb,"77 km SSE of Alianza Cristiana, Peru",501187233627.2715,us1000hd28
2018-09-09 03:19:46.770000+00:00,2018-09-09,03:19:46,2018,4.6,35.0,-4.0548,-75.9112,mb,"86 km SE of Alianza Cristiana, Peru",501187233627.2715,us2000hbc2
2018-09-17 20:44:39.390000+00:00,2018-09-17,20:44:39,2018,4.6,104.36,-2.8454,-77.542,mb,Peru-Ecuador border region,501187233627.2715,us2000hg2x
2018-09-20 17:54:46.370000+00:00,2018-09-20,17:54:46,2018,4.3,83.86,-0.8033,-79.13,mb,"18 km NE of La Maná, Ecuador",177827941003.89227,us1000h3ay
2018-09-20 22:45:19.600000+00:00,2018-09-20,22:45:19,2018,4.3,155.44,-1.896,-77.1672,mb,"91 km ESE of Palora, Ecuador",177827941003.89227,us1000h3aw
2018-10-10 02:47:52.610000+00:00,2018-10-10,02:47:52,2018,4.4,34.03,-5.6057,-81.0733,mb,"28 km W of Sechura, Peru",251188643150.95822,us1000hcw2
2018-10-13 13:36:02.580000+00:00,2018-10-13,13:36:02,2018,4.7,61.97,0.4716,-79.7374,mb,"33 km WNW of Rosa Zarate, Ecuador",707945784384.1403,us1000hbp3
2018-10-15 23:41:55.220000+00:00,2018-10-15,23:41:55,2018,4.7,105.81,-3.4084,-77.3126,mb,"97 km W of Alianza Cristiana, Peru",707945784384.1403,us1000hcl4
2018-10-20 18:42:22.530000+00:00,2018-10-20,18:42:22,2018,4.7,104.6,-5.1878,-77.091,mww,"60 km SW of Barranca, Peru",707945784384.1403,us1000hf1q
2018-10-21 21:08:56.040000+00:00,2018-10-21,21:08:56,2018,5.1,68.88,-1.8538,-79.874,mww,"13 km NE of El Triunfo, Ecuador",2818382931264.449,us1000hfc9
2018-10-22 04:32:13.560000+00:00,2018-10-22,04:32:13,2018,4.7,10.0,0.6119,-80.3425,mb,near the coast of Ecuador,707945784384.1403,us1000hfg2
2018-10-26 09:11:52.050000+00:00,2018-10-26,09:11:52,2018,4.9,163.66,-1.531,-77.8192,mb,"21 km ESE of Puyo, Ecuador",1412537544622.7554,us1000hhgv
2018-10-29 12:20:52.380000+00:00,2018-10-29,12:20:52,2018,4.5,58.16,-3.6957,-80.3208,mb,Peru-Ecuador border region,354813389233.57605,us1000hihf
2018-10-30 12:23:57.880000+00:00,2018-10-30,12:23:57,2018,4.3,92.33,-2.2255,-78.7012,mb,"16 km E of Alausí, Ecuador",177827941003.89227,us2000i7k3
2018-11-03 00:56:07.850000+00:00,2018-11-03,00:56:07,2018,4.4,187.92,-2.2962,-76.5197,mb,"130 km N of Alianza Cristiana, Peru",251188643150.95822,us1000hpsq
2018-11-17 12:55:33.690000+00:00,2018-11-17,12:55:33,2018,4.9,10.0,-2.5357,-80.6747,mww,"33 km WNW of Playas, Ecuador",1412537544622.7554,us1000ht5t
2018-12-14 09:56:02.480000+00:00,2018-12-14,09:56:02,2018,4.8,117.61,-2.9163,-75.4347,mb,"127 km ENE of Alianza Cristiana, Peru",1000000000000.0,us2000itj2
2018-12-15 21:11:44.120000+00:00,2018-12-15,21:11:44,2018,4.9,57.25,0.2837,-78.8614,mb,"66 km W of Cotacachi, Ecuador",1412537544622.7554,us2000itx6
2018-12-21 18:57:21.510000+00:00,2018-12-21,18:57:21,2018,4.9,10.0,2.3449,-79.528,mb,"102 km NW of Tumaco, Colombia",1412537544622.7554,us2000iw19
2019-01-03 21:11:51.720000+00:00,2019-01-03,21:11:51,2019,4.9,43.68,-5.6193,-76.9012,mb,"46 km N of Moyobamba, Peru",1412537544622.7554,us2000j04a
2019-01-04 08:49:53.430000+00:00,2019-01-04,08:49:53,2019,4.6,128.26,-2.8457,-76.3184,mb,"70 km N of Alianza Cristiana, Peru",501187233627.2715,us2000j07n
2019-01-06 11:19:34.370000+00:00,2019-01-06,11:19:34,2019,4.3,10.0,-2.1685,-79.2408,mb,"21 km ENE of Coronel Marcelino Maridueña, Ecuador",177827941003.89227,us2000j0t0
2019-01-08 10:00:10.050000+00:00,2019-01-08,10:00:10,2019,5.2,10.0,-4.6078,-74.0062,mww,"48 km WSW of Nauta, Peru",3981071705534.9854,us2000j1c8
2019-01-11 23:02:51.580000+00:00,2019-01-11,23:02:51,2019,4.6,146.11,-1.6756,-78.0484,mb,"9 km WNW of Palora, Ecuador",501187233627.2715,us2000j35h
2019-01-16 12:59:05.750000+00:00,2019-01-16,12:59:05,2019,4.2,38.28,-2.8718,-76.1302,mb,"74 km NNE of Alianza Cristiana, Peru",125892541179.41713,us2000jbt1
2019-01-18 21:27:01.530000+00:00,2019-01-18,21:27:01,2019,5.7,103.0,-3.2663,-76.818,mww,"48 km WNW of Alianza Cristiana, Peru",22387211385683.47,us2000j63c
2019-01-19 22:03:36.720000+00:00,2019-01-19,22:03:36,2019,4.4,10.0,2.5739,-74.8939,mb,"46 km ESE of Rivera, Colombia",251188643150.95822,us2000j6gh
2019-01-21 11:14:06.250000+00:00,2019-01-21,11:14:06,2019,4.6,10.0,2.6567,-79.0168,mb,south of Panama,501187233627.2715,us2000j6tb
2019-01-21 13:44:07.800000+00:00,2019-01-21,13:44:07,2019,4.6,10.0,2.6434,-79.12,mb,"75 km WNW of Mosquera, Colombia",501187233627.2715,us2000jdmm
2019-01-25 09:49:47.520000+00:00,2019-01-25,09:49:47,2019,4.5,192.49,-1.3246,-77.4919,mb,"51 km SE of Tena, Ecuador",354813389233.57605,us2000j8qb
2019-01-25 10:10:06.650000+00:00,2019-01-25,10:10:06,2019,4.4,10.0,-1.2455,-81.0539,mb,"49 km WSW of Montecristi, Ecuador",251188643150.95822,us2000jern
2019-01-29 06:10:56.080000+00:00,2019-01-29,06:10:56,2019,4.3,27.74,2.8793,-75.5748,mb,"11 km SE of Santa María, Colombia",177827941003.89227,us2000j9z4
2019-02-03 03:03:10.600000+00:00,2019-02-03,03:03:10,2019,4.9,94.27,-2.6511,-78.5322,mb,"35 km NE of La Unión, Ecuador",1412537544622.7554,us2000jclm
2019-02-04 17:45:48.100000+00:00,2019-02-04,17:45:48,2019,5.8,70.0,-2.4081,-79.8348,mww,"24 km SSE of Guayaquil, Ecuador",31622776601683.793,us2000jd8d
2019-02-05 09:53:03.260000+00:00,2019-02-05,09:53:03,2019,4.8,85.71,-2.7818,-78.5671,mb,"25 km ENE of La Unión, Ecuador",1000000000000.0,us2000jdjs
2019-02-14 06:24:46.380000+00:00,2019-02-14,06:24:46,2019,4.8,10.0,0.6328,-77.7852,mb,"6 km NE of San Gabriel, Ecuador",1000000000000.0,us2000jhs0
2019-02-14 13:42:50.700000+00:00,2019-02-14,13:42:50,2019,4.7,46.92,-3.1854,-80.486,mb,"42 km NW of Aguas Verdes, Peru",707945784384.1403,us2000jhy7
2019-02-22 10:17:23.770000+00:00,2019-02-22,10:17:23,2019,7.5,145.0,-2.1862,-77.0505,mww,"115 km ESE of Palora, Ecuador",1.1220184543019652e+16,us2000jlfv
2019-02-22 10:40:40.250000+00:00,2019-02-22,10:40:40,2019,5.5,70.89,-2.2377,-79.7366,mb,"14 km ESE of Eloy Alfaro, Ecuador",11220184543019.652,us2000jlh2
2019-02-23 02:40:07.780000+00:00,2019-02-23,02:40:07,2019,4.2,135.12,-2.1529,-77.4034,mb,"79 km SE of Palora, Ecuador",125892541179.41713,us1000javt
2019-03-14 09:02:07.762000+00:00,2019-03-14,09:02:07,2019,4.5,113.78,-2.355,-77.0225,mb,"121 km E of Macas, Ecuador",354813389233.57605,us1000jfe1
2019-03-20 16:23:22.850000+00:00,2019-03-20,16:23:22,2019,5.1,32.28,-2.7612,-77.3293,mb,"99 km ESE of Sucúa, Ecuador",2818382931264.449,us1000jjan
2019-03-25 14:03:27.780000+00:00,2019-03-25,14:03:27,2019,4.4,141.51,-2.3052,-76.5475,mb,"129 km N of Alianza Cristiana, Peru",251188643150.95822,us1000jla5
2019-03-28 15:39:56.360000+00:00,2019-03-28,15:39:56,2019,4.6,107.18,-2.8442,-76.6752,mb,"74 km NNW of Alianza Cristiana, Peru",501187233627.2715,us2000k6ki
2019-03-31 07:04:04.795000+00:00,2019-03-31,07:04:04,2019,6.2,18.0,-1.9446,-80.8101,mww,"31 km N of Santa Elena, Ecuador",125892541179417.14,us2000k7vu
2019-03-31 07:08:51.586000+00:00,2019-03-31,07:08:51,2019,4.9,10.0,-2.0009,-80.9989,mb,"24 km NNW of Salinas, Ecuador",1412537544622.7554,us2000k7w1
2019-03-31 07:12:14.557000+00:00,2019-03-31,07:12:14,2019,4.4,10.0,-2.0272,-80.8818,mb,"22 km NNE of Salinas, Ecuador",251188643150.95822,us2000kcen
2019-03-31 07:27:13.353000+00:00,2019-03-31,07:27:13,2019,5.1,10.0,-1.9695,-80.7188,mb,"32 km NNE of Santa Elena, Ecuador",2818382931264.449,us2000k7w6
2019-03-31 07:28:50.636000+00:00,2019-03-31,07:28:50,2019,5.5,18.62,-1.9363,-80.7342,mww,"34 km NNE of Santa Elena, Ecuador",11220184543019.652,us2000k7w8
2019-03-31 08:54:18.339000+00:00,2019-03-31,08:54:18,2019,4.4,10.0,-1.9238,-80.816,mb,"33 km N of Santa Elena, Ecuador",251188643150.95822,us2000kcet
2019-03-31 14:09:10.860000+00:00,2019-03-31,14:09:10,2019,4.9,10.0,-2.0306,-80.8862,mb,"21 km NNE of Salinas, Ecuador",1412537544622.7554,us2000k80e
2019-04-03 13:21:43.830000+00:00,2019-04-03,13:21:43,2019,4.3,139.6,-2.1776,-77.1632,mb,"103 km ESE of Palora, Ecuador",177827941003.89227,us2000k9m8
2019-04-08 03:23:49.241000+00:00,2019-04-08,03:23:49,2019,4.9,47.02,-2.1232,-80.3581,mb,"36 km SSW of Pedro Carbo, Ecuador",1412537544622.7554,us2000kc35
2019-04-13 03:43:56.820000+00:00,2019-04-13,03:43:56,2019,4.8,175.49,-1.386,-77.7347,mb,"31 km ENE of Puyo, Ecuador",1000000000000.0,us7000359x
2019-04-15 03:11:29.701000+00:00,2019-04-15,03:11:29,2019,4.5,140.02,-3.0208,-75.481,mb,"117 km ENE of Alianza Cristiana, Peru",354813389233.57605,us70003650
2019-04-17 09:13:29.269000+00:00,2019-04-17,09:13:29,2019,4.4,10.0,-2.2045,-81.0121,mb,"6 km W of Salinas, Ecuador",251188643150.95822,us700037mu
2019-04-17 15:01:00.938000+00:00,2019-04-17,15:01:00,2019,5.1,49.33,-5.0706,-78.1327,mww,"68 km NNE of La Peca, Peru",2818382931264.449,us700037tm
2019-04-22 01:04:51.922000+00:00,2019-04-22,01:04:51,2019,4.8,38.19,-3.2798,-80.4387,mb,"30 km NW of Zarumilla, Peru",1000000000000.0,us70003a3g
2019-04-29 03:15:03.304000+00:00,2019-04-29,03:15:03,2019,4.1,71.19,-3.8694,-80.3488,mb,"26 km SW of Matapalo, Peru",89125093813.3744,us70003ifw
2019-05-02 11:06:08.573000+00:00,2019-05-02,11:06:08,2019,4.5,31.79,-5.2425,-77.2531,mb,"78 km SW of Barranca, Peru",354813389233.57605,us70003fmr
2019-05-13 18:00:19.422000+00:00,2019-05-13,18:00:19,2019,4.6,15.17,0.6489,-78.0096,mb,"8 km WNW of El Ángel, Ecuador",501187233627.2715,us70003khl
2019-05-16 04:04:56.085000+00:00,2019-05-16,04:04:56,2019,4.9,136.43,-2.3498,-76.8933,mb,"134 km NNW of Alianza Cristiana, Peru",1412537544622.7554,us70003lz2
2019-05-18 03:55:39.611000+00:00,2019-05-18,03:55:39,2019,4.5,35.0,-4.7728,-74.9872,mb,"91 km ENE of Lagunas, Peru",354813389233.57605,us70003mxi
2019-05-22 20:49:45.912000+00:00,2019-05-22,20:49:45,2019,4.2,107.16,-2.4571,-77.5952,mb,"59 km ESE of Macas, Ecuador",125892541179.41713,us70003t9f
2019-05-26 07:41:15.073000+00:00,2019-05-26,07:41:15,2019,8.0,122.57,-5.8119,-75.2697,mww,"78 km NE of Navarro, Peru",6.309573444801943e+16,us60003sc0
2019-05-29 23:40:23.847000+00:00,2019-05-29,23:40:23,2019,4.8,150.87,-4.7289,-75.2549,mb,"72 km NE of Lagunas, Peru",1000000000000.0,us70003sz7
2019-06-11 21:25:41.679000+00:00,2019-06-11,21:25:41,2019,4.4,172.18,-1.3586,-77.7408,mb,"32 km ENE of Puyo, Ecuador",251188643150.95822,us70003yaq
2019-06-15 07:07:52.856000+00:00,2019-06-15,07:07:52,2019,4.4,108.51,-4.0694,-76.8341,mb,"79 km SW of Alianza Cristiana, Peru",251188643150.95822,us6000448m
2019-06-19 23:02:59.760000+00:00,2019-06-19,23:02:59,2019,4.9,107.44,-4.0003,-75.994,mww,"75 km SE of Alianza Cristiana, Peru",1412537544622.7554,us600043dq
2019-07-04 04:40:37.614000+00:00,2019-07-04,04:40:37,2019,4.6,151.69,-1.576,-77.9745,mb,"10 km SSE of Puyo, Ecuador",501187233627.2715,us70004j1x
2019-07-04 07:12:30.849000+00:00,2019-07-04,07:12:30,2019,4.3,52.05,-3.1224,-77.6259,mb,"95 km SE of Sucúa, Ecuador",177827941003.89227,us70004j21
2019-07-04 18:21:00.012000+00:00,2019-07-04,18:21:00,2019,4.8,61.73,-4.2394,-80.3853,mb,"42 km ESE of Papayal, Peru",1000000000000.0,us70004a2l
2019-07-23 11:44:56.812000+00:00,2019-07-23,11:44:56,2019,4.9,144.08,-2.3592,-76.291,mb,"124 km N of Alianza Cristiana, Peru",1412537544622.7554,us70004r5c
2019-07-24 02:41:29.031000+00:00,2019-07-24,02:41:29,2019,4.3,10.0,-2.8066,-78.1428,mb,"38 km S of Sucúa, Ecuador",177827941003.89227,us60004ykh
2019-07-30 12:25:29.217000+00:00,2019-07-30,12:25:29,2019,4.2,142.98,-1.9299,-77.939,mb,"25 km S of Palora, Ecuador",125892541179.41713,us600051ul
2019-07-31 09:41:41.663000+00:00,2019-07-31,09:41:41,2019,4.4,10.0,-2.0531,-78.9503,mb,"20 km NW of Alausí, Ecuador",251188643150.95822,us60004xw5
2019-08-18 09:28:29.560000+00:00,2019-08-18,09:28:29,2019,5.0,84.69,-2.3237,-79.2769,mww,"13 km NNE of La Troncal, Ecuador",1995262314968.8828,us600056nv
2019-08-22 20:53:41.326000+00:00,2019-08-22,20:53:41,2019,4.2,68.0,-3.5285,-79.0745,mb,near the coast of Ecuador,125892541179.41713,us7000579b
2019-08-23 21:14:12.597000+00:00,2019-08-23,21:14:12,2019,4.6,10.0,-5.4004,-77.1573,mb,"66 km NNE of Segunda Jerusalén - Azunguillo, Peru",501187233627.2715,us700057pm
2019-08-25 20:30:20.180000+00:00,2019-08-25,20:30:20,2019,5.0,61.45,2.7344,-78.0396,mww,"24 km NW of Guapí, Colombia",1995262314968.8828,us7000582j
2019-09-03 04:59:09.775000+00:00,2019-09-03,04:59:09,2019,4.5,145.2,-1.6429,-77.9436,mb,"6 km NNE of Palora, Ecuador",354813389233.57605,us70005bcq
2019-09-06 13:33:48.320000+00:00,2019-09-06,13:33:48,2019,4.5,125.41,-5.7549,-75.3202,mb,"70 km SE of Lagunas, Peru",354813389233.57605,us70005cs1
2019-09-09 23:52:42.651000+00:00,2019-09-09,23:52:42,2019,4.4,169.31,-1.3137,-77.8088,mb,"28 km NE of Puyo, Ecuador",251188643150.95822,us70005dxj
2019-09-11 15:18:03.350000+00:00,2019-09-11,15:18:03,2019,4.5,142.67,-1.8675,-77.8884,mb,"20 km SSE of Palora, Ecuador",354813389233.57605,us70005et4
2019-09-16 05:54:18.316000+00:00,2019-09-16,05:54:18,2019,4.6,110.01,-3.8102,-76.2745,mb,"41 km SSE of Alianza Cristiana, Peru",501187233627.2715,us70005gws
2019-09-19 17:55:26.402000+00:00,2019-09-19,17:55:26,2019,4.0,54.01,-2.1117,-80.2094,mb,"24 km WNW of Santa Lucía, Ecuador",63095734448.019424,us70005mf6
2019-09-27 13:44:44.129000+00:00,2019-09-27,13:44:44,2019,4.3,33.5,0.7964,-77.9091,mb,"18 km SW of Cumbal, Colombia",177827941003.89227,us70005mh3
2019-10-02 21:43:01.053000+00:00,2019-10-02,21:43:01,2019,4.5,45.61,-5.5447,-80.8043,mb,"2 km NE of Sechura, Peru",354813389233.57605,us70005q1k
2019-10-11 10:59:48.509000+00:00,2019-10-11,10:59:48,2019,4.3,121.22,-2.5228,-76.9998,mb,"122 km NNW of Alianza Cristiana, Peru",177827941003.89227,us70005tcw
2019-10-22 16:15:38.689000+00:00,2019-10-22,16:15:38,2019,4.6,74.61,-2.9033,-79.6628,mb,"16 km E of Baláo, Ecuador",501187233627.2715,us70005x7b
2019-11-02 12:20:09.137000+00:00,2019-11-02,12:20:09,2019,4.4,37.06,-2.5133,-80.8072,mb,"32 km S of Santa Elena, Ecuador",251188643150.95822,us700062am
2019-11-15 10:09:24.112000+00:00,2019-11-15,10:09:24,2019,4.1,21.61,-1.7449,-77.7166,mb,"28 km E of Palora, Ecuador",89125093813.3744,us70006bm8
2019-11-15 14:38:35.599000+00:00,2019-11-15,14:38:35,2019,4.3,120.89,-2.1059,-77.6235,mb,"58 km SE of Palora, Ecuador",177827941003.89227,us60006c0c
2019-11-16 23:32:27.224000+00:00,2019-11-16,23:32:27,2019,4.4,175.2,-1.5476,-77.7733,mb,"26 km ESE of Puyo, Ecuador",251188643150.95822,us700068ze
2019-11-19 16:23:08.297000+00:00,2019-11-19,16:23:08,2019,4.4,104.01,-3.43,-77.6054,mb,"108 km E of Gualaquiza, Ecuador",251188643150.95822,us70006dnu
2019-11-19 20:47:40.643000+00:00,2019-11-19,20:47:40,2019,4.5,39.24,-5.6965,-76.8495,mb,"39 km NNE of Moyobamba, Peru",354813389233.57605,us70006a2n
2019-12-03 19:07:10.440000+00:00,2019-12-03,19:07:10,2019,4.4,28.15,-4.9899,-76.3071,mb,"44 km ESE of Barranca, Peru",251188643150.95822,us60006q9n
2019-12-08 08:56:09.832000+00:00,2019-12-08,08:56:09,2019,4.6,10.0,-0.0864,-78.4095,mb,"20 km NE of Quito, Ecuador",501187233627.2715,us60006nvf
2019-12-11 00:50:37.527000+00:00,2019-12-11,00:50:37,2019,4.2,130.16,-2.4299,-76.6711,mb,"118 km NNW of Alianza Cristiana, Peru",125892541179.41713,us60006t8v
2020-01-03 14:16:43.016000+00:00,2020-01-03,14:16:43,2020,4.9,68.82,-3.3233,-79.9983,mb,"6 km S of Puerto Bolívar, Ecuador",1412537544622.7554,us70006u7d
2020-01-16 02:03:16.407000+00:00,2020-01-16,02:03:16,2020,4.5,106.86,-4.056,-76.9944,mb,"89 km SW of Alianza Cristiana, Peru",354813389233.57605,us700070nf
2020-01-17 04:32:04.935000+00:00,2020-01-17,04:32:04,2020,4.8,10.0,2.2118,-79.6665,mb,"107 km WNW of Tumaco, Colombia",1000000000000.0,us700071h9
2020-01-27 10:00:17.575000+00:00,2020-01-27,10:00:17,2020,4.1,49.5,0.4194,-78.7565,mb,"56 km WNW of Cotacachi, Ecuador",89125093813.3744,us60007h4m
2020-01-30 22:10:10.125000+00:00,2020-01-30,22:10:10,2020,5.1,10.0,-3.6423,-75.3493,mb,"121 km E of Alianza Cristiana, Peru",2818382931264.449,us60007kt4
2020-02-05 01:51:45.431000+00:00,2020-02-05,01:51:45,2020,5.0,42.07,-5.8126,-80.7451,mb,"29 km SSE of Sechura, Peru",1995262314968.8828,us70007iu1
2020-02-05 07:57:20.260000+00:00,2020-02-05,07:57:20,2020,5.1,10.0,-4.4768,-77.4566,mww,"95 km WNW of Barranca, Peru",2818382931264.449,us70007ixw
2020-02-08 09:57:01.424000+00:00,2020-02-08,09:57:01,2020,4.4,10.0,-4.484,-77.4558,mb,"94 km WNW of Barranca, Peru",251188643150.95822,us70007q5q
2020-02-09 20:33:28.059000+00:00,2020-02-09,20:33:28,2020,4.6,109.25,-2.1402,-79.3831,mb,"9 km NE of Coronel Marcelino Maridueña, Ecuador",501187233627.2715,us70007m82
2020-02-22 08:56:19.285000+00:00,2020-02-22,08:56:19,2020,4.4,10.0,-3.4003,-77.6492,mb,"103 km E of Gualaquiza, Ecuador",251188643150.95822,us70007uq6
2020-02-26 17:14:43.506000+00:00,2020-02-26,17:14:43,2020,4.5,10.0,2.6379,-79.6043,mb,"124 km WNW of Salahonda, Colombia",354813389233.57605,us600084nf
2020-03-09 09:35:44.628000+00:00,2020-03-09,09:35:44,2020,4.9,82.76,-4.7515,-80.0165,mb,"4 km NW of Sapillica, Peru",1412537544622.7554,us60008cdl
2020-03-12 00:21:32.084000+00:00,2020-03-12,00:21:32,2020,4.3,150.55,-2.419,-77.0456,mb,"119 km E of Macas, Ecuador",177827941003.89227,us70008gvx
2020-03-16 03:53:28.778000+00:00,2020-03-16,03:53:28,2020,5.0,42.22,1.1616,-78.5752,mb,"32 km ESE of San Lorenzo de Esmeraldas, Ecuador",1995262314968.8828,us60008gaz
2020-03-30 03:42:48.872000+00:00,2020-03-30,03:42:48,2020,4.4,10.0,0.3715,-80.653,mb,"74 km WNW of Pedernales, Ecuador",251188643150.95822,us70008ihp
2020-03-30 09:09:05.891000+00:00,2020-03-30,09:09:05,2020,5.2,130.93,0.2895,-77.6885,mww,"30 km ESE of Pimampiro, Ecuador",3981071705534.9854,us70008ikp
2020-04-17 03:13:34.031000+00:00,2020-04-17,03:13:34,2020,4.3,149.02,-2.409,-77.0829,mb,"114 km E of Macas, Ecuador",177827941003.89227,us70008yd3
2020-04-19 01:16:13.212000+00:00,2020-04-19,01:16:13,2020,4.3,155.58,-1.8856,-77.8596,mb,"23 km SSE of Palora, Ecuador",177827941003.89227,us70008zmi
2020-04-25 18:50:39.946000+00:00,2020-04-25,18:50:39,2020,4.3,134.9,-2.1931,-77.1478,mb,"105 km ESE of Palora, Ecuador",177827941003.89227,us700097kk
2020-04-28 00:57:03.810000+00:00,2020-04-28,00:57:03,2020,4.0,159.89,-1.5891,-78.0191,mb,"11 km S of Puyo, Ecuador",63095734448.019424,us700099yh
2020-04-28 09:06:07.043000+00:00,2020-04-28,09:06:07,2020,4.6,10.0,-2.8175,-77.429,mb,"91 km ESE of Sucúa, Ecuador",501187233627.2715,us60009dtb
2020-04-29 03:35:52.959000+00:00,2020-04-29,03:35:52,2020,4.3,70.09,-2.8278,-77.6555,mb,Peru-Ecuador border region,177827941003.89227,us70009afm
2020-04-29 07:20:29.924000+00:00,2020-04-29,07:20:29,2020,4.4,34.06,-2.8013,-77.4099,mb,"92 km ESE of Sucúa, Ecuador",251188643150.95822,us60009ej2
2020-04-29 07:40:36.926000+00:00,2020-04-29,07:40:36,2020,4.2,154.48,-1.7209,-77.9734,mb,"2 km SSW of Palora, Ecuador",125892541179.41713,us70009afr
2020-05-04 20:52:42.904000+00:00,2020-05-04,20:52:42,2020,4.6,10.0,2.6532,-79.7195,mb,"136 km WNW of Salahonda, Colombia",501187233627.2715,us70009a3g
2020-05-07 00:49:10.475000+00:00,2020-05-07,00:49:10,2020,5.3,22.82,-5.7102,-76.6878,mww,"47 km NE of Moyobamba, Peru",5623413251903.491,us70009bh6
2020-05-09 04:27:40.514000+00:00,2020-05-09,04:27:40,2020,4.6,38.56,-5.6638,-76.6039,mb,"57 km NE of Moyobamba, Peru",501187233627.2715,us70009d30
2020-05-10 23:10:00.210000+00:00,2020-05-10,23:10:00,2020,4.5,92.49,2.4112,-77.3265,mb,"19 km NNW of Argelia, Colombia",354813389233.57605,us70009du7
2020-05-17 19:27:12.526000+00:00,2020-05-17,19:27:12,2020,4.6,42.96,-4.4309,-77.1104,mb,"65 km NW of Barranca, Peru",501187233627.2715,us70009j35
2020-05-22 19:49:44.432000+00:00,2020-05-22,19:49:44,2020,4.3,10.0,-2.3987,-81.4446,mb,"58 km WSW of Salinas, Ecuador",177827941003.89227,us70009nqz
2020-05-24 12:22:03.507000+00:00,2020-05-24,12:22:03,2020,4.5,10.0,2.7483,-76.5659,mb,"6 km E of Morales, Colombia",354813389233.57605,us70009pgm
2020-05-30 12:40:07.738000+00:00,2020-05-30,12:40:07,2020,4.7,101.35,-1.253,-79.5587,mb,"23 km NNW of Ventanas, Ecuador",707945784384.1403,us6000a2mq
2020-06-06 07:44:08.359000+00:00,2020-06-06,07:44:08,2020,4.3,170.86,-1.4912,-77.4107,mb,"65 km E of Puyo, Ecuador",177827941003.89227,us6000aamu
2020-06-07 10:31:19.221000+00:00,2020-06-07,10:31:19,2020,5.4,110.0,-4.038,-76.9635,mww,"85 km SW of Alianza Cristiana, Peru",7943282347242.8545,us6000a7gb
2020-06-15 17:14:18.666000+00:00,2020-06-15,17:14:18,2020,4.3,10.74,0.5693,-78.0027,mb,"9 km SW of El Ángel, Ecuador",177827941003.89227,us6000aexw
2020-06-20 14:43:46.012000+00:00,2020-06-20,14:43:46,2020,4.4,123.2,-1.9984,-76.8326,mb,"130 km ESE of Palora, Ecuador",251188643150.95822,us7000ac2p
2020-06-24 15:38:34.463000+00:00,2020-06-24,15:38:34,2020,5.1,169.38,-1.6022,-77.5274,mww,"49 km ENE of Palora, Ecuador",2818382931264.449,us6000ahvl
2020-07-05 22:23:41.875000+00:00,2020-07-05,22:23:41,2020,4.4,10.0,-0.7286,-81.0072,mb,"41 km NW of Manta, Ecuador",251188643150.95822,us7000ala8
2020-07-08 08:40:30.751000+00:00,2020-07-08,08:40:30,2020,4.3,46.11,-3.3368,-80.6667,mb,"34 km NW of Tumbes, Peru",177827941003.89227,us7000ap0z
2020-07-25 10:48:02.425000+00:00,2020-07-25,10:48:02,2020,4.6,10.0,2.7258,-79.5197,mb,"121 km WNW of Mosquera, Colombia",501187233627.2715,us6000b3ya
2020-07-25 21:16:19.145000+00:00,2020-07-25,21:16:19,2020,4.6,49.1,-3.288,-80.5986,mb,"34 km NNW of Tumbes, Peru",501187233627.2715,us6000b44k
2020-08-10 10:48:16.729000+00:00,2020-08-10,10:48:16,2020,4.1,161.16,-1.5665,-77.9521,mb,"10 km SSE of Puyo, Ecuador",89125093813.3744,us6000bes5
2020-08-15 15:36:32.036000+00:00,2020-08-15,15:36:32,2020,4.4,30.09,-4.1731,-80.9042,mb,"9 km NNW of La Breita, Peru",251188643150.95822,us6000bf7p
2020-08-23 00:52:38.150000+00:00,2020-08-23,00:52:38,2020,4.2,106.98,-2.06,-79.509,mb,"12 km NE of Milagro, Ecuador",125892541179.41713,us6000bjb2
2020-08-25 05:18:11.310000+00:00,2020-08-25,05:18:11,2020,5.5,28.0,-4.0329,-80.815,mww,"9 km WNW of Papayal, Peru",11220184543019.652,us7000bcgc
2020-08-31 05:30:01.726000+00:00,2020-08-31,05:30:01,2020,4.2,138.78,-2.1637,-76.6928,mb,"147 km N of Alianza Cristiana, Peru",125892541179.41713,us7000bhrt
2020-09-04 02:17:33.494000+00:00,2020-09-04,02:17:33,2020,4.5,10.0,-0.1487,-80.4547,mb,"49 km N of Bahía de Caráquez, Ecuador",354813389233.57605,us7000bkx7
2020-09-15 06:44:10.060000+00:00,2020-09-15,06:44:10,2020,4.7,52.88,-3.4,-80.3416,mb,"13 km NW of Zarumilla, Peru",707945784384.1403,us7000bnff
2020-09-25 14:19:45.870000+00:00,2020-09-25,14:19:45,2020,4.5,116.29,-2.8661,-76.6858,mb,"72 km NNW of Alianza Cristiana, Peru",354813389233.57605,us6000c15s
2020-09-30 00:46:44.693000+00:00,2020-09-30,00:46:44,2020,4.2,104.84,-2.4765,-78.5602,mb,"43 km ENE of Cañar, Ecuador",125892541179.41713,us6000c64h
2020-10-03 00:11:07.027000+00:00,2020-10-03,00:11:07,2020,4.7,10.0,-1.1267,-78.1371,mb,"38 km WSW of Tena, Ecuador",707945784384.1403,us6000c52d
2020-10-05 05:39:37.863000+00:00,2020-10-05,05:39:37,2020,4.4,43.22,-5.9173,-76.6994,mb,"32 km ENE of Moyobamba, Peru",251188643150.95822,us6000c71s
2020-10-07 07:52:25.464000+00:00,2020-10-07,07:52:25,2020,4.3,169.29,-1.3551,-77.7109,mb,"35 km ENE of Puyo, Ecuador",177827941003.89227,us6000c6d3
2020-10-07 09:58:00.956000+00:00,2020-10-07,09:58:00,2020,4.3,156.13,-1.9585,-77.511,mb,"57 km ESE of Palora, Ecuador",177827941003.89227,us6000c7sl
2020-10-12 23:09:27.132000+00:00,2020-10-12,23:09:27,2020,4.5,51.69,-2.4469,-77.5074,mb,"68 km ESE of Macas, Ecuador",354813389233.57605,us6000c7vx
2020-10-14 19:19:21.749000+00:00,2020-10-14,19:19:21,2020,4.6,10.94,-5.9511,-76.7347,mb,"27 km ENE of Moyobamba, Peru",501187233627.2715,us6000c9yk
2020-10-18 06:58:28.688000+00:00,2020-10-18,06:58:28,2020,5.5,8.0,-3.9177,-81.8157,mww,"76 km WNW of El Alto, Peru",11220184543019.652,us6000c950
2020-10-22 06:15:23.765000+00:00,2020-10-22,06:15:23,2020,4.4,10.0,-4.1946,-81.6046,mb,"43 km W of El Alto, Peru",251188643150.95822,us6000cb67
2020-10-23 02:21:45.523000+00:00,2020-10-23,02:21:45,2020,4.6,10.0,-3.873,-81.8459,mb,near the coast of northern Peru,501187233627.2715,us6000cbuu
2020-10-27 11:59:18.785000+00:00,2020-10-27,11:59:18,2020,4.7,7.72,-0.4788,-78.6928,mb,"14 km WNW of Machachi, Ecuador",707945784384.1403,us6000cdq4
2020-11-08 10:46:03.819000+00:00,2020-11-08,10:46:03,2020,4.6,49.06,-5.6879,-76.6851,mb,"49 km NE of Moyobamba, Peru",501187233627.2715,us7000cc2y
2020-11-10 20:37:33.563000+00:00,2020-11-10,20:37:33,2020,4.3,117.14,-2.657,-76.7547,mb,"97 km NNW of Alianza Cristiana, Peru",177827941003.89227,us7000cehr
2020-11-12 08:43:05.551000+00:00,2020-11-12,08:43:05,2020,4.5,121.36,-4.7839,-77.2268,mb,"61 km W of Barranca, Peru",354813389233.57605,us7000cdqt
2020-11-18 00:49:02.999000+00:00,2020-11-18,00:49:02,2020,4.5,106.18,-3.9924,-76.916,mb,"78 km SW of Alianza Cristiana, Peru",354813389233.57605,us6000cqu3
2020-11-20 03:03:05.432000+00:00,2020-11-20,03:03:05,2020,4.1,118.41,-2.1934,-79.3552,mb,"8 km ENE of Coronel Marcelino Maridueña, Ecuador",89125093813.3744,us6000cs0x
2020-11-29 10:37:09.977000+00:00,2020-11-29,10:37:09,2020,4.7,52.77,-5.1982,-78.9108,mb,"11 km ESE of San Ignacio, Peru",707945784384.1403,us7000ckuz
2020-12-09 01:37:04.597000+00:00,2020-12-09,01:37:04,2020,4.6,77.38,-2.6541,-79.3088,mb,"25 km S of La Troncal, Ecuador",501187233627.2715,us7000cpbd
2020-12-19 09:00:34.280000+00:00,2020-12-19,09:00:34,2020,4.3,34.97,1.4186,-79.4554,mb,"55 km NNE of Esmeraldas, Ecuador",177827941003.89227,us7000csf9
2020-12-21 16:30:23.386000+00:00,2020-12-21,16:30:23,2020,4.5,47.11,-3.6308,-77.7417,mb,"96 km ESE of Gualaquiza, Ecuador",354813389233.57605,us6000d1ps
2020-12-22 10:46:20.052000+00:00,2020-12-22,10:46:20,2020,4.5,50.83,-3.7437,-77.7462,mb,"100 km ESE of Gualaquiza, Ecuador",354813389233.57605,us6000d1ue
2020-12-30 08:13:06.199000+00:00,2020-12-30,08:13:06,2020,4.0,80.95,-4.9994,-80.6013,mb,"14 km SE of Sullana, Peru",63095734448.019424,us6000d6rs
2021-01-07 23:52:59.184000+00:00,2021-01-07,23:52:59,2021,4.6,53.04,-4.4085,-75.4105,mb,"95 km NNE of Lagunas, Peru",501187233627.2715,us6000d6lb
2021-01-10 08:25:41.122000+00:00,2021-01-10,08:25:41,2021,4.3,35.36,1.1165,-79.6666,mb,"17 km N of Esmeraldas, Ecuador",177827941003.89227,us7000d1ec
2021-01-10 09:31:08.210000+00:00,2021-01-10,09:31:08,2021,4.3,35.0,1.0083,-79.7147,mb,"8 km NW of Esmeraldas, Ecuador",177827941003.89227,us7000d1ef
2021-01-11 06:05:47.582000+00:00,2021-01-11,06:05:47,2021,4.5,10.0,-3.6386,-74.6878,mb,"155 km NW of Nauta, Peru",354813389233.57605,us6000d7db
2021-01-13 01:11:23.039000+00:00,2021-01-13,01:11:23,2021,4.7,10.0,2.5119,-79.8007,mb,"137 km WNW of Salahonda, Colombia",707945784384.1403,us6000d7wm
2021-01-15 10:35:17.071000+00:00,2021-01-15,10:35:17,2021,4.7,37.18,1.0965,-79.6836,mb,"15 km NNW of Esmeraldas, Ecuador",707945784384.1403,us7000d0ab
2021-01-15 15:13:49.886000+00:00,2021-01-15,15:13:49,2021,4.6,48.71,-3.7982,-80.8383,mb,"22 km SW of Zorritos, Peru",501187233627.2715,us7000d0c8
2021-01-15 18:45:52.371000+00:00,2021-01-15,18:45:52,2021,4.3,38.88,1.1554,-79.7023,mb,"22 km NNW of Esmeraldas, Ecuador",177827941003.89227,us7000d2fy
2021-01-15 19:21:16.137000+00:00,2021-01-15,19:21:16,2021,4.8,27.53,1.1031,-79.6906,mb,"16 km NNW of Esmeraldas, Ecuador",1000000000000.0,us7000d0fd
2021-01-15 19:36:55.686000+00:00,2021-01-15,19:36:55,2021,4.5,10.0,1.2047,-80.3525,mb,"75 km NNW of Muisne, Ecuador",354813389233.57605,us7000d2g3
2021-01-16 10:43:42.284000+00:00,2021-01-16,10:43:42,2021,4.5,39.75,1.06,-79.5819,mb,"13 km NE of Esmeraldas, Ecuador",354813389233.57605,us7000d0ms
2021-01-16 10:55:45.967000+00:00,2021-01-16,10:55:45,2021,4.5,36.47,1.226,-79.6466,mb,"29 km N of Esmeraldas, Ecuador",354813389233.57605,us7000d35e
2021-01-21 10:15:34.677000+00:00,2021-01-21,10:15:34,2021,4.9,90.2,-2.2666,-79.4578,mb,"6 km SSW of Coronel Marcelino Maridueña, Ecuador",1412537544622.7554,us7000d1zv
2021-01-26 22:58:04.795000+00:00,2021-01-26,22:58:04,2021,4.5,39.87,1.217,-79.5443,mb,"31 km NNE of Esmeraldas, Ecuador",354813389233.57605,us6000de7j
2021-01-29 20:20:39.365000+00:00,2021-01-29,20:20:39,2021,4.1,170.41,-1.6399,-77.5818,mb,"43 km E of Palora, Ecuador",89125093813.3744,us6000deqm
2021-02-01 13:12:14.949000+00:00,2021-02-01,13:12:14,2021,4.3,113.28,-5.9798,-76.9641,mb,"6 km N of Moyobamba, Peru",177827941003.89227,us6000dfw6
2021-02-03 11:41:54.339000+00:00,2021-02-03,11:41:54,2021,4.9,26.68,-3.1441,-77.6226,mb,"97 km SE of Sucúa, Ecuador",1412537544622.7554,us6000de5q
2021-02-09 01:40:57.296000+00:00,2021-02-09,01:40:57,2021,5.1,20.72,-5.4381,-77.3268,mb,"61 km N of Segunda Jerusalén - Azunguillo, Peru",2818382931264.449,us6000dfsf
2021-02-13 05:18:32.727000+00:00,2021-02-13,05:18:32,2021,5.3,69.06,-4.1517,-80.2554,mww,"33 km W of Celica, Ecuador",5623413251903.491,us6000dhav
2021-02-15 09:17:43.184000+00:00,2021-02-15,09:17:43,2021,4.3,100.78,-3.4845,-76.6725,mb,"26 km W of Alianza Cristiana, Peru",177827941003.89227,us6000djg9
2021-02-15 20:48:52.787000+00:00,2021-02-15,20:48:52,2021,4.6,95.34,-3.817,-77.1133,mb,"84 km WSW of Alianza Cristiana, Peru",501187233627.2715,us6000dhvx
2021-02-18 10:51:30.548000+00:00,2021-02-18,10:51:30,2021,5.2,99.92,-3.9543,-78.8053,mb,"14 km SSW of Yantzaza, Ecuador",3981071705534.9854,us6000dimv
2021-03-03 01:30:57.207000+00:00,2021-03-03,01:30:57,2021,4.9,31.85,-5.6308,-80.9031,mb,"12 km SW of Sechura, Peru",1412537544622.7554,us7000df0p
2021-03-24 21:53:58.470000+00:00,2021-03-24,21:53:58,2021,4.4,221.66,-1.029,-77.3166,mb,"41 km SSW of Boca Suno, Ecuador",251188643150.95822,us6000dxzc
2021-03-26 20:06:36.517000+00:00,2021-03-26,20:06:36,2021,4.4,155.49,-1.9901,-77.4798,mb,"62 km ESE of Palora, Ecuador",251188643150.95822,us6000dwv9
2021-04-05 16:41:59.062000+00:00,2021-04-05,16:41:59,2021,4.7,34.98,-3.0887,-80.7292,mb,"61 km NNW of Tumbes, Peru",707945784384.1403,us6000e18x
2021-04-06 19:36:16.842000+00:00,2021-04-06,19:36:16,2021,4.8,10.0,-5.6469,-80.86,mb,"10 km SSW of Sechura, Peru",1000000000000.0,us6000dzhr
2021-04-13 16:50:48.447000+00:00,2021-04-13,16:50:48,2021,4.7,10.0,2.3265,-79.1617,mb,"64 km WNW of Salahonda, Colombia",707945784384.1403,us6000e1a6
2021-04-15 03:13:27.075000+00:00,2021-04-15,03:13:27,2021,4.4,125.61,-3.0335,-75.5914,mb,"105 km ENE of Alianza Cristiana, Peru",251188643150.95822,us6000e1pa
2021-04-19 17:13:54.406000+00:00,2021-04-19,17:13:54,2021,4.2,24.31,-0.5292,-77.5742,mb,"49 km NNE of Archidona, Ecuador",125892541179.41713,us6000e41e
2021-05-04 08:01:47.357000+00:00,2021-05-04,08:01:47,2021,4.6,110.72,-4.8414,-76.591,mb,"9 km E of Barranca, Peru",501187233627.2715,us7000dzyk
2021-05-07 21:46:30.116000+00:00,2021-05-07,21:46:30,2021,4.3,52.79,-4.9878,-80.6245,mb,"11 km SE of Sullana, Peru",177827941003.89227,us7000e16g
2021-05-22 19:45:13.934000+00:00,2021-05-22,19:45:13,2021,4.8,111.37,-3.8926,-77.3597,mb,"112 km WSW of Alianza Cristiana, Peru",1000000000000.0,us7000e5cr
2021-06-06 04:24:30.327000+00:00,2021-06-06,04:24:30,2021,4.5,10.0,-0.9631,-80.9676,mb,"28 km W of Manta, Ecuador",354813389233.57605,us7000eaax
2021-06-06 04:31:55.613000+00:00,2021-06-06,04:31:55,2021,4.3,10.0,-0.9302,-80.9402,mb,"25 km W of Manta, Ecuador",177827941003.89227,us7000ebsg
2021-06-06 18:50:09.689000+00:00,2021-06-06,18:50:09,2021,4.3,102.82,-4.5749,-78.349,mb,"87 km SE of Zamora, Ecuador",177827941003.89227,us7000eaij
2021-06-14 21:05:31.936000+00:00,2021-06-14,21:05:31,2021,4.9,10.0,-1.192,-80.8752,mb,"29 km SW of Montecristi, Ecuador",1412537544622.7554,us7000ed2p
2021-06-15 14:10:01.529000+00:00,2021-06-15,14:10:01,2021,4.5,105.48,-3.9213,-76.6971,mb,"57 km SSW of Alianza Cristiana, Peru",354813389233.57605,us7000ed87
2021-06-15 20:30:20.682000+00:00,2021-06-15,20:30:20,2021,4.9,10.0,-1.5387,-80.9059,mb,"42 km WSW of Jipijapa, Ecuador",1412537544622.7554,us7000edbj
2021-06-16 00:32:21.221000+00:00,2021-06-16,00:32:21,2021,4.5,35.0,-1.5736,-80.7787,mb,"33 km SW of Jipijapa, Ecuador",354813389233.57605,us7000ede3
2021-06-16 05:55:38.480000+00:00,2021-06-16,05:55:38,2021,4.2,10.0,-1.4485,-81.1373,mb,"63 km W of Jipijapa, Ecuador",125892541179.41713,us7000eez4
2021-06-18 17:19:45.365000+00:00,2021-06-18,17:19:45,2021,4.3,10.0,-3.8809,-81.328,mb,"39 km NW of Máncora, Peru",177827941003.89227,us6000ep4i
2021-06-21 13:23:09.870000+00:00,2021-06-21,13:23:09,2021,4.6,62.52,-3.0197,-76.5541,mb,"52 km NNW of Alianza Cristiana, Peru",501187233627.2715,us7000eex2
2021-07-04 21:36:46.740000+00:00,2021-07-04,21:36:46,2021,4.3,168.4,-1.6593,-77.6036,mb,"40 km E of Palora, Ecuador",177827941003.89227,us7000eiqq
2021-07-10 16:48:32.605000+00:00,2021-07-10,16:48:32,2021,4.6,10.0,-1.1735,-80.983,mb,"38 km SW of Manta, Ecuador",501187233627.2715,us7000em74
2021-07-13 11:36:56.250000+00:00,2021-07-13,11:36:56,2021,4.4,10.0,0.8022,-80.0588,mb,"21 km NNW of Muisne, Ecuador",251188643150.95822,us7000emkt
2021-07-16 20:42:49.245000+00:00,2021-07-16,20:42:49,2021,4.9,10.0,-3.5527,-77.1769,mww,"82 km W of Alianza Cristiana, Peru",1412537544622.7554,us7000empe
2021-07-17 06:44:38.089000+00:00,2021-07-17,06:44:38,2021,4.5,58.13,-5.1838,-80.7118,mb,"4 km W of San Martin, Peru",354813389233.57605,us7000emue
2021-07-21 15:07:35.214000+00:00,2021-07-21,15:07:35,2021,4.9,31.87,-5.2125,-78.9765,mb,"7 km SSE of San Ignacio, Peru",1412537544622.7554,us6000exn3
2021-07-30 17:10:19.554000+00:00,2021-07-30,17:10:19,2021,6.2,34.0,-4.9149,-80.6156,mww,"7 km E of Sullana, Peru",125892541179417.14,us6000f0qr
2021-07-30 20:14:09.676000+00:00,2021-07-30,20:14:09,2021,4.5,39.42,-4.8975,-80.6482,mb,"4 km E of Sullana, Peru",354813389233.57605,us6000f2qt
2021-07-31 04:33:02.681000+00:00,2021-07-31,04:33:02,2021,4.3,35.0,-5.0645,-80.7928,mb,"17 km SSW of Nuevo Sullana, Peru",177827941003.89227,us6000f0vx
2021-08-01 07:07:14.692000+00:00,2021-08-01,07:07:14,2021,4.3,35.0,-4.9081,-80.6564,mb,"3 km E of Sullana, Peru",177827941003.89227,us6000f168
2021-08-05 22:36:09.552000+00:00,2021-08-05,22:36:09,2021,4.5,35.0,-5.0586,-80.8678,mb,"19 km SSE of La Huaca, Peru",354813389233.57605,us6000f5jw
2021-08-10 06:54:44.071000+00:00,2021-08-10,06:54:44,2021,4.3,11.49,-0.0538,-80.6131,mb,"63 km NNW of Bahía de Caráquez, Ecuador",177827941003.89227,us6000f3sw
2021-08-13 18:59:37.512000+00:00,2021-08-13,18:59:37,2021,4.7,10.0,-1.5799,-81.0419,mb,"57 km WSW of Jipijapa, Ecuador",707945784384.1403,us6000f5t9
2021-08-13 19:03:52.739000+00:00,2021-08-13,19:03:52,2021,5.1,39.55,-1.5106,-80.9299,mww,"42 km WSW of Jipijapa, Ecuador",2818382931264.449,us6000f5tm
2021-08-15 05:40:02.588000+00:00,2021-08-15,05:40:02,2021,5.4,96.44,-3.6911,-77.0504,mww,"72 km WSW of Alianza Cristiana, Peru",7943282347242.8545,us6000f6ge
2021-08-16 06:50:04.368000+00:00,2021-08-16,06:50:04,2021,4.6,62.99,-4.9599,-80.6521,mb,"7 km SSE of Sullana, Peru",501187233627.2715,us6000f6ux
2021-08-17 18:59:39.576000+00:00,2021-08-17,18:59:39,2021,4.5,73.56,-4.8526,-80.4082,mb,"10 km NW of Tambo Grande, Peru",354813389233.57605,us6000f7mz
2021-08-31 09:11:10.370000+00:00,2021-08-31,09:11:10,2021,4.6,89.15,-3.1664,-78.1119,mb,"58 km ENE of Gualaquiza, Ecuador",501187233627.2715,us7000f64y
2021-09-02 08:42:17.756000+00:00,2021-09-02,08:42:17,2021,4.9,103.74,-3.8445,-76.2711,mww,"44 km SSE of Alianza Cristiana, Peru",1412537544622.7554,us7000f709
2021-09-19 12:23:19.404000+00:00,2021-09-19,12:23:19,2021,4.6,36.02,-3.1635,-77.9396,mb,"76 km ENE of Gualaquiza, Ecuador",501187233627.2715,us7000fcnd
2021-09-24 20:42:58.936000+00:00,2021-09-24,20:42:58,2021,4.4,35.0,2.9785,-78.2576,mb,"56 km NNE of Mosquera, Colombia",251188643150.95822,us6000fq6n
2021-10-07 05:59:08.067000+00:00,2021-10-07,05:59:08,2021,4.3,87.35,-2.4607,-78.7491,mb,"23 km ENE of Cañar, Ecuador",177827941003.89227,us6000fsj9
2021-10-12 00:33:46.781000+00:00,2021-10-12,00:33:46,2021,4.4,41.19,0.3629,-80.3355,mb,"44 km SW of Muisne, Ecuador",251188643150.95822,us6000ftvg
2021-10-29 21:43:50.050000+00:00,2021-10-29,21:43:50,2021,4.3,24.01,2.1847,-76.6147,mwr,"7 km S of Paispamba, Colombia",177827941003.89227,us7000fpxh
2021-11-02 00:02:58.914000+00:00,2021-11-02,00:02:58,2021,4.5,10.0,-3.0565,-76.3517,mb,"47 km N of Alianza Cristiana, Peru",354813389233.57605,us7000fqni
2021-11-03 17:23:40.140000+00:00,2021-11-03,17:23:40,2021,4.4,10.0,-2.0802,-74.4696,mb,"146 km SSE of Pantoja, Peru",251188643150.95822,us7000fsmm
2021-11-05 04:13:49.802000+00:00,2021-11-05,04:13:49,2021,4.5,24.44,2.1522,-78.9939,mb,"39 km WNW of Salahonda, Colombia",354813389233.57605,us7000frle
2021-11-18 04:13:29.919000+00:00,2021-11-18,04:13:29,2021,4.5,58.67,0.6621,-79.1512,mb,"51 km NE of Rosa Zarate, Ecuador",354813389233.57605,us7000fuzu
2021-11-20 22:06:41.068000+00:00,2021-11-20,22:06:41,2021,4.7,69.63,-1.9136,-80.0795,mb,"3 km S of Lomas de Sargentillo, Ecuador",707945784384.1403,us7000fvu1
2021-11-22 15:13:37.635000+00:00,2021-11-22,15:13:37,2021,4.4,47.18,-3.2245,-80.5572,mb,"39 km NNW of Tumbes, Peru",251188643150.95822,us7000fx9i
2021-11-23 16:03:23.669000+00:00,2021-11-23,16:03:23,2021,4.9,4.52,-0.1754,-78.356,mb,"3 km NW of Oyambarillo, Ecuador",1412537544622.7554,us7000fwgk
2021-11-28 10:52:14.579000+00:00,2021-11-28,10:52:14,2021,7.5,126.0,-4.4667,-76.8126,mww,"43 km NNW of Barranca, Peru",1.1220184543019652e+16,us7000fxq2
2021-12-04 11:41:30.567000+00:00,2021-12-04,11:41:30,2021,4.4,129.13,-5.8743,-77.2169,mb,"14 km NNE of Segunda Jerusalén - Azunguillo, Peru",251188643150.95822,us6000gak0
2021-12-06 06:30:48.660000+00:00,2021-12-06,06:30:48,2021,5.1,10.0,-2.7621,-77.1961,mb,"113 km ESE of Macas, Ecuador",2818382931264.449,us6000g9ew
2021-12-07 06:56:50.536000+00:00,2021-12-07,06:56:50,2021,4.2,172.5,-1.4616,-77.764,mb,"26 km E of Puyo, Ecuador",125892541179.41713,us6000g9yv
2021-12-13 13:28:45.519000+00:00,2021-12-13,13:28:45,2021,4.5,98.98,-4.3694,-75.7891,mb,northern Peru,354813389233.57605,us6000gbvm
2021-12-14 16:52:09.965000+00:00,2021-12-14,16:52:09,2021,4.4,10.0,-3.5394,-75.0393,mb,"155 km E of Alianza Cristiana, Peru",251188643150.95822,us6000gd5i
2021-12-19 08:32:25.987000+00:00,2021-12-19,08:32:25,2021,4.1,73.0,-4.7063,-77.7356,mb,"115 km N of Yambrasbamba, Peru",89125093813.3744,us6000gdk5
2021-12-20 07:51:31.970000+00:00,2021-12-20,07:51:31,2021,4.1,62.65,-2.7947,-79.9684,mb,"21 km NW of Baláo, Ecuador",89125093813.3744,us6000ge1w
2021-12-22 08:14:27.687000+00:00,2021-12-22,08:14:27,2021,4.4,64.55,-5.6408,-80.7156,mb,"15 km SE of Sechura, Peru",251188643150.95822,us7000g986
2021-12-28 20:22:22.422000+00:00,2021-12-28,20:22:22,2021,4.6,34.05,-1.0513,-77.9027,mb,"11 km WSW of Tena, Ecuador",501187233627.2715,us6000gfxf
2021-12-31 17:17:58.927000+00:00,2021-12-31,17:17:58,2021,4.5,111.01,-5.5529,-76.1681,mb,"38 km N of Yurimaguas, Peru",354813389233.57605,us7000g871
2021-12-31 17:54:19.796000+00:00,2021-12-31,17:54:19,2021,4.1,67.77,-3.9402,-80.2221,mb,"28 km S of Matapalo, Peru",89125093813.3744,us7000gaze
2022-01-01 17:04:54.282000+00:00,2022-01-01,17:04:54,2022,4.3,21.62,-5.0183,-80.9098,mb,"13 km SSE of La Huaca, Peru",177827941003.89227,us7000gbcy
2022-01-11 08:28:25.524000+00:00,2022-01-11,08:28:25,2022,4.4,24.56,2.2295,-78.9499,mb,"38 km WNW of Salahonda, Colombia",251188643150.95822,us7000gaus
2022-01-18 21:56:50.349000+00:00,2022-01-18,21:56:50,2022,4.2,78.43,-2.6364,-78.7454,mb,"16 km NE of Azogues, Ecuador",125892541179.41713,us7000gd0q
2022-01-29 20:04:54.207000+00:00,2022-01-29,20:04:54,2022,4.2,35.0,-5.5048,-80.9415,mb,"14 km WNW of Sechura, Peru",125892541179.41713,us7000ghvt
2022-02-03 07:02:28.747000+00:00,2022-02-03,07:02:28,2022,4.0,70.64,-3.8646,-79.5827,mb,"16 km SSE of Portovelo, Ecuador",63095734448.019424,us7000ghk4
2022-02-03 15:58:57.367000+00:00,2022-02-03,15:58:57,2022,6.5,110.0,-4.4661,-76.9283,mww,"49 km NW of Barranca, Peru",354813389233576.06,us7000ghm5
2022-02-07 04:02:01.833000+00:00,2022-02-07,04:02:01,2022,4.1,133.51,-2.3826,-77.1643,mb,"105 km E of Macas, Ecuador",89125093813.3744,us7000girm
2022-02-17 16:24:42.535000+00:00,2022-02-17,16:24:42,2022,4.5,168.52,-1.5803,-78.0537,mb,"12 km SSW of Puyo, Ecuador",354813389233.57605,us7000gln0
2022-02-21 16:40:33.176000+00:00,2022-02-21,16:40:33,2022,4.3,152.93,-2.2341,-77.3583,mb,"84 km E of Macas, Ecuador",177827941003.89227,us6000h02f
2022-03-02 11:11:21.650000+00:00,2022-03-02,11:11:21,2022,4.4,37.81,-5.9114,-81.1985,mb,"57 km SW of Sechura, Peru",251188643150.95822,us6000h2tb
2022-03-13 10:51:03.577000+00:00,2022-03-13,10:51:03,2022,4.6,12.11,-1.9892,-78.17,mb,"35 km N of Macas, Ecuador",501187233627.2715,us6000h45x
2022-03-17 08:11:27.242000+00:00,2022-03-17,08:11:27,2022,4.2,163.43,-1.6307,-78.0366,mb,"11 km NW of Palora, Ecuador",125892541179.41713,us6000h5bx
2022-03-27 04:28:12.421000+00:00,2022-03-27,04:28:12,2022,5.8,19.0,0.9038,-79.6109,mww,"7 km SE of Esmeraldas, Ecuador",31622776601683.793,us7000gxlu
2022-03-27 05:53:07.155000+00:00,2022-03-27,05:53:07,2022,5.2,35.14,0.8462,-79.6219,mww,"12 km SSE of Esmeraldas, Ecuador",3981071705534.9854,us7000gxm3
2022-03-27 20:17:07.324000+00:00,2022-03-27,20:17:07,2022,5.2,21.81,0.9583,-79.552,mww,"11 km E of Esmeraldas, Ecuador",3981071705534.9854,us7000gxqu
2022-03-27 20:51:15.360000+00:00,2022-03-27,20:51:15,2022,4.9,38.81,0.8476,-79.654,mb,"12 km S of Esmeraldas, Ecuador",1412537544622.7554,us7000gxqx
2022-03-31 21:54:39.802000+00:00,2022-03-31,21:54:39,2022,4.3,127.47,-5.9993,-76.9011,mb,"8 km ENE of Moyobamba, Peru",177827941003.89227,us7000gytq
2022-04-03 17:29:31.016000+00:00,2022-04-03,17:29:31,2022,4.5,111.24,-4.4845,-76.9158,mb,"46 km NW of Barranca, Peru",354813389233.57605,us7000gzeg
2022-04-04 14:18:20.651000+00:00,2022-04-04,14:18:20,2022,4.5,112.19,-2.3328,-79.1884,mb,"19 km ENE of La Troncal, Ecuador",354813389233.57605,us7000gzky
2022-04-16 13:37:38.359000+00:00,2022-04-16,13:37:38,2022,4.2,10.0,-0.1683,-78.361,mb,"4 km NW of Oyambarillo, Ecuador",125892541179.41713,us7000h2su
2022-04-19 19:32:27.438000+00:00,2022-04-19,19:32:27,2022,4.6,28.88,1.8566,-75.8536,mb,"7 km NE of Acevedo, Colombia",501187233627.2715,us7000h3ef
2022-04-20 05:38:47.987000+00:00,2022-04-20,05:38:47,2022,4.2,183.59,-1.6448,-77.7702,mb,"22 km ENE of Palora, Ecuador",125892541179.41713,us7000h3hf
2022-04-20 21:02:55.036000+00:00,2022-04-20,21:02:55,2022,4.4,10.0,2.8283,-79.4273,mb,"114 km WNW of Mosquera, Colombia",251188643150.95822,us6000hf3t
2022-04-23 04:39:34.186000+00:00,2022-04-23,04:39:34,2022,4.2,117.46,-5.0892,-76.7434,mb,"29 km SSW of Barranca, Peru",125892541179.41713,us6000hfse
2022-04-29 18:49:51.840000+00:00,2022-04-29,18:49:51,2022,4.8,56.49,-2.7513,-79.5186,mb,"14 km SE of Naranjal, Ecuador",1000000000000.0,us7000h5w1
2022-06-03 06:24:56.012000+00:00,2022-06-03,06:24:56,2022,5.2,10.0,-2.0507,-81.0444,mww,"20 km NNW of Salinas, Ecuador",3981071705534.9854,us7000hekd
2022-06-09 22:12:11.026000+00:00,2022-06-09,22:12:11,2022,4.4,76.26,-2.8532,-79.132,mb,"15 km WNW of Cuenca, Ecuador",251188643150.95822,us7000hgbm
2022-06-10 13:28:12.373000+00:00,2022-06-10,13:28:12,2022,4.4,39.62,-0.6608,-80.6282,mb,"23 km WSW of Bahía de Caráquez, Ecuador",251188643150.95822,us7000hgha
2022-06-12 02:37:44.708000+00:00,2022-06-12,02:37:44,2022,4.5,10.0,-0.6922,-78.1108,mb,"41 km NW of Archidona, Ecuador",354813389233.57605,us7000hgui
2022-06-12 07:05:50.196000+00:00,2022-06-12,07:05:50,2022,4.0,14.264,0.8231,-77.9074,mb,"16 km SW of Cumbal, Colombia",63095734448.019424,us7000hgvq
2022-06-16 02:43:54.884000+00:00,2022-06-16,02:43:54,2022,4.4,10.75,-0.4854,-77.4292,mb,"39 km NW of Boca Suno, Ecuador",251188643150.95822,us7000hhps
2022-06-22 04:50:21.838000+00:00,2022-06-22,04:50:21,2022,4.8,4.85,0.6776,-77.9174,mb,"6 km NNE of El Ángel, Ecuador",1000000000000.0,us7000hj70
2022-06-25 16:11:25.078000+00:00,2022-06-25,16:11:25,2022,4.8,10.0,-4.856,-78.4254,mb,"71 km ENE of San Ignacio, Peru",1000000000000.0,us7000hk7c
2022-06-26 09:27:56.652000+00:00,2022-06-26,09:27:56,2022,4.1,68.33,-4.92,-80.542,mb,"10 km SE of Huangala, Peru",89125093813.3744,us7000hkci
2022-06-29 13:53:13.368000+00:00,2022-06-29,13:53:13,2022,4.6,77.339,-2.4664,-79.4237,mb,"10 km WSW of La Troncal, Ecuador",501187233627.2715,us7000hl2z
2022-07-03 08:59:48.013000+00:00,2022-07-03,08:59:48,2022,4.4,10.0,2.1113,-79.5531,mb,"91 km WNW of Tumaco, Colombia",251188643150.95822,us6000i0l2
2022-07-14 22:30:11.448000+00:00,2022-07-14,22:30:11,2022,5.7,73.0,-2.0369,-79.7903,mww,"11 km SW of Samborondón, Ecuador",22387211385683.47,us6000i2j3
2022-07-17 00:53:36.099000+00:00,2022-07-17,00:53:36,2022,4.5,157.814,-1.6236,-78.2034,mb,"27 km SW of Puyo, Ecuador",354813389233.57605,us6000i358
2022-07-20 07:10:22.060000+00:00,2022-07-20,07:10:22,2022,4.6,138.206,-1.9425,-78.4097,mb,"39 km SE of Riobamba, Ecuador",501187233627.2715,us7000hs1v
2022-07-20 12:33:41.527000+00:00,2022-07-20,12:33:41,2022,4.7,10.384,-5.8472,-75.1491,mb,"85 km NE of Navarro, Peru",707945784384.1403,us6000i6hb
2022-07-22 07:57:33.822000+00:00,2022-07-22,07:57:33,2022,4.9,49.01,-0.9643,-80.3564,mb,"11 km ESE of Rocafuerte, Ecuador",1412537544622.7554,us7000hslt
2022-07-22 08:39:09.423000+00:00,2022-07-22,08:39:09,2022,4.5,48.437,-0.9744,-80.4004,mb,"7 km SE of Rocafuerte, Ecuador",354813389233.57605,us7000hsly
2022-07-25 13:33:28.666000+00:00,2022-07-25,13:33:28,2022,5.7,2.544,0.676,-77.8293,mww,"9 km N of San Gabriel, Ecuador",22387211385683.47,us7000htbb
2022-07-26 10:24:26.805000+00:00,2022-07-26,10:24:26,2022,4.4,10.0,0.5893,-77.9387,mb,"3 km S of El Ángel, Ecuador",251188643150.95822,us7000htic
2022-07-27 12:40:11.183000+00:00,2022-07-27,12:40:11,2022,4.4,95.244,2.6716,-77.6584,mb,"11 km S of Timbiquí, Colombia",251188643150.95822,us6000i5w5
2022-08-01 01:38:56.718000+00:00,2022-08-01,01:38:56,2022,4.1,10.0,0.1631,-79.3197,mb,"25 km SE of Rosa Zarate, Ecuador",89125093813.3744,us6000i72s
2022-08-03 08:13:18.758000+00:00,2022-08-03,08:13:18,2022,4.4,50.246,-2.7786,-80.1753,mb,"28 km SE of Playas, Ecuador",251188643150.95822,us6000i7pr
2022-08-10 11:24:33.717000+00:00,2022-08-10,11:24:33,2022,4.3,122.629,-4.5897,-76.1331,mb,"65 km ENE of Barranca, Peru",177827941003.89227,us6000ic4n
2022-08-12 00:19:45.971000+00:00,2022-08-12,00:19:45,2022,4.6,43.108,-3.3998,-80.6168,mb,Peru-Ecuador border region,501187233627.2715,us6000ia2z
2022-08-12 08:35:22.134000+00:00,2022-08-12,08:35:22,2022,4.3,10.0,-0.2204,-80.8143,mb,"60 km NW of Bahía de Caráquez, Ecuador",177827941003.89227,us6000ia6a
2022-08-12 08:47:57.885000+00:00,2022-08-12,08:47:57,2022,4.4,10.0,-0.3107,-80.6553,mb,"40 km NW of Bahía de Caráquez, Ecuador",251188643150.95822,us6000ia6c
2022-08-13 07:06:08.228000+00:00,2022-08-13,07:06:08,2022,4.8,16.437,-0.1957,-80.6884,mb,"53 km NNW of Bahía de Caráquez, Ecuador",1000000000000.0,us6000iah2
2022-08-17 07:09:20.410000+00:00,2022-08-17,07:09:20,2022,4.6,10.0,-0.4227,-80.8382,mb,"50 km WNW of Bahía de Caráquez, Ecuador",501187233627.2715,us6000ibis
2022-08-17 17:50:43.302000+00:00,2022-08-17,17:50:43,2022,4.5,10.0,-0.3596,-80.7807,mb,"47 km WNW of Bahía de Caráquez, Ecuador",354813389233.57605,us6000ibnk
2022-08-19 00:22:26.877000+00:00,2022-08-19,00:22:26,2022,4.6,10.0,0.711,-78.0212,mb,"13 km NW of El Ángel, Ecuador",501187233627.2715,us6000ibzn
2022-08-21 10:28:01.017000+00:00,2022-08-21,10:28:01,2022,5.5,13.0,-0.2372,-80.6958,mww,"50 km NW of Bahía de Caráquez, Ecuador",11220184543019.652,us6000icif
2022-08-21 13:18:38.420000+00:00,2022-08-21,13:18:38,2022,4.6,56.312,-0.91,-80.055,mb,"14 km ESE of Calceta, Ecuador",501187233627.2715,us6000icj1
2022-08-28 06:25:34.811000+00:00,2022-08-28,06:25:34,2022,4.0,49.773,-3.9616,-80.3621,mb,"32 km E of Cañaveral, Peru",63095734448.019424,us7000i32d
2022-08-29 14:51:20.627000+00:00,2022-08-29,14:51:20,2022,4.1,10.0,-0.2875,-80.8831,mb,"61 km NW of Bahía de Caráquez, Ecuador",89125093813.3744,us7000i3dc
2022-08-30 00:23:41.639000+00:00,2022-08-30,00:23:41,2022,4.4,42.477,-0.7536,-80.227,mb,"3 km NNE of Tosagua, Ecuador",251188643150.95822,us7000i3k4
2022-09-04 20:52:04.783000+00:00,2022-09-04,20:52:04,2022,4.5,42.442,-4.6676,-79.928,mb,"13 km NNE of Sapillica, Peru",354813389233.57605,us7000i575
2022-09-06 17:02:45.424000+00:00,2022-09-06,17:02:45,2022,4.1,168.282,-1.7724,-77.925,mb,"9 km SSE of Palora, Ecuador",89125093813.3744,us7000i5rk
2022-09-07 04:21:16.947000+00:00,2022-09-07,04:21:16,2022,4.2,27.426,0.3258,-80.3309,mb,"41 km NW of Pedernales, Ecuador",125892541179.41713,us7000i5x1
2022-09-12 04:30:03.413000+00:00,2022-09-12,04:30:03,2022,4.1,10.0,-0.7088,-81.2075,mwr,"61 km WNW of Manta, Ecuador",89125093813.3744,us7000i7ae
2022-09-23 23:44:41.750000+00:00,2022-09-23,23:44:41,2022,4.3,32.14,-2.1042,-80.7245,mb,"20 km NE of Santa Elena, Ecuador",177827941003.89227,us7000iam8
2022-09-28 09:53:12.116000+00:00,2022-09-28,09:53:12,2022,4.4,57.812,-3.1211,-77.0086,mb,"74 km WNW of Alianza Cristiana, Peru",251188643150.95822,us6000iny1
2022-09-29 23:02:43.203000+00:00,2022-09-29,23:02:43,2022,4.9,15.702,0.1423,-77.3626,mb,"52 km W of Nueva Loja, Ecuador",1412537544622.7554,us6000ipgb
2022-10-03 13:14:54.392000+00:00,2022-10-03,13:14:54,2022,4.4,47.005,-2.9509,-80.3428,mb,"35 km S of Playas, Ecuador",251188643150.95822,us6000iqes
2022-10-04 05:13:54.668000+00:00,2022-10-04,05:13:54,2022,4.8,128.35,1.808,-77.2764,mb,"9 km NE of El Rosario, Colombia",1000000000000.0,us6000iqmd
2022-10-05 08:26:19.474000+00:00,2022-10-05,08:26:19,2022,5.8,35.0,-4.8548,-80.5995,mww,"1 km S of Huangala, Peru",31622776601683.793,us6000ir0b
2022-10-06 15:56:47.958000+00:00,2022-10-06,15:56:47,2022,4.3,160.383,-1.9239,-78.0757,mb,"27 km SSW of Palora, Ecuador",177827941003.89227,us6000irkf
2022-10-07 14:55:16.693000+00:00,2022-10-07,14:55:16,2022,4.3,10.0,-0.5854,-81.0246,mb,"54 km NW of Manta, Ecuador",177827941003.89227,us6000irvl
2022-10-15 05:23:11.862000+00:00,2022-10-15,05:23:11,2022,4.5,50.494,-3.907,-80.8095,mb,Peru-Ecuador border region,354813389233.57605,us6000itvu
2022-10-15 07:39:53.073000+00:00,2022-10-15,07:39:53,2022,4.7,72.292,-2.2212,-79.9025,mb,"3 km SSW of Guayaquil, Ecuador",707945784384.1403,us6000itwi
2022-10-19 13:34:24.220000+00:00,2022-10-19,13:34:24,2022,4.2,83.687,-2.2165,-79.6636,mb,"11 km SW of Milagro, Ecuador",125892541179.41713,us6000iuua
2022-10-19 21:55:23.984000+00:00,2022-10-19,21:55:23,2022,4.6,181.838,-1.6438,-77.6628,mb,"34 km E of Palora, Ecuador",501187233627.2715,us6000iuys
2022-10-23 00:39:08.102000+00:00,2022-10-23,00:39:08,2022,4.3,47.031,1.8089,-78.9969,mb,"22 km W of Tumaco, Colombia",177827941003.89227,us6000ivuj
2022-10-26 03:06:13.342000+00:00,2022-10-26,03:06:13,2022,4.4,59.377,-4.7937,-80.5835,mb,"5 km NNE of Huangala, Peru",251188643150.95822,us7000iker
2022-10-26 09:45:22.100000+00:00,2022-10-26,09:45:22,2022,4.5,42.031,-4.0126,-80.7856,mb,Peru-Ecuador border region,354813389233.57605,us7000ikg9
2022-10-28 23:19:59.619000+00:00,2022-10-28,23:19:59,2022,4.6,108.034,-3.7733,-76.2845,mb,"36 km SSE of Alianza Cristiana, Peru",501187233627.2715,us7000il2n
2022-10-31 13:22:44.105000+00:00,2022-10-31,13:22:44,2022,5.6,149.348,-2.4103,-76.2393,mww,"119 km N of Alianza Cristiana, Peru",15848931924611.11,us7000ilgs
2022-11-02 05:06:43.780000+00:00,2022-11-02,05:06:43,2022,4.6,149.645,-2.428,-76.2688,mb,"117 km N of Alianza Cristiana, Peru",501187233627.2715,us7000ilwy
2022-11-03 01:14:25.645000+00:00,2022-11-03,01:14:25,2022,4.5,49.982,-5.3137,-80.8436,mb,"11 km NW of Tablazo Norte, Peru",354813389233.57605,us7000im3c
2022-11-07 20:40:40.592000+00:00,2022-11-07,20:40:40,2022,4.1,182.62,-1.677,-77.7544,mb,Ecuador,89125093813.3744,us7000in5l
2022-11-09 01:15:10.413000+00:00,2022-11-09,01:15:10,2022,5.1,54.125,-4.2315,-80.5466,mww,"27 km SE of Papayal, Peru",2818382931264.449,us7000ine5
2022-11-16 05:55:22.496000+00:00,2022-11-16,05:55:22,2022,4.5,180.482,-1.5604,-77.6103,mb,"42 km ENE of Palora, Ecuador",354813389233.57605,us7000iq2c
2022-11-17 04:19:50.414000+00:00,2022-11-17,04:19:50,2022,5.0,138.881,-1.9348,-78.0817,mww,"28 km SSW of Palora, Ecuador",1995262314968.8828,us7000iqb6
2022-11-24 19:36:48.776000+00:00,2022-11-24,19:36:48,2022,4.5,32.919,-1.1651,-80.5615,mb,near the coast of Ecuador,354813389233.57605,us7000is68
2022-12-01 06:52:28.422000+00:00,2022-12-01,06:52:28,2022,4.2,10.0,0.7774,-80.1899,mb,"26 km NW of Muisne, Ecuador",125892541179.41713,us6000j5y9
2022-12-02 08:46:33.715000+00:00,2022-12-02,08:46:33,2022,4.6,10.0,2.5622,-79.849,mb,"144 km WNW of Salahonda, Colombia",501187233627.2715,us6000j695
2022-12-02 15:44:38.564000+00:00,2022-12-02,15:44:38,2022,4.6,47.186,0.4178,-79.9285,mb,"23 km SSE of Muisne, Ecuador",501187233627.2715,us6000j6c2
2022-12-09 03:24:34.351000+00:00,2022-12-09,03:24:34,2022,4.5,86.478,-0.6077,-79.7062,mb,"44 km ENE of Chone, Ecuador",354813389233.57605,us6000j82i
2022-12-11 21:00:06.723000+00:00,2022-12-11,21:00:06,2022,4.4,52.154,-4.8007,-80.5332,mb,"8 km ENE of Huangala, Peru",251188643150.95822,us6000j9ia
2022-12-12 06:55:00.411000+00:00,2022-12-12,06:55:00,2022,4.9,71.23,-4.438,-79.9071,mb,"7 km SSE of Macará, Ecuador",1412537544622.7554,us6000j8q6
2022-12-17 09:46:31.195000+00:00,2022-12-17,09:46:31,2022,5.3,12.73,1.4701,-79.3053,mww,"43 km NW of Valdez, Ecuador",5623413251903.491,us6000j9z0
2022-12-17 09:49:19.390000+00:00,2022-12-17,09:49:19,2022,4.7,25.0,1.4416,-79.5846,mb,near the coast of Ecuador,707945784384.1403,us7000j0fb
2022-12-17 15:57:56.151000+00:00,2022-12-17,15:57:56,2022,4.5,43.987,1.3493,-79.3521,mb,"42 km WNW of Valdez, Ecuador",354813389233.57605,us6000ja0q
2022-12-19 00:57:04.674000+00:00,2022-12-19,00:57:04,2022,4.9,101.306,-3.4711,-76.9707,mww,"59 km W of Alianza Cristiana, Peru",1412537544622.7554,us6000ja7n
2022-12-19 11:01:55.987000+00:00,2022-12-19,11:01:55,2022,4.4,35.0,-1.0179,-80.3295,mb,near the coast of Ecuador,251188643150.95822,us6000jaar
2022-12-19 12:26:23.993000+00:00,2022-12-19,12:26:23,2022,4.1,35.0,-0.9707,-80.3711,mb,"10 km ESE of Rocafuerte, Ecuador",89125093813.3744,us6000jab8
2022-12-24 05:49:10.511000+00:00,2022-12-24,05:49:10,2022,4.1,181.664,-1.7136,-77.482,mb,"53 km E of Palora, Ecuador",89125093813.3744,us6000jbeg
2022-12-27 05:25:11.191000+00:00,2022-12-27,05:25:11,2022,4.2,73.782,-2.0806,-79.8896,mb,"11 km NNW of Eloy Alfaro, Ecuador",125892541179.41713,us6000jbx4
2022-12-30 17:43:01.113000+00:00,2022-12-30,17:43:01,2022,4.3,123.83,-5.0236,-77.3878,mb,"81 km WSW of Barranca, Peru",177827941003.89227,us7000j3pb
2022-12-31 00:43:57.999000+00:00,2022-12-31,00:43:57,2022,4.3,182.543,-1.7451,-77.7617,mb,"23 km ESE of Palora, Ecuador",177827941003.89227,us7000j15l
2023-01-06 12:33:17.462000+00:00,2023-01-06,12:33:17,2023,4.4,8.451,-4.0222,-81.7315,mb,"63 km WNW of El Alto, Peru",251188643150.95822,us7000j2in
2023-01-15 17:59:19.869000+00:00,2023-01-15,17:59:19,2023,4.3,9.7,0.7556,-77.3987,mb,"17 km SE of Córdoba, Colombia",177827941003.89227,us7000j4jw
2023-01-16 21:04:16.684000+00:00,2023-01-16,21:04:16,2023,4.0,152.782,-2.1417,-77.7717,mb,Peru-Ecuador border region,63095734448.019424,us6000jj5e
2023-01-18 23:43:32.344000+00:00,2023-01-18,23:43:32,2023,4.3,158.386,-1.7012,-78.0794,mb,"12 km W of Palora, Ecuador",177827941003.89227,us7000j5dh
2023-01-25 09:11:39.920000+00:00,2023-01-25,09:11:39,2023,4.3,39.801,-3.4777,-80.7345,mb,"23 km NNW of Zorritos, Peru",177827941003.89227,us6000jj3z
2023-01-26 03:16:21.968000+00:00,2023-01-26,03:16:21,2023,4.6,76.274,-1.9602,-79.9976,mb,"4 km SW of El Triunfo, Ecuador",501187233627.2715,us6000jjb9
2023-01-26 04:29:44.012000+00:00,2023-01-26,04:29:44,2023,4.4,10.0,-0.1313,-77.4686,mb,Ecuador,251188643150.95822,us6000jjbm
2023-01-28 11:58:29.831000+00:00,2023-01-28,11:58:29,2023,4.5,61.631,-3.7762,-80.4779,mb,"23 km S of Tumbes, Peru",354813389233.57605,us6000jjzg
2023-02-01 02:54:27.922000+00:00,2023-02-01,02:54:27,2023,4.3,10.0,-3.6451,-79.6826,mb,"3 km N of Piñas, Ecuador",177827941003.89227,us6000jkn6
2023-02-01 08:58:27.869000+00:00,2023-02-01,08:58:27,2023,4.4,159.108,-1.8098,-78.0035,mb,"12 km SSW of Palora, Ecuador",251188643150.95822,us6000jkpi
2023-02-01 21:14:57.755000+00:00,2023-02-01,21:14:57,2023,5.1,22.807,-1.9108,-81.428,mww,"62 km WNW of Salinas, Ecuador",2818382931264.449,us6000jkue
2023-02-19 01:48:38.285000+00:00,2023-02-19,01:48:38,2023,4.3,10.0,-1.1134,-80.8114,mb,"18 km WSW of Montecristi, Ecuador",177827941003.89227,us6000jq0w
2023-02-27 03:01:25.650000+00:00,2023-02-27,03:01:25,2023,4.8,32.402,-5.8854,-80.8696,mb,"36 km S of Sechura, Peru",1000000000000.0,us6000jru0
2023-02-27 09:05:04.142000+00:00,2023-02-27,09:05:04,2023,4.6,35.0,-5.6873,-80.8196,mb,near the coast of northern Peru,501187233627.2715,us6000jrwb
2023-03-08 04:24:57.841000+00:00,2023-03-08,04:24:57,2023,4.4,29.058,0.5931,-80.1644,mb,"16 km W of Muisne, Ecuador",251188643150.95822,us7000ji24
2023-03-13 03:11:49.705000+00:00,2023-03-13,03:11:49,2023,4.6,111.925,-3.8227,-76.5998,mb,"42 km SSW of Alianza Cristiana, Peru",501187233627.2715,us7000jjgg
2023-03-17 19:19:23.934000+00:00,2023-03-17,19:19:23,2023,4.3,18.564,-0.1877,-80.651,mb,"51 km NNW of Bah?a de Car?quez, Ecuador",177827941003.89227,us7000jkyh
2023-03-18 17:12:52.481000+00:00,2023-03-18,17:12:52,2023,6.8,68.0,-2.7834,-79.8518,mww,"14 km NNW of Baláo, Ecuador",1000000000000000.0,us7000jl3s
2023-04-02 12:32:42.774000+00:00,2023-04-02,12:32:42,2023,4.5,177.187,-1.6175,-77.6591,mb,Ecuador,354813389233.57605,us6000k1hb
2023-04-04 13:35:24.352000+00:00,2023-04-04,13:35:24,2023,4.8,133.059,-3.1276,-75.7336,mb,"86 km ENE of Alianza Cristiana, Peru",1000000000000.0,us6000k1xe
2023-04-05 11:25:03.931000+00:00,2023-04-05,11:25:03,2023,4.6,11.162,-4.5409,-75.5598,mb,northern Peru,501187233627.2715,us6000k24y
2023-04-11 10:38:20.367000+00:00,2023-04-11,10:38:20,2023,4.4,10.0,-3.6899,-81.0133,mb,"37 km W of Zorritos, Peru",251188643150.95822,us6000k3gz
2023-04-15 03:50:57.952000+00:00,2023-04-15,03:50:57,2023,4.6,10.0,2.2187,-79.0054,mb,"43 km WNW of Salahonda, Colombia",501187233627.2715,us6000k4lx
2023-04-21 23:10:40.876000+00:00,2023-04-21,23:10:40,2023,5.0,37.683,-5.0803,-77.3303,mww,northern Peru,1995262314968.8828,us6000k68a
2023-04-25 05:36:00.112000+00:00,2023-04-25,05:36:00,2023,5.2,68.886,-2.8231,-79.8374,mww,"10 km NNW of Baláo, Ecuador",3981071705534.9854,us7000jvqd
2023-04-26 03:16:18.670000+00:00,2023-04-26,03:16:18,2023,4.4,10.0,0.764,-77.8395,mwr,"14 km WSW of Tulcán, Ecuador",251188643150.95822,us7000jvxx
2023-04-30 03:33:52.995000+00:00,2023-04-30,03:33:52,2023,4.4,32.689,-5.0489,-80.9211,mb,"15 km SSE of La Huaca, Peru",251188643150.95822,us7000jx3g
2023-05-08 00:51:55.882000+00:00,2023-05-08,00:51:55,2023,5.2,90.32,-2.7506,-78.9272,mww,"8 km W of Azogues, Ecuador",3981071705534.9854,us6000kaam
2023-05-12 06:06:16.158000+00:00,2023-05-12,06:06:16,2023,4.5,10.0,0.7544,-77.9505,mb,Colombia-Ecuador border region,354813389233.57605,us6000kbbv
2023-05-13 12:13:56.057000+00:00,2023-05-13,12:13:56,2023,4.4,27.268,-5.6458,-81.0435,mb,"26 km WSW of Sechura, Peru",251188643150.95822,us6000kcu1
2023-05-13 18:59:37.367000+00:00,2023-05-13,18:59:37,2023,4.5,49.223,-1.5139,-80.4564,mb,"5 km NW of Paján, Ecuador",354813389233.57605,us6000kbqc
2023-05-19 03:00:22.231000+00:00,2023-05-19,03:00:22,2023,4.1,101.047,-5.482,-79.8025,mb,"24 km WSW of Canchaque, Peru",89125093813.3744,us6000kd0r
2023-05-21 07:44:39.139000+00:00,2023-05-21,07:44:39,2023,4.5,54.961,-2.717,-80.0599,mb,"34 km NW of Baláo, Ecuador",354813389233.57605,us6000kdkj
2023-05-21 18:39:37.665000+00:00,2023-05-21,18:39:37,2023,4.3,12.026,0.1212,-77.4579,mb,"61 km ESE of Pimampiro, Ecuador",177827941003.89227,us6000kdqa
2023-06-17 16:17:48.052000+00:00,2023-06-17,16:17:48,2023,4.7,10.0,-4.369,-81.9976,mb,"83 km WNW of Talara, Peru",707945784384.1403,us7000k984
2023-06-18 09:10:28.964000+00:00,2023-06-18,09:10:28,2023,5.1,26.6,-0.6767,-77.5799,mww,"36 km NE of Archidona, Ecuador",2818382931264.449,us7000k9bu
2023-06-27 14:07:27.441000+00:00,2023-06-27,14:07:27,2023,5.0,35.0,0.5974,-79.9871,mww,"3 km ESE of Muisne, Ecuador",1995262314968.8828,us6000knee
2023-07-10 23:46:35.711000+00:00,2023-07-10,23:46:35,2023,4.5,53.254,-4.8978,-80.7007,mb,"1 km WNW of Sullana, Peru",354813389233.57605,us7000kerd
2023-07-15 18:29:21.681000+00:00,2023-07-15,18:29:21,2023,4.5,12.946,-0.1762,-78.3751,mb,"5 km WNW of Oyambarillo, Ecuador",354813389233.57605,us7000kg5n
2023-07-23 19:24:26.254000+00:00,2023-07-23,19:24:26,2023,4.4,53.378,-3.3398,-79.9724,mb,"8 km SSE of Puerto Bolívar, Ecuador",251188643150.95822,us7000khun
2023-07-24 01:47:57.121000+00:00,2023-07-24,01:47:57,2023,4.0,35.0,1.2765,-79.4858,mb,"39 km NNE of Esmeraldas, Ecuador",63095734448.019424,us7000khw2
2023-07-26 01:24:42.709000+00:00,2023-07-26,01:24:42,2023,4.1,107.934,-0.8996,-79.2191,mb,"4 km N of La Maná, Ecuador",89125093813.3744,us6000kvk8
2023-07-28 01:38:25.207000+00:00,2023-07-28,01:38:25,2023,4.8,140.531,-1.9055,-78.0476,mb,"24 km SSW of Palora, Ecuador",1000000000000.0,us6000kw1l
2023-08-04 20:17:33.280000+00:00,2023-08-04,20:17:33,2023,4.8,29.419,-3.9008,-80.9532,mwr,"25 km NNE of Máncora, Peru",1000000000000.0,us6000kxye
2023-08-12 21:52:12.274000+00:00,2023-08-12,21:52:12,2023,4.4,130.191,-3.1805,-75.72,mb,"85 km ENE of Alianza Cristiana, Peru",251188643150.95822,us6000kzlz
2023-08-13 12:58:42.674000+00:00,2023-08-13,12:58:42,2023,4.3,10.0,2.7209,-79.6777,mb,"136 km WNW of Salahonda, Colombia",177827941003.89227,us6000kzpp
2023-08-14 10:59:51.500000+00:00,2023-08-14,10:59:51,2023,4.5,148.63,-2.3176,-76.7324,mb,"132 km NNW of Alianza Cristiana, Peru",354813389233.57605,us6000kzu5
2023-08-20 07:29:00.170000+00:00,2023-08-20,07:29:00,2023,4.4,9.28,-3.7461,-77.7625,mb,"98 km ESE of Gualaquiza, Ecuador",251188643150.95822,us7000kpkv
2023-08-21 04:48:59.875000+00:00,2023-08-21,04:48:59,2023,4.2,165.489,-1.9542,-77.1014,mb,"100 km ESE of Palora, Ecuador",125892541179.41713,us7000kpsv
2023-08-21 05:24:12.006000+00:00,2023-08-21,05:24:12,2023,5.4,40.35,-3.1989,-79.9653,mww,"6 km N of Machala, Ecuador",7943282347242.8545,us7000kpt4
2023-08-22 21:13:15.701000+00:00,2023-08-22,21:13:15,2023,4.6,10.0,-5.3188,-81.7522,mb,"75 km WSW of Paita, Peru",501187233627.2715,us7000kq78
2023-08-29 21:31:30.557000+00:00,2023-08-29,21:31:30,2023,4.6,40.091,-0.4475,-80.3221,mb,"20 km NE of Bahía de Caráquez, Ecuador",501187233627.2715,us7000krz9
2023-08-31 09:38:11.868000+00:00,2023-08-31,09:38:11,2023,4.6,183.826,-1.4705,-77.6831,mb,"35 km E of Puyo, Ecuador",501187233627.2715,us7000ksb3
2023-09-03 21:08:18.680000+00:00,2023-09-03,21:08:18,2023,4.3,142.752,-1.7049,-78.2723,mb,"34 km W of Palora, Ecuador",177827941003.89227,us7000ku7n
2023-09-08 20:45:50.752000+00:00,2023-09-08,20:45:50,2023,4.4,159.557,-1.6136,-78.0652,mb,"14 km NW of Palora, Ecuador",251188643150.95822,us7000kuel
2023-09-14 09:01:40.995000+00:00,2023-09-14,09:01:40,2023,4.3,67.826,-2.4387,-80.0276,mb,"28 km S of Santa Lucía, Ecuador",177827941003.89227,us7000kvnw
2023-09-15 07:13:53.516000+00:00,2023-09-15,07:13:53,2023,4.4,10.113,-3.1087,-77.6645,mb,"91 km SE of Sucúa, Ecuador",251188643150.95822,us7000kwxd
2023-09-15 19:29:58.602000+00:00,2023-09-15,19:29:58,2023,4.4,10.0,2.8041,-79.7139,mb,"144 km WNW of Mosquera, Colombia",251188643150.95822,us7000kwxt
2023-09-18 22:33:46.364000+00:00,2023-09-18,22:33:46,2023,4.2,10.0,-4.9012,-80.9141,mb,Peru-Ecuador border region,125892541179.41713,us7000kxdw
2023-09-26 19:25:02.218000+00:00,2023-09-26,19:25:02,2023,4.5,48.268,1.1728,-79.1733,mb,"22 km WSW of Valdez, Ecuador",354813389233.57605,us6000layf
2023-09-28 06:28:04.193000+00:00,2023-09-28,06:28:04,2023,4.1,53.309,1.2324,-78.8118,mb,"6 km SSE of San Lorenzo de Esmeraldas, Ecuador",89125093813.3744,us6000lbba
2023-10-05 20:55:06.784000+00:00,2023-10-05,20:55:06,2023,4.8,10.0,0.6912,-77.9134,mwr,"8 km NNE of El Ángel, Ecuador",1000000000000.0,us6000ld9m
2023-10-09 14:29:05.778000+00:00,2023-10-09,14:29:05,2023,4.1,104.575,-0.9149,-79.1892,mb,"4 km NE of La Maná, Ecuador",89125093813.3744,us6000le97
2023-10-13 04:00:14.342000+00:00,2023-10-13,04:00:14,2023,4.5,85.441,-2.9014,-79.094,mb,"9 km W of Cuenca, Ecuador",354813389233.57605,us6000lfa8
2023-11-06 05:18:37.567000+00:00,2023-11-06,05:18:37,2023,4.1,10.0,-4.0832,-76.7297,mb,"74 km SSW of Alianza Cristiana, Peru",89125093813.3744,us7000l93t
2023-11-07 03:33:46.457000+00:00,2023-11-07,03:33:46,2023,5.0,25.049,-0.9016,-79.2503,mww,"5 km NNW of La Maná, Ecuador",1995262314968.8828,us7000l99x
2023-11-12 08:26:50.690000+00:00,2023-11-12,08:26:50,2023,4.5,37.932,-2.5189,-80.6013,mb,"26 km WNW of Playas, Ecuador",354813389233.57605,us7000lagc
2023-11-14 04:48:30.138000+00:00,2023-11-14,04:48:30,2023,4.6,11.83,-5.684,-76.5337,mb,"51 km WNW of Yurimaguas, Peru",501187233627.2715,us7000laua
2023-11-15 12:20:41.563000+00:00,2023-11-15,12:20:41,2023,4.5,21.974,-2.4599,-79.4749,mb,"15 km WSW of La Troncal, Ecuador",354813389233.57605,us6000lprv
2023-11-18 06:35:49.868000+00:00,2023-11-18,06:35:49,2023,4.7,189.021,-1.2383,-77.7529,mb,"27 km SSE of Tena, Ecuador",707945784384.1403,us6000lpa5
2023-11-18 23:32:53.076000+00:00,2023-11-18,23:32:53,2023,4.5,10.0,2.5126,-79.7082,mwr,"127 km WNW of Salahonda, Colombia",354813389233.57605,us6000lpdj
2023-11-22 17:45:03.578000+00:00,2023-11-22,17:45:03,2023,4.7,12.773,-2.2421,-77.1393,mb,"108 km E of Macas, Ecuador",707945784384.1403,us6000lq4i
2023-11-25 12:59:52.776000+00:00,2023-11-25,12:59:52,2023,5.1,155.521,-2.0798,-77.281,mww,"86 km ESE of Palora, Ecuador",2818382931264.449,us6000lqpg
2023-11-28 12:42:48.892000+00:00,2023-11-28,12:42:48,2023,4.3,131.34,-2.2069,-77.0449,mb,"116 km ESE of Palora, Ecuador",177827941003.89227,us7000leb0
2023-12-11 07:36:33.539000+00:00,2023-12-11,07:36:33,2023,4.6,95.262,0.9582,-77.5751,mb,"4 km NNW of Gualmatán, Colombia",501187233627.2715,us7000li20
2023-12-28 22:44:58.620000+00:00,2023-12-28,22:44:58,2023,4.2,164.91,-1.7562,-78.0928,mb,"15 km WSW of Palora, Ecuador",125892541179.41713,us6000m09z
2024-01-04 13:46:26.091000+00:00,2024-01-04,13:46:26,2024,4.7,39.007,-5.8112,-80.9384,mb,"30 km SSW of Sechura, Peru",707945784384.1403,us6000m1rn
2024-01-06 01:03:31.563000+00:00,2024-01-06,01:03:31,2024,4.5,10.0,-1.3156,-81.0475,mb,"52 km W of Jipijapa, Ecuador",354813389233.57605,us6000m24p
2024-01-06 11:51:34.489000+00:00,2024-01-06,11:51:34,2024,4.4,83.278,-2.2219,-79.7851,mb,"9 km ESE of Eloy Alfaro, Ecuador",251188643150.95822,us6000m26z
2024-01-08 12:59:52.208000+00:00,2024-01-08,12:59:52,2024,4.6,10.0,-2.4091,-81.9572,mb,"113 km W of Salinas, Ecuador",501187233627.2715,us6000m2g7
2024-01-08 13:06:56.285000+00:00,2024-01-08,13:06:56,2024,4.6,10.0,-2.5314,-81.8388,mb,"104 km WSW of Salinas, Ecuador",501187233627.2715,us6000m2g9
2024-01-10 23:54:46.124000+00:00,2024-01-10,23:54:46,2024,5.0,120.742,-5.9215,-76.7022,mb,"32 km ENE of Moyobamba, Peru",1995262314968.8828,us6000m2zs
2024-01-24 01:42:11.505000+00:00,2024-01-24,01:42:11,2024,4.5,10.0,-3.1744,-77.6843,mb,"95 km SE of Sucúa, Ecuador",354813389233.57605,us7000ltcs
2024-01-28 05:19:05.061000+00:00,2024-01-28,05:19:05,2024,4.4,35.382,-3.8201,-80.3235,mb,"20 km SW of Matapalo, Peru",251188643150.95822,us7000luh6
2024-02-08 02:36:12.771000+00:00,2024-02-08,02:36:12,2024,4.4,77.318,1.2167,-78.9339,mb,"6 km ESE of Valdez, Ecuador",251188643150.95822,us7000lxnx
2024-02-09 08:44:16.531000+00:00,2024-02-09,08:44:16,2024,4.4,10.0,-0.9735,-80.9261,mb,"23 km W of Manta, Ecuador",251188643150.95822,us7000lxy9
2024-02-15 06:45:34.125000+00:00,2024-02-15,06:45:34,2024,4.8,166.527,-1.7319,-77.6488,mb,"35 km E of Palora, Ecuador",1000000000000.0,us7000lzcf
2024-02-16 19:02:32.417000+00:00,2024-02-16,19:02:32,2024,4.2,32.311,-2.0009,-80.7707,mb,"26 km NNE of Santa Elena, Ecuador",125892541179.41713,us7000lzqj
2024-02-24 19:12:56.851000+00:00,2024-02-24,19:12:56,2024,4.6,10.0,-0.9392,-81.1548,mb,"49 km W of Manta, Ecuador",501187233627.2715,us7000m1dh
2024-02-25 07:27:03.237000+00:00,2024-02-25,07:27:03,2024,4.6,24.429,0.1948,-80.0034,mwr,"14 km NNE of Pedernales, Ecuador",501187233627.2715,us7000m1gh
2024-03-13 08:26:38.917000+00:00,2024-03-13,08:26:38,2024,4.5,10.0,-0.6921,-81.1198,mb,"54 km WNW of Manta, Ecuador",354813389233.57605,us6000mjsn
2024-03-13 09:23:35.007000+00:00,2024-03-13,09:23:35,2024,4.3,10.582,-3.5036,-77.5175,mb,"118 km E of Gualaquiza, Ecuador",177827941003.89227,us6000mjsq
2024-03-17 05:56:41.034000+00:00,2024-03-17,05:56:41,2024,4.5,9.925,-5.3197,-77.1613,mb,"75 km N of Segunda Jerusalén - Azunguillo, Peru",354813389233.57605,us6000mjeb
2024-03-18 23:40:53.426000+00:00,2024-03-18,23:40:53,2024,4.3,120.219,-4.7954,-75.829,mb,"50 km NNW of Lagunas, Peru",177827941003.89227,us6000mkhw
2024-03-25 18:47:47.184000+00:00,2024-03-25,18:47:47,2024,4.1,78.387,-5.6591,-78.5615,mb,"12 km E of Bellavista, Peru",89125093813.3744,us7000m7yj
2024-03-26 12:30:46.162000+00:00,2024-03-26,12:30:46,2024,4.1,10.0,-3.5916,-81.7108,mb,"92 km NW of El Alto, Peru",89125093813.3744,us7000m9de
2024-03-30 08:56:17.434000+00:00,2024-03-30,08:56:17,2024,4.3,25.594,-3.7337,-80.9371,mb,"29 km WSW of Zorritos, Peru",177827941003.89227,us7000m8wi
2024-04-09 03:07:04.680000+00:00,2024-04-09,03:07:04,2024,4.5,35.0,-3.8582,-80.9823,mb,"28 km NNE of Máncora, Peru",354813389233.57605,us7000mcvw
2024-04-11 04:20:38.804000+00:00,2024-04-11,04:20:38,2024,4.1,65.893,-1.9647,-80.0909,mwr,"9 km S of Lomas de Sargentillo, Ecuador",89125093813.3744,us7000mbbj
2024-04-14 10:58:42.151000+00:00,2024-04-14,10:58:42,2024,4.5,19.142,-1.5879,-80.9147,mb,"45 km SW of Jipijapa, Ecuador",354813389233.57605,us7000mc1b
2024-04-21 23:22:32.776000+00:00,2024-04-21,23:22:32,2024,4.6,10.0,-3.4452,-81.9309,mb,"120 km NW of El Alto, Peru",501187233627.2715,us7000mdqs
2024-05-04 04:00:32.314000+00:00,2024-05-04,04:00:32,2024,4.9,114.242,-4.5459,-76.5756,mb,"33 km NNE of Barranca, Peru",1412537544622.7554,us6000mw9l
2024-05-05 06:11:07.336000+00:00,2024-05-05,06:11:07,2024,4.4,12.009,2.0194,-76.027,mb,"3 km NNE of Saladoblanco, Colombia",251188643150.95822,us6000mwfa
2024-05-05 09:27:12.224000+00:00,2024-05-05,09:27:12,2024,4.6,9.6,-5.8222,-75.268,mb,"77 km NE of Navarro, Peru",501187233627.2715,us6000mwgq
2024-05-06 15:17:03.966000+00:00,2024-05-06,15:17:03,2024,4.9,4.838,0.4474,-77.5722,mww,"32 km ESE of San Gabriel, Ecuador",1412537544622.7554,us6000mwpy
2024-05-06 15:32:31.412000+00:00,2024-05-06,15:32:31,2024,4.8,8.031,0.4825,-77.5688,mww,"31 km ESE of San Gabriel, Ecuador",1000000000000.0,us6000mwq2
2024-05-07 22:22:47.616000+00:00,2024-05-07,22:22:47,2024,4.4,10.0,-4.4386,-81.9917,mb,"81 km W of Talara, Peru",251188643150.95822,us6000mx3a
2024-05-14 03:00:35.837000+00:00,2024-05-14,03:00:35,2024,4.5,10.0,-4.6609,-77.6581,mb,"110 km W of Barranca, Peru",354813389233.57605,us6000myff
2024-05-14 16:39:55.019000+00:00,2024-05-14,16:39:55,2024,4.4,30.205,-2.8696,-77.8395,mb,"58 km SE of Sucúa, Ecuador",251188643150.95822,us6000myjz
2024-05-21 02:43:10.935000+00:00,2024-05-21,02:43:10,2024,5.1,84.173,-3.7141,-79.6819,mww,"3 km S of Piñas, Ecuador",2818382931264.449,us6000mzyb
2024-05-22 05:34:19.975000+00:00,2024-05-22,05:34:19,2024,5.0,10.0,2.5123,-79.0178,mww,"63 km W of Mosquera, Colombia",1995262314968.8828,us6000n077
2024-05-22 08:44:13.991000+00:00,2024-05-22,08:44:13,2024,4.7,10.0,2.5004,-79.0534,mb,"66 km W of Mosquera, Colombia",707945784384.1403,us6000n08a
2024-05-26 10:24:52.504000+00:00,2024-05-26,10:24:52,2024,4.3,10.0,2.6312,-79.0382,mb,"66 km WNW of Mosquera, Colombia",177827941003.89227,us6000n12v
2024-06-07 15:27:42.762000+00:00,2024-06-07,15:27:42,2024,4.0,10.0,2.946,-79.319,mb,"107 km WNW of Mosquera, Colombia",63095734448.019424,us7000mr0t
2024-06-16 17:32:12.805000+00:00,2024-06-16,17:32:12,2024,4.5,13.734,-1.9579,-77.695,mb,"41 km SE of Palora, Ecuador",354813389233.57605,us7000msuc
2024-06-18 02:22:10.098000+00:00,2024-06-18,02:22:10,2024,5.5,106.228,-3.8928,-76.671,mww,"53 km SSW of Alianza Cristiana, Peru",11220184543019.652,us7000mt41
2024-06-18 17:11:01.492000+00:00,2024-06-18,17:11:01,2024,4.6,144.004,-2.1885,-77.2246,mb,"98 km ESE of Palora, Ecuador",501187233627.2715,us7000mt8i
2024-06-19 22:15:04.783000+00:00,2024-06-19,22:15:04,2024,4.2,117.775,-4.0785,-77.2879,mb,"107 km NW of Barranca, Peru",125892541179.41713,us7000mths
2024-06-21 06:02:51.539000+00:00,2024-06-21,06:02:51,2024,4.4,98.435,-2.4551,-78.7579,mwr,"23 km ENE of Cañar, Ecuador",251188643150.95822,us7000mtr3
2024-07-01 05:27:51.380000+00:00,2024-07-01,05:27:51,2024,4.4,10.0,-0.1306,-78.2865,mb,"8 km NE of Oyambarillo, Ecuador",251188643150.95822,us7000mxti
2024-07-05 07:06:59.484000+00:00,2024-07-05,07:06:59,2024,4.4,10.0,-0.7614,-81.6824,mb,"110 km WNW of Manta, Ecuador",251188643150.95822,us6000nafg
2024-07-21 23:56:22.172000+00:00,2024-07-21,23:56:22,2024,4.4,35.0,-4.8705,-78.6486,mb,"49 km NE of San Ignacio, Peru",251188643150.95822,us7000n0qm
2024-07-25 05:44:16.035000+00:00,2024-07-25,05:44:16,2024,4.7,117.89,-3.0689,-76.4987,mb,"45 km N of Alianza Cristiana, Peru",707945784384.1403,us6000nfje
2024-07-28 06:04:34.479000+00:00,2024-07-28,06:04:34,2024,4.1,10.0,-2.7785,-80.0589,mb,"30 km WNW of Baláo, Ecuador",89125093813.3744,us6000nggb
2024-08-01 12:35:02.202000+00:00,2024-08-01,12:35:02,2024,4.0,10.0,2.2475,-79.7656,mb,"119 km WNW of Tumaco, Colombia",63095734448.019424,us7000n7y1
2024-08-04 06:00:26.679000+00:00,2024-08-04,06:00:26,2024,4.2,197.728,-1.3059,-77.4333,mb,"54 km SE of Tena, Ecuador",125892541179.41713,us6000ni0h
2024-08-04 06:57:04.532000+00:00,2024-08-04,06:57:04,2024,4.4,103.103,-3.7868,-78.6111,mb,"17 km ENE of Yantzaza, Ecuador",251188643150.95822,us6000ni0m
2024-08-04 23:42:55+00:00,2024-08-04,23:42:55,2024,4.4,39.929,-2.3806,-77.531,mwr,"65 km E of Macas, Ecuador",251188643150.95822,us6000ni3u
2024-09-04 13:57:14.324000+00:00,2024-09-04,13:57:14,2024,4.4,184.843,-1.5846,-77.6956,mb,"32 km ENE of Palora, Ecuador",251188643150.95822,us6000npn5
2024-09-23 14:40:34.376000+00:00,2024-09-23,14:40:34,2024,4.2,120.537,-2.4687,-77.7983,mb,"39 km ESE of Macas, Ecuador",125892541179.41713,us6000ntv6
2024-10-01 09:07:36.362000+00:00,2024-10-01,09:07:36,2024,4.5,35.0,-2.6626,-80.8407,mwr,"48 km S of La Libertad, Ecuador",354813389233.57605,us7000nhes
2024-10-01 09:17:15.591000+00:00,2024-10-01,09:17:15,2024,4.6,35.0,-2.6694,-80.895,mb,"48 km S of La Libertad, Ecuador",501187233627.2715,us7000nhew
2024-10-05 23:54:06.547000+00:00,2024-10-05,23:54:06,2024,4.1,35.0,-1.9285,-80.337,ml,"17 km SW of Pedro Carbo, Ecuador",89125093813.3744,us6000nwsi
2024-10-16 22:04:48.380000+00:00,2024-10-16,22:04:48,2024,4.7,10.0,2.1028,-79.7589,mb,"112 km WNW of Tumaco, Colombia",707945784384.1403,us6000nz6y
2024-10-28 01:22:44.080000+00:00,2024-10-28,01:22:44,2024,4.4,88.15,-2.377,-79.4503,mb,"13 km WNW of La Troncal, Ecuador",251188643150.95822,us7000nnjj
2024-10-30 13:12:10.865000+00:00,2024-10-30,13:12:10,2024,4.2,35.0,-0.6415,-80.661,ml,"26 km W of Bahía de Caráquez, Ecuador",125892541179.41713,us7000np04
2024-11-07 05:59:19.771000+00:00,2024-11-07,05:59:19,2024,4.2,113.059,-2.4513,-78.0185,mb,"17 km E of Sucúa, Ecuador",125892541179.41713,us7000nqcu
2024-11-08 10:37:42.623000+00:00,2024-11-08,10:37:42,2024,5.1,190.812,-1.4492,-77.4738,mww,"58 km E of Puyo, Ecuador",2818382931264.449,us7000nqkx
2024-11-10 06:44:27.665000+00:00,2024-11-10,06:44:27,2024,4.5,10.0,-4.1655,-75.4979,mb,"119 km N of Lagunas, Peru",354813389233.57605,us7000nqyh
2024-11-24 00:56:04.636000+00:00,2024-11-24,00:56:04,2024,4.3,112.431,-2.3757,-78.2878,mb,"15 km NW of Sucúa, Ecuador",177827941003.89227,us6000p7cc
2024-12-01 22:45:49.457000+00:00,2024-12-01,22:45:49,2024,4.3,35.0,-5.2019,-80.9853,mb,"18 km SE of Paita, Peru",177827941003.89227,us7000nvc6
2024-12-05 23:14:13.612000+00:00,2024-12-05,23:14:13,2024,4.4,30.936,-1.4822,-80.5495,mb,"15 km SSE of Jipijapa, Ecuador",251188643150.95822,us7000nwcz
2024-12-14 18:05:16.955000+00:00,2024-12-14,18:05:16,2024,4.4,40.045,-1.5331,-80.6605,mb,"22 km SSW of Jipijapa, Ecuador",251188643150.95822,us7000nyw6
2024-12-23 23:00:52.184000+00:00,2024-12-23,23:00:52,2024,4.4,181.076,-1.6086,-77.9319,mb,"10 km NNE of Palora, Ecuador",251188643150.95822,us6000pfdr
2025-01-07 03:37:29.214000+00:00,2025-01-07,03:37:29,2025,4.7,161.491,-1.9216,-77.2282,mb,"85 km ESE of Palora, Ecuador",707945784384.1403,us6000pibx
2025-01-09 23:09:44.363000+00:00,2025-01-09,23:09:44,2025,4.0,10.0,-0.9953,-78.7949,mb,"11 km WSW of Pujilí, Ecuador",63095734448.019424,us6000pj1z
2025-01-13 02:20:54.549000+00:00,2025-01-13,02:20:54,2025,5.0,90.55,-2.2781,-79.7517,mww,"16 km SE of Eloy Alfaro, Ecuador",1995262314968.8828,us6000pjm2
2025-01-14 15:52:33.789000+00:00,2025-01-14,15:52:33,2025,4.2,150.095,-1.784,-78.0352,mb,"12 km SW of Palora, Ecuador",125892541179.41713,us6000pjxc
2025-01-21 11:29:45.534000+00:00,2025-01-21,11:29:45,2025,4.2,53.664,-2.6227,-80.2295,mb,"17 km E of Playas, Ecuador",125892541179.41713,us7000pa4m
2025-01-31 23:02:28.845000+00:00,2025-01-31,23:02:28,2025,5.5,8.0,-0.8609,-78.0956,mww,"32 km W of Archidona, Ecuador",11220184543019.652,us7000pahy
2025-02-01 01:50:50.277000+00:00,2025-02-01,01:50:50,2025,4.3,10.0,-0.8465,-78.1352,mb,"37 km W of Archidona, Ecuador",177827941003.89227,us7000pajt
2025-02-01 11:05:50.660000+00:00,2025-02-01,11:05:50,2025,4.7,10.0,-0.8167,-78.1383,mwr,"38 km WNW of Archidona, Ecuador",707945784384.1403,us7000palx
2025-02-01 11:27:31.041000+00:00,2025-02-01,11:27:31,2025,4.5,10.0,-0.8286,-78.1318,mb,"37 km WNW of Archidona, Ecuador",354813389233.57605,us7000pam3
2025-02-04 07:45:13.544000+00:00,2025-02-04,07:45:13,2025,4.6,70.943,-3.644,-79.9818,mb,"21 km S of Santa Rosa, Ecuador",501187233627.2715,us7000pb6s
2025-02-05 08:21:34.425000+00:00,2025-02-05,08:21:34,2025,4.9,147.729,-1.873,-78.1268,mb,"26 km SW of Palora, Ecuador",1412537544622.7554,us7000pbgl
2025-02-12 00:58:54.797000+00:00,2025-02-12,00:58:54,2025,4.1,139.658,-2.4221,-76.5761,mb,"117 km N of Alianza Cristiana, Peru",89125093813.3744,us7000pd1e
2025-02-16 04:49:35.297000+00:00,2025-02-16,04:49:35,2025,4.3,43.401,-3.7634,-80.8697,mb,"23 km WSW of Zorritos, Peru",177827941003.89227,us7000pe29
2025-02-17 21:30:31.284000+00:00,2025-02-17,21:30:31,2025,4.0,10.0,-0.6894,-80.9834,mb,"42 km NW of Manta, Ecuador",63095734448.019424,us7000pecc
2025-02-22 01:06:51.034000+00:00,2025-02-22,01:06:51,2025,4.4,41.517,-3.9494,-80.7627,mb,"12 km W of Cañaveral, Peru",251188643150.95822,us7000pfdh
2025-02-23 07:25:17.202000+00:00,2025-02-23,07:25:17,2025,4.8,10.0,-1.1862,-77.5594,mwr,"35 km SE of Tena, Ecuador",1000000000000.0,us7000pfks
2025-03-01 09:38:49.850000+00:00,2025-03-01,09:38:49,2025,5.0,10.0,2.871,-79.4812,mww,"121 km WNW of Mosquera, Colombia",1995262314968.8828,us6000pw9c
2025-03-08 05:37:41.913000+00:00,2025-03-08,05:37:41,2025,5.3,191.941,-1.3443,-77.5464,mww,"48 km SE of Tena, Ecuador",5623413251903.491,us6000pxlb
2025-03-25 22:08:06.816000+00:00,2025-03-25,22:08:06,2025,4.5,10.0,2.5566,-78.869,mb,"46 km W of Mosquera, Colombia",354813389233.57605,us6000q3rc
2025-04-07 12:17:18.273000+00:00,2025-04-07,12:17:18,2025,4.3,41.447,-5.248,-80.8657,mb,"18 km NW of Tablazo Norte, Peru",177827941003.89227,us6000q6tf
2025-04-09 07:40:43.530000+00:00,2025-04-09,07:40:43,2025,4.5,26.075,-5.9103,-81.3068,mb,"66 km SW of Sechura, Peru",354813389233.57605,us6000q4vu
2025-04-13 22:11:22.270000+00:00,2025-04-13,22:11:22,2025,4.4,161.905,-1.4197,-77.8491,mb,"18 km ENE of Puyo, Ecuador",251188643150.95822,us6000q5um
2025-04-15 00:07:59.361000+00:00,2025-04-15,00:07:59,2025,4.0,161.451,-1.5667,-78.0334,mb,"9 km SSW of Puyo, Ecuador",63095734448.019424,us6000q62p
2025-04-16 00:07:04.050000+00:00,2025-04-16,00:07:04,2025,4.4,10.0,0.1429,-80.8788,mb,"92 km W of Pedernales, Ecuador",251188643150.95822,us6000q6cg
2025-04-19 02:20:17.032000+00:00,2025-04-19,02:20:17,2025,4.6,10.0,-3.4875,-77.6433,mb,"104 km E of Gualaquiza, Ecuador",501187233627.2715,us6000q75b
2025-04-21 22:23:17.999000+00:00,2025-04-21,22:23:17,2025,4.8,10.0,-5.3915,-76.2563,mb,"58 km NNW of Yurimaguas, Peru",1000000000000.0,us7000pu39
2025-04-25 11:44:52.634000+00:00,2025-04-25,11:44:52,2025,6.3,18.0,1.0835,-79.5319,mww,"19 km NE of Esmeraldas, Ecuador",177827941003892.28,us7000pv06
2025-04-26 02:40:24.350000+00:00,2025-04-26,02:40:24,2025,4.2,112.199,-5.2911,-79.0806,mb,"18 km SSW of San Ignacio, Peru",125892541179.41713,us7000pv5z
2025-05-02 15:06:53.791000+00:00,2025-05-02,15:06:53,2025,4.4,104.742,-3.6407,-77.2832,mb,"96 km W of Alianza Cristiana, Peru",251188643150.95822,us7000pwli
2025-05-03 14:50:14.676000+00:00,2025-05-03,14:50:14,2025,4.5,1.702,-0.628,-77.9905,mwr,"37 km NNW of Archidona, Ecuador",354813389233.57605,us7000pwwy
2025-05-05 09:17:23.248000+00:00,2025-05-05,09:17:23,2025,4.1,63.412,-3.0415,-79.8935,mb,"16 km SSW of Baláo, Ecuador",89125093813.3744,us7000px81
2025-05-06 20:33:39.240000+00:00,2025-05-06,20:33:39,2025,4.2,156.913,-1.8981,-77.8274,mb,"26 km SE of Palora, Ecuador",125892541179.41713,us7000pxkc
2025-05-08 11:22:40.880000+00:00,2025-05-08,11:22:40,2025,5.4,45.0,-3.8399,-80.7011,mww,"12 km NNW of Cañaveral, Peru",7943282347242.8545,us7000pxx7
2025-05-10 12:12:53.089000+00:00,2025-05-10,12:12:53,2025,4.4,10.0,-2.5964,-79.706,mwr,"12 km NW of Naranjal, Ecuador",251188643150.95822,us7000pyez
2025-05-10 18:02:26.606000+00:00,2025-05-10,18:02:26,2025,4.2,172.909,-1.6311,-77.6831,mb,"32 km ENE of Palora, Ecuador",125892541179.41713,us7000pyg8
2025-05-11 01:29:58.305000+00:00,2025-05-11,01:29:58,2025,4.7,40.959,-3.9693,-80.8004,mb,"13 km NNW of Papayal, Peru",707945784384.1403,us7000pyhr
2025-05-11 02:07:09.460000+00:00,2025-05-11,02:07:09,2025,4.7,35.0,-3.9323,-80.808,mb,"17 km W of Cañaveral, Peru",707945784384.1403,us7000pyhv
2025-05-11 05:16:48.782000+00:00,2025-05-11,05:16:48,2025,4.6,26.134,-3.986,-80.9703,mb,"15 km NNE of Máncora, Peru",501187233627.2715,us7000pyii
2025-05-14 20:13:24.200000+00:00,2025-05-14,20:13:24,2025,5.2,10.0,-5.8972,-81.1057,mww,"49 km SW of Sechura, Peru",3981071705534.9854,us7000pz8t
2025-05-27 11:29:36.194000+00:00,2025-05-27,11:29:36,2025,4.4,164.528,-1.444,-77.8727,mb,"15 km ENE of Puyo, Ecuador",251188643150.95822,us7000q1rn
2025-06-03 02:30:41.375000+00:00,2025-06-03,02:30:41,2025,4.4,55.95,-5.7636,-80.7809,mb,"23 km SSE of Sechura, Peru",251188643150.95822,us6000qhjm
2025-06-14 03:31:36.618000+00:00,2025-06-14,03:31:36,2025,4.6,10.0,-1.2913,-80.8907,mb,"35 km W of Jipijapa, Ecuador",501187233627.2715,us6000qk7i
2025-06-17 02:46:26.793000+00:00,2025-06-17,02:46:26,2025,5.0,10.0,-0.9126,-78.2111,mww,"44 km ENE of San Miguel de Salcedo, Ecuador",1995262314968.8828,us6000qkr0
2025-06-17 06:47:15.562000+00:00,2025-06-17,06:47:15,2025,4.2,4.899,-0.8783,-78.1101,mb,"33 km W of Archidona, Ecuador",125892541179.41713,us6000qkrr
2025-06-19 01:06:23.890000+00:00,2025-06-19,01:06:23,2025,4.4,10.0,-0.8567,-78.1327,mb,"36 km W of Archidona, Ecuador",251188643150.95822,us6000ql5b
2025-06-20 19:58:33.019000+00:00,2025-06-20,19:58:33,2025,4.4,35.053,2.4911,-76.2254,mb,"18 km WSW of Inzá, Colombia",251188643150.95822,us6000qli3
2025-06-21 19:18:48.533000+00:00,2025-06-21,19:18:48,2025,5.2,49.966,-2.6158,-79.6742,mww,"8 km NW of Naranjal, Ecuador",3981071705534.9854,us6000qlnk
2025-06-23 00:10:30.511000+00:00,2025-06-23,00:10:30,2025,4.3,10.0,2.5853,-79.7833,mb,"138 km WNW of Salahonda, Colombia",177827941003.89227,us6000qlvd
2025-06-23 21:36:29.929000+00:00,2025-06-23,21:36:29,2025,4.0,10.0,-1.511,-80.9737,ml,"47 km WSW of Jipijapa, Ecuador",63095734448.019424,us7000q8a0
2025-06-27 06:31:53.768000+00:00,2025-06-27,06:31:53,2025,4.7,61.56,-2.1982,-80.0324,mb,"3 km WSW of Santa Lucía, Ecuador",707945784384.1403,us7000q91v
2025-07-06 11:27:43.745000+00:00,2025-07-06,11:27:43,2025,5.1,10.0,-5.5489,-77.0114,mww,"53 km N of Moyobamba, Peru",2818382931264.449,us7000qazs
2025-07-08 17:36:09.023000+00:00,2025-07-08,17:36:09,2025,4.6,42.703,0.8665,-79.7091,mb,"11 km SSW of Esmeraldas, Ecuador",501187233627.2715,us7000qbe7
2025-07-11 04:12:36.938000+00:00,2025-07-11,04:12:36,2025,4.4,133.839,-3.0688,-75.5425,mb,"108 km ENE of Alianza Cristiana, Peru",251188643150.95822,us7000qbyk
2025-07-20 21:06:32.639000+00:00,2025-07-20,21:06:32,2025,4.4,57.913,0.4719,-79.3622,mb,"20 km NE of Rosa Zarate, Ecuador",251188643150.95822,us7000qe4h
2025-07-27 07:36:13.589000+00:00,2025-07-27,07:36:13,2025,4.1,171.439,-1.609,-77.9864,mb,"10 km NNW of Palora, Ecuador",89125093813.3744,us6000qvgc
2025-07-28 12:34:01.516000+00:00,2025-07-28,12:34:01,2025,4.4,59.178,-3.5845,-79.8973,mb,"16 km SSE of Santa Rosa, Ecuador",251188643150.95822,us6000qvm0
2025-08-08 00:31:47.803000+00:00,2025-08-08,00:31:47,2025,4.9,10.0,2.5724,-79.7378,mww,"133 km WNW of Salahonda, Colombia",1412537544622.7554,us6000qyzv
2025-08-16 10:47:02.299000+00:00,2025-08-16,10:47:02,2025,4.6,10.0,-0.589,-78.3584,mb,"24 km ESE of Machachi, Ecuador",501187233627.2715,us6000r1kx
2025-08-20 15:06:59.764000+00:00,2025-08-20,15:06:59,2025,4.9,112.687,-3.8222,-76.2677,mb,"42 km SSE of Alianza Cristiana, Peru",1412537544622.7554,us6000r2by
2025-08-24 10:50:32.963000+00:00,2025-08-24,10:50:32,2025,4.8,94.391,-2.3844,-79.0147,mb,"21 km NNW of Cañar, Ecuador",1000000000000.0,us6000r3gp
2025-08-25 18:10:57.293000+00:00,2025-08-25,18:10:57,2025,4.9,10.0,2.1354,-79.9559,mww,"134 km NNW of Esmeraldas, Ecuador",1412537544622.7554,us7000qqvw
2025-08-26 07:30:30.244000+00:00,2025-08-26,07:30:30,2025,4.4,25.8,-3.7474,-80.9351,mb,"29 km WSW of Zorritos, Peru",251188643150.95822,us7000qqzi
2025-08-27 04:26:23.607000+00:00,2025-08-27,04:26:23,2025,4.2,52.124,-4.1365,-80.3547,mb,"39 km ESE of Cañaveral, Peru",125892541179.41713,us7000qr8m
2025-08-27 09:31:35.740000+00:00,2025-08-27,09:31:35,2025,4.4,10.0,2.7226,-76.7369,mb,"12 km WSW of Morales, Colombia",251188643150.95822,us7000qr9r
2025-09-03 04:40:48.228000+00:00,2025-09-03,04:40:48,2025,4.2,117.465,-5.7303,-75.1936,mb,"77 km SE of Lagunas, Peru",125892541179.41713,us7000qtf3
2025-09-03 14:56:45.140000+00:00,2025-09-03,14:56:45,2025,5.3,161.773,-1.5015,-77.856,mww,"16 km E of Puyo, Ecuador",5623413251903.491,us7000qthm
2025-09-05 17:42:32.285000+00:00,2025-09-05,17:42:32,2025,5.4,3.061,-1.821,-81.0466,mww,"44 km NNW of Salinas, Ecuador",7943282347242.8545,us7000qu91
2025-09-11 09:19:41.988000+00:00,2025-09-11,09:19:41,2025,4.2,52.291,-3.0498,-80.2418,mb,"36 km NW of Puerto Bolívar, Ecuador",125892541179.41713,us7000qvej
2025-09-13 21:18:36.570000+00:00,2025-09-13,21:18:36,2025,4.4,10.0,-1.8288,-81.0175,mb,"43 km N of Salinas, Ecuador",251188643150.95822,us7000qw1p
2025-09-13 23:59:55.076000+00:00,2025-09-13,23:59:55,2025,4.8,10.0,-1.732,-81.1699,mb,"58 km NNW of Salinas, Ecuador",1000000000000.0,us7000qw23
2025-09-16 03:41:52.928000+00:00,2025-09-16,03:41:52,2025,5.1,10.0,-5.702,-81.2004,mb,"44 km WSW of Sechura, Peru",2818382931264.449,us7000qwfa
2025-09-16 03:54:49.142000+00:00,2025-09-16,03:54:49,2025,4.7,10.0,-1.6625,-81.0281,mb,"60 km SW of Jipijapa, Ecuador",707945784384.1403,us7000qwff
2025-09-19 01:49:50.251000+00:00,2025-09-19,01:49:50,2025,4.6,39.893,-1.4,-80.7338,mb,"18 km WSW of Jipijapa, Ecuador",501187233627.2715,us7000qx6e
2025-09-19 22:33:06.743000+00:00,2025-09-19,22:33:06,2025,4.9,34.003,-0.5341,-80.324,mb,"13 km ENE of Bahía de Caráquez, Ecuador",1412537544622.7554,us7000qxh4
2025-09-20 12:46:06.042000+00:00,2025-09-20,12:46:06,2025,4.0,99.569,-3.2878,-77.9048,mb,"76 km E of Gualaquiza, Ecuador",63095734448.019424,us7000qxk0
2025-09-25 23:40:15.388000+00:00,2025-09-25,23:40:15,2025,4.3,171.311,-1.353,-77.9383,mb,"16 km NNE of Puyo, Ecuador",177827941003.89227,us6000rcz1
2025-09-26 17:25:01.915000+00:00,2025-09-26,17:25:01,2025,4.2,6.582,-2.346,-77.4063,mb,"78 km E of Macas, Ecuador",125892541179.41713,us6000rd6t
2025-10-02 14:52:50.750000+00:00,2025-10-02,14:52:50,2025,4.3,12.915,0.5213,-79.9972,mb,"10 km SSE of Muisne, Ecuador",177827941003.89227,us6000riyc
2025-10-07 01:27:59.527000+00:00,2025-10-07,01:27:59,2025,4.4,38.23,-0.4711,-80.281,mb,"21 km NE of Bahía de Caráquez, Ecuador",251188643150.95822,us6000rf82
2025-10-11 23:52:28.147000+00:00,2025-10-11,23:52:28,2025,4.4,43.081,-5.1691,-80.8889,mb,"24 km W of San Martin, Peru",251188643150.95822,us6000rgmu
2025-10-22 00:05:44.495000+00:00,2025-10-22,00:05:44,2025,5.5,77.13,-3.6137,-79.8408,mww,"19 km WNW of Piñas, Ecuador",11220184543019.652,us6000rik7
2025-11-04 07:14:14.875000+00:00,2025-11-04,07:14:14,2025,4.2,121.567,-4.0796,-76.5241,mb,"67 km S of Alianza Cristiana, Peru",125892541179.41713,us6000rlcc
2025-11-06 23:11:15.301000+00:00,2025-11-06,23:11:15,2025,4.5,186.918,-1.2716,-77.6039,mb,"38 km SE of Tena, Ecuador",354813389233.57605,us6000rm0g
2025-11-17 23:13:51.062000+00:00,2025-11-17,23:13:51,2025,4.2,177.305,-1.321,-77.8568,mb,"24 km NE of Puyo, Ecuador",125892541179.41713,us6000rnv4
2025-12-01 06:37:00.570000+00:00,2025-12-01,06:37:00,2025,4.2,32.602,-5.8617,-81.0816,mb,"44 km SW of Sechura, Peru",125892541179.41713,us7000reu7
2025-12-13 09:40:52.633000+00:00,2025-12-13,09:40:52,2025,4.0,10.0,-1.7801,-79.0621,mwr,"8 km SSW of San Miguel, Ecuador",63095734448.019424,us7000rn73
2025-12-14 20:23:42.032000+00:00,2025-12-14,20:23:42,2025,4.5,155.618,-1.7675,-78.0415,mb,"11 km SW of Palora, Ecuador",354813389233.57605,us6000ruuw
2025-12-16 00:30:40.757000+00:00,2025-12-16,00:30:40,2025,4.1,181.434,-1.5529,-77.7537,mb,"28 km NE of Palora, Ecuador",89125093813.3744,us6000rv5p
2025-12-19 21:59:54.472000+00:00,2025-12-19,21:59:54,2025,5.1,10.0,-0.7716,-77.9623,mww,"22 km NW of Archidona, Ecuador",2818382931264.449,us6000rw3h
2026-01-02 20:59:15.179000+00:00,2026-01-02,20:59:15,2026,4.1,165.074,-1.7724,-77.9219,mb,"9 km SSE of Palora, Ecuador",89125093813.3744,us7000rm62
2026-01-03 08:46:48.944000+00:00,2026-01-03,08:46:48,2026,4.6,8.151,-1.9381,-78.8688,mb,"29 km N of Alausí, Ecuador",501187233627.2715,us7000rm8f
2026-01-08 05:17:50.354000+00:00,2026-01-08,05:17:50,2026,5.5,109.868,-4.0453,-77.8303,mww,"105 km ESE of Yantzaza, Ecuador",11220184543019.652,us7000rndf
2026-01-16 21:15:03.852000+00:00,2026-01-16,21:15:03,2026,4.2,12.243,-4.579,-77.8704,mb,"128 km N of Yambrasbamba, Peru",125892541179.41713,us7000rq7p
2026-02-10 08:20:44.899000+00:00,2026-02-10,08:20:44,2026,4.3,158.767,-1.4987,-78.2272,mb,"24 km ESE of Baños, Ecuador",177827941003.89227,us6000s7lj
2026-02-12 21:52:58.837000+00:00,2026-02-12,21:52:58,2026,4.7,126.01,-2.4913,-77.6787,mb,"52 km ESE of Macas, Ecuador",707945784384.1403,us6000s8l7
2026-02-15 09:37:03.656000+00:00,2026-02-15,09:37:03,2026,4.2,10.0,0.1322,-80.7518,mb,"78 km W of Pedernales, Ecuador",125892541179.41713,us6000s9de
2026-02-22 06:43:52.602000+00:00,2026-02-22,06:43:52,2026,5.0,115.085,-4.6719,-76.4374,mb,"31 km NE of Barranca, Peru",1995262314968.8828,us6000sara
2026-03-04 04:14:25.062000+00:00,2026-03-04,04:14:25,2026,4.2,35.0,-4.0254,-80.9143,mb,"17 km ENE of Máncora, Peru",125892541179.41713,us7000s1wl
2026-03-06 01:40:24.501000+00:00,2026-03-06,01:40:24,2026,4.6,114.512,-4.6128,-76.8109,mb,"28 km NNW of Barranca, Peru",501187233627.2715,us7000s2fd
2026-03-07 16:36:12.218000+00:00,2026-03-07,16:36:12,2026,4.6,59.851,-5.6526,-79.1316,mb,"20 km E of Sallique, Peru",501187233627.2715,us7000s2u0
2026-03-07 18:15:38.429000+00:00,2026-03-07,18:15:38,2026,4.8,68.776,-5.5118,-78.9675,mb,"12 km NNW of Huabal, Peru",1000000000000.0,us7000s2uz
2026-03-15 11:23:54.489000+00:00,2026-03-15,11:23:54,2026,4.4,31.594,0.5877,-80.1174,mb,"11 km WSW of Muisne, Ecuador",251188643150.95822,us6000sgfx
2026-03-15 18:31:38.700000+00:00,2026-03-15,18:31:38,2026,4.3,222.549,-1.3056,-77.5337,mb,"46 km SE of Tena, Ecuador",177827941003.89227,us6000sgh9
2026-03-23 07:18:45.733000+00:00,2026-03-23,07:18:45,2026,4.3,35.0,-3.8068,-81.097,mb,"33 km N of Máncora, Peru",177827941003.89227,us7000s9ge
2026-03-23 07:19:08.805000+00:00,2026-03-23,07:19:08,2026,4.4,35.0,-3.9296,-81.0447,mb,"19 km N of Máncora, Peru",251188643150.95822,us6000sitf
2026-03-26 18:10:02.396000+00:00,2026-03-26,18:10:02,2026,4.1,171.372,-1.364,-78.0183,mb,"13 km N of Puyo, Ecuador",89125093813.3744,us7000s7wk
2026-04-04 12:23:29.388000+00:00,2026-04-04,12:23:29,2026,4.9,57.234,-2.2449,-80.3406,mb,"38 km W of Santa Lucía, Ecuador",1412537544622.7554,us6000smky
2026-04-10 14:15:32.180000+00:00,2026-04-10,14:15:32,2026,4.6,165.471,-1.7698,-77.8022,mb,"19 km ESE of Palora, Ecuador",501187233627.2715,us6000sp0a
2026-04-11 13:44:11.761000+00:00,2026-04-11,13:44:11,2026,4.8,53.261,-4.5481,-80.6987,mb,"32 km N of Querecotillo, Peru",1000000000000.0,us6000spaz
2026-04-14 22:21:25.595000+00:00,2026-04-14,22:21:25,2026,4.3,60.323,-4.5208,-80.5788,mb,"35 km N of Huangala, Peru",177827941003.89227,us6000sq3j
2026-04-21 02:22:20.976000+00:00,2026-04-21,02:22:20,2026,5.2,123.657,0.3397,-78.2699,mww,"4 km N of Cotacachi, Ecuador",3981071705534.9854,us6000srr2
2026-04-23 14:39:36.636000+00:00,2026-04-23,14:39:36,2026,4.1,10.0,-0.6404,-80.0976,mb,"6 km N of Chone, Ecuador",89125093813.3744,us6000ssap
2026-04-29 06:12:14.369000+00:00,2026-04-29,06:12:14,2026,4.8,33.358,-5.626,-79.1298,mb,"20 km E of Sallique, Peru",1000000000000.0,us7000sgvu
2026-05-05 15:58:26.295000+00:00,2026-05-05,15:58:26,2026,4.9,43.212,-3.5486,-80.6904,mb,"14 km N of Zorritos, Peru",1412537544622.7554,us6000svc4
2026-05-06 22:06:49.679000+00:00,2026-05-06,22:06:49,2026,4.6,97.172,-2.2707,-79.1824,mb,"24 km NE of La Troncal, Ecuador",501187233627.2715,us6000svsx
2026-05-08 17:50:10.736000+00:00,2026-05-08,17:50:10,2026,4.4,10.0,-4.6273,-77.8472,mb,"122 km N of Yambrasbamba, Peru",251188643150.95822,us6000swaq
2026-05-23 08:44:52.458000+00:00,2026-05-23,08:44:52,2026,4.5,118.742,-2.6463,-77.5168,mb,"75 km ESE of Sucúa, Ecuador",354813389233.57605,us6000szp0
2026-05-27 06:27:36.900000+00:00,2026-05-27,06:27:36,2026,4.4,170.238,-1.6736,-77.8628,mb,"11 km ENE of Palora, Ecuador",251188643150.95822,us7000sntq
2026-06-09 18:17:24.756000+00:00,2026-06-09,18:17:24,2026,4.6,10.0,-5.9856,-75.1321,mb,"78 km ENE of Navarro, Peru",501187233627.2715,us7000srup
2026-06-13 06:35:39.995000+00:00,2026-06-13,06:35:39,2026,5.1,80.617,-4.5468,-80.0698,mww,"8 km WSW of Suyo, Peru",2818382931264.449,us7000ssms
2026-06-16 14:56:02.790000+00:00,2026-06-16,14:56:02,2026,4.0,10.0,0.5419,-80.2888,mb,"31 km WSW of Muisne, Ecuador",63095734448.019424,us7000stei
2026-07-09 23:42:59.846000+00:00,2026-07-09,23:42:59,2026,4.6,39.312,-2.7409,-80.8398,mb,"51 km WSW of Playas, Ecuador",501187233627.2715,us7000szbp
2026-07-27 04:38:58.348000+00:00,2026-07-27,04:38:58,2026,4.4,83.356,-2.049,-79.8886,mb,"14 km NNW of Eloy Alfaro, Ecuador",251188643150.95822,us7000t3lb
2026-07-31 01:10:00.736000+00:00,2026-07-31,01:10:00,2026,4.3,10.0,-0.6197,-80.9479,mb,"46 km NW of Manta, Ecuador",177827941003.89227,us6000th4p
2026-08-02 17:09:44.170000+00:00,2026-08-02,17:09:44,2026,4.3,140.288,-3.1069,-75.7595,mb,"85 km ENE of Alianza Cristiana, Peru",177827941003.89227,us6000thmt
2026-08-11 08:00:34.362000+00:00,2026-08-11,08:00:34,2026,4.6,39.674,-5.8682,-81.0116,mb,"40 km SSW of Sechura, Peru",501187233627.2715,us6000tjwd
