time,latitude,longitude,depth,mag,magType,nst,gap,dmin,rms,net,id,updated,place,type,horizontalError,depthError,magError,magNst,status,locationSource,magSource
1983-02-13T14:01:36.340Z,-4.965,-80.327,33,4.4,mb,,,,0.5,us,usp0001t0r,2014-11-07T00:32:41.110Z,"4 km SSE of Tambo Grande, Peru",earthquake,,,,4,reviewed,us,us
1983-02-18T08:55:46.910Z,-3.113,-79.053,105.1,5.1,mb,,,,1.1,us,usp0001t4y,2014-11-07T00:32:42.355Z,"24 km SSW of Cuenca, Ecuador",earthquake,,8.5,,16,reviewed,us,us
1983-02-27T01:20:26.360Z,-4.005,-76.404,126.6,4.2,mb,,,,1.2,us,usp0001tbv,2014-11-07T00:32:43.769Z,"58 km S of Alianza Cristiana, Peru",earthquake,,11.3,,1,reviewed,us,us
1983-03-15T17:15:36.080Z,0.587,-78.209,125.4,4.8,mb,,,,1.3,us,usp0001tp3,2014-11-07T00:32:49.414Z,"27 km NNW of Ibarra, Ecuador",earthquake,,8.4,,5,reviewed,us,us
1983-03-20T23:45:39.930Z,1.55,-79.626,33,4.6,mb,,,,1.5,us,usp0001tt4,2014-11-07T00:32:50.196Z,"65 km N of Esmeraldas, Ecuador",earthquake,,,,3,reviewed,us,us
1983-03-21T01:02:51.620Z,-3.81,-77.942,65.7,4.6,mb,,,,0.9,us,usp0001tt7,2014-11-07T00:32:50.202Z,"84 km ESE of Gualaquiza, Ecuador",earthquake,,9.1,,11,reviewed,us,us
1983-03-31T13:12:52.640Z,2.461,-76.686,22.2,5.5,mb,,,,1.2,us,usp0001u34,2022-04-28T00:11:32.999Z,"8 km WNW of Popayán, Colombia",earthquake,,4.1,,62,reviewed,us,us
1983-04-04T02:01:10.420Z,-5.58,-78.777,52.7,4.7,mb,,,,1.3,us,usp0001u5r,2014-11-07T00:32:55.453Z,"9 km ENE of Las Pirias, Peru",earthquake,,14.4,,4,reviewed,us,us
1983-04-12T12:07:54.520Z,-4.843,-78.103,104.2,7,mw,,,,1.2,us,usp0001uct,2022-04-28T00:06:31.555Z,"92 km NNE of La Peca, Peru",earthquake,,3.2,,,reviewed,us,nc
1983-04-13T15:00:33.760Z,-4.473,-81.98,33,4.9,mb,,,,0.8,us,usp0001udx,2014-11-07T00:32:58.783Z,"79 km W of Talara, Peru",earthquake,,,,12,reviewed,us,us
1983-04-15T10:08:20.540Z,-5.979,-75.663,118,5.6,mb,,,,0.9,us,usp0001ufz,2025-12-19T21:31:43.349Z,"40 km NNE of Navarro, Peru",earthquake,,3.3,,74,reviewed,us,us
1983-04-15T13:25:36.080Z,-3.712,-78.67,120,4.8,mb,,,,0.8,us,usp0001ug4,2014-11-07T00:32:59.192Z,"16 km NE of Yantzaza, Ecuador",earthquake,,,,9,reviewed,us,us
1983-04-27T21:06:00.880Z,-1.821,-77.679,32.8,4.9,mb,,,,1.2,us,usp0001uua,2014-11-07T00:33:02.390Z,"34 km ESE of Palora, Ecuador",earthquake,,12.9,,14,reviewed,us,us
1983-05-19T19:07:18.610Z,0.147,-77.122,22.7,5.7,mb,,,,0.9,us,usp0001vgk,2022-04-27T23:00:25.922Z,"26 km WNW of Nueva Loja, Ecuador",earthquake,,3.1,,72,reviewed,us,us
1983-06-01T12:23:50.280Z,-2.448,-79.348,57.2,4.9,mb,,,,1.1,us,usp0001vuu,2014-11-07T00:33:15.582Z,"2 km SSW of La Troncal, Ecuador",earthquake,,8.1,,12,reviewed,us,us
1983-06-12T04:15:27.170Z,0.279,-80.148,37,4.8,mb,,,,1,us,usp0001w1c,2014-11-07T00:33:19.056Z,"25 km NNW of Pedernales, Ecuador",earthquake,,6.8,,18,reviewed,us,us
1983-06-12T15:24:25.990Z,-3.801,-80.844,57.2,4.4,mb,,,,1.2,us,usp0001w1u,2014-11-07T00:33:19.153Z,"22 km SW of Zorritos, Peru",earthquake,,13.6,,4,reviewed,us,us
1983-07-21T06:46:02.870Z,-1.22,-80.908,34.4,5,mb,,,,1,us,usp0001wzj,2014-11-07T00:33:30.125Z,"33 km SW of Montecristi, Ecuador",earthquake,,,,23,reviewed,us,us
1983-07-21T07:03:31.370Z,-1.153,-80.738,33,4.8,mb,,,,0.9,us,usp0001wzk,2014-11-07T00:33:30.132Z,"14 km SW of Montecristi, Ecuador",earthquake,,,,11,reviewed,us,us
1983-08-04T07:44:25.420Z,-4.017,-76.583,99.4,4.9,mb,,,,0.9,us,usp0001xb3,2014-11-07T00:33:35.443Z,"62 km SSW of Alianza Cristiana, Peru",earthquake,,7.8,,11,reviewed,us,us
1983-08-06T14:20:43.700Z,-5.692,-80.021,33,4.7,mb,,,,0.8,us,usp0001xcq,2014-11-07T00:33:36.013Z,"15 km W of Pueblo Nuevo, Peru",earthquake,,,,3,reviewed,us,us
1983-08-21T15:47:17.230Z,-4.981,-76.011,129.9,4.6,mb,,,,0.9,us,usp0001xua,2014-11-07T00:33:39.251Z,"46 km NW of Lagunas, Peru",earthquake,,,,10,reviewed,us,us
1983-09-08T04:34:50.180Z,-1.569,-77.785,191.9,4.4,mb,,,,0.9,us,usp0001y6s,2014-11-07T00:33:45.862Z,"24 km NE of Palora, Ecuador",earthquake,,7.3,,5,reviewed,us,us
1983-09-11T03:08:45.410Z,2.734,-79.786,33,4.7,mb,,,,0.8,us,usp0001y90,2014-11-07T00:33:47.058Z,"146 km WNW of Salahonda, Colombia",earthquake,,,,7,reviewed,us,us
1983-09-14T08:35:17.240Z,-3.672,-79.245,94,5.6,mb,,,,1,us,usp0001ybv,2022-04-27T23:50:41.410Z,"35 km N of Loja, Ecuador",earthquake,,4,,72,reviewed,us,us
1983-10-11T10:05:36.660Z,-3.734,-79.07,86.1,5.1,mb,,,,1,us,usp0001yx6,2014-11-07T00:33:58.365Z,"32 km NNE of Loja, Ecuador",earthquake,,5.2,,22,reviewed,us,us
1983-10-17T12:53:59.900Z,-3.761,-77.593,105.3,4.8,mb,,,,1,us,usp0001z23,2014-11-07T00:33:59.939Z,"116 km ESE of Gualaquiza, Ecuador",earthquake,,6.2,,8,reviewed,us,us
1983-11-03T07:41:11.470Z,-4.014,-79.418,92.8,5.9,mw,,,,1,us,usp0001zhg,2022-04-27T23:43:54.978Z,"7 km WSW of Catamayo, Ecuador",earthquake,,,,,reviewed,us,nc
1983-11-08T06:52:46.330Z,-3.819,-79.127,96.8,4.6,mb,,,,1.1,us,usp0001zn9,2014-11-07T00:34:07.000Z,"21 km NNE of Loja, Ecuador",earthquake,,9,,6,reviewed,us,us
1983-11-13T22:38:45.680Z,-5.592,-77.056,29.2,5,mb,,,,0.9,us,usp0001zsz,2022-04-27T23:44:57.958Z,"49 km N of Moyobamba, Peru",earthquake,,6.8,,24,reviewed,us,us
1983-11-22T14:21:03.080Z,0.482,-79.877,54.9,6.6,mw,,,,1.2,us,usp0001zzs,2025-12-19T21:27:00.536Z,"21 km SE of Muisne, Ecuador",earthquake,,,,,reviewed,us,nc
1983-11-22T15:15:14.960Z,-5.006,-78.105,25.6,5.2,mb,,,,1,us,usp0001zzu,2022-04-27T23:45:41.157Z,"76 km NNE of La Peca, Peru",earthquake,,8.4,,20,reviewed,us,us
1983-11-25T22:56:25.880Z,-3.77,-76.309,114.7,5.5,mb,,,,0.9,us,usp000202b,2022-04-27T23:46:21.204Z,"35 km SSE of Alianza Cristiana, Peru",earthquake,,,,69,reviewed,us,us
1983-11-27T17:48:03.700Z,-4.894,-76.156,111,4.8,mb,,,,1.2,us,usp000203q,2014-11-07T00:34:09.680Z,"58 km E of Barranca, Peru",earthquake,,,,8,reviewed,us,us
1983-12-21T18:36:55.310Z,0.4,-79.907,39.9,5.2,mb,,,,1.1,us,usp00020pu,2022-04-27T23:42:04.610Z,"26 km SSE of Muisne, Ecuador",earthquake,,6.4,,32,reviewed,us,us
1983-12-24T08:35:38.040Z,-2.157,-78.774,33,4.5,mb,,,,0.8,us,usp00020s3,2014-11-07T00:34:17.169Z,"9 km ENE of Alausí, Ecuador",earthquake,,,,3,reviewed,us,us
1983-12-30T09:31:55.410Z,-2.091,-77.679,33,4.6,mb,,,,1.5,us,usp00020xb,2014-11-07T00:34:17.818Z,"53 km SE of Palora, Ecuador",earthquake,,,,6,reviewed,us,us
1984-01-13T02:29:00.990Z,-3.863,-78.494,102.9,5.7,mw,,,,0.9,us,usp000216k,2022-04-27T23:38:11.186Z,"29 km E of Yantzaza, Ecuador",earthquake,,3.5,,,reviewed,us,hrv
1984-01-17T16:19:03.360Z,-3.904,-81.425,18.2,5.6,mw,,,,0.8,us,usp00021b2,2022-04-27T23:38:41.612Z,"46 km NNW of El Alto, Peru",earthquake,,5.8,,,reviewed,us,hrv
1984-02-06T04:40:19.140Z,1.941,-80.074,33,4.7,mb,,,,1.5,us,usp00021te,2014-11-07T00:34:28.986Z,"118 km NNW of Esmeraldas, Ecuador",earthquake,,,,6,reviewed,us,us
1984-02-21T03:20:45.040Z,-1.543,-81.064,33,4.7,mb,,,,0.9,us,usp0002252,2014-11-07T00:34:31.380Z,"58 km WSW of Jipijapa, Ecuador",earthquake,,,,9,reviewed,us,us
1984-02-21T03:38:32.950Z,-1.532,-80.927,33,4.9,mb,,,,1.1,us,usp0002255,2014-11-07T00:34:31.387Z,"43 km WSW of Jipijapa, Ecuador",earthquake,,,,13,reviewed,us,us
1984-02-22T05:16:26.840Z,-4.025,-80.805,37.1,4.5,mb,,,,0.8,us,usp000225w,2014-11-07T00:34:31.500Z,"9 km NW of Papayal, Peru",earthquake,,,,7,reviewed,us,us
1984-03-06T21:40:04.930Z,-5.312,-77.266,120,4.8,mb,,,,0.7,us,usp00022ft,2014-11-07T00:34:36.925Z,"74 km N of Segunda Jerusalén - Azunguillo, Peru",earthquake,,3.6,,19,reviewed,us,us
1984-03-15T10:47:45.110Z,2.594,-79.801,33,4.5,mb,,,,0.9,us,usp00022p0,2014-11-07T00:34:38.132Z,"141 km WNW of Salahonda, Colombia",earthquake,,,,2,reviewed,us,us
1984-04-15T21:26:32.270Z,-3.682,-77.79,109.6,5.4,mw,,,,1,us,usp00023ke,2025-12-19T21:25:13.444Z,"93 km ESE of Gualaquiza, Ecuador",earthquake,,,,,reviewed,us,hrv
1984-04-22T18:57:37.820Z,-0.532,-78.047,33,4.6,mb,,,,1.5,us,usp00023t5,2014-11-07T00:34:47.364Z,"49 km NNW of Archidona, Ecuador",earthquake,,,,1,reviewed,us,us
1984-04-28T20:12:06.330Z,-1.776,-78.101,47.4,5.7,mw,,,,1.1,us,usp00023z1,2022-04-27T23:27:54.155Z,"17 km WSW of Palora, Ecuador",earthquake,,,,,reviewed,us,hrv
1984-04-28T21:43:47.000Z,-2.081,-78.692,33,4.9,mb,,,,1.2,us,usp00023z3,2014-11-07T00:34:48.300Z,"21 km NE of Alausí, Ecuador",earthquake,,,,4,reviewed,us,us
1984-05-13T23:53:29.650Z,-3.938,-80.831,34.7,5,mw,,,,1.1,us,usp00024c3,2022-04-27T23:23:41.827Z,"18 km NW of Papayal, Peru",earthquake,,,,,reviewed,us,hrv
1984-05-22T23:56:45.570Z,-2.401,-77.007,151.4,4.8,mb,,,,1.4,us,usp00024jv,2014-11-07T00:34:55.937Z,"123 km E of Macas, Ecuador",earthquake,,7.3,,5,reviewed,us,us
1984-05-25T02:57:53.160Z,-3.729,-77.123,115.9,4.5,mb,,,,1,us,usp00024m2,2014-11-07T00:34:56.123Z,"81 km WSW of Alianza Cristiana, Peru",earthquake,,6.6,,5,reviewed,us,us
1984-06-08T10:05:21.860Z,-5.075,-80.111,106,4.9,mb,,,,0.8,us,usp00024wq,2014-11-07T00:35:00.816Z,"6 km ENE of Chulucanas, Peru",earthquake,,6.9,,14,reviewed,us,us
1984-06-13T05:47:07.090Z,-1.81,-80.256,47.7,4.8,mb,,,,1.1,us,usp00024zu,2014-11-07T00:35:02.008Z,"2 km WNW of Pedro Carbo, Ecuador",earthquake,,,,12,reviewed,us,us
1984-07-29T06:02:29.140Z,-5.288,-76.598,36.8,4.4,mb,,,,1.3,us,usp0002626,2014-11-07T00:35:13.243Z,"51 km S of Barranca, Peru",earthquake,,12.5,,3,reviewed,us,us
1984-07-30T02:47:20.800Z,2.284,-78.958,61.6,4.7,mb,,,,1.2,us,usp000263b,2014-11-07T00:35:13.354Z,"42 km NW of Salahonda, Colombia",earthquake,,7.4,,14,reviewed,us,us
1984-07-30T04:27:25.150Z,2.295,-78.997,19.2,5.2,mw,,,,1,us,usp000263d,2022-04-27T23:18:29.240Z,"46 km NW of Salahonda, Colombia",earthquake,,7.9,,,reviewed,us,hrv
1984-09-06T19:10:00.330Z,-3.645,-79.64,82.7,5.4,mb,,,,1,us,usp000274e,2022-04-27T23:12:00.232Z,"6 km NNW of Zaruma, Ecuador",earthquake,,,,46,reviewed,us,us
1984-09-12T01:04:58.430Z,2.609,-79.562,33,4.5,mb,,,,0.7,us,usp00027af,2014-11-07T00:35:26.328Z,"118 km WNW of Salahonda, Colombia",earthquake,,,,4,reviewed,us,us
1984-09-17T07:36:34.810Z,1.17,-75.253,33,4.3,mb,,,,1.2,us,usp00027fb,2014-11-07T00:35:27.138Z,"31 km ESE of Milán, Colombia",earthquake,,,,3,reviewed,us,us
1984-10-26T16:12:47.180Z,2.922,-76.304,162.6,4.5,mb,,,,1.2,us,usp00028hq,2014-11-07T00:35:36.629Z,"5 km SW of Toribío, Colombia",earthquake,,9.5,,6,reviewed,us,us
1984-11-13T14:03:15.850Z,1.978,-76.011,16.5,5.1,mb,,,,1,us,usp000291a,2022-04-27T23:07:13.878Z,"3 km ESE of Saladoblanco, Colombia",earthquake,,5.8,,46,reviewed,us,us
1984-11-20T14:26:27.030Z,-3.279,-80.612,33,4.7,mb,,,,0.9,us,usp0002984,2014-11-07T00:35:43.917Z,"36 km NNW of Tumbes, Peru",earthquake,,,,8,reviewed,us,us
1984-12-27T08:07:44.070Z,-1.424,-77.818,185.6,4.7,mb,,,,1,us,usp0002af3,2014-11-07T00:35:54.517Z,"21 km ENE of Puyo, Ecuador",earthquake,,5.5,,11,reviewed,us,us
1985-01-08T08:57:26.600Z,-1.503,-77.693,196.4,4.5,mb,,,,0.9,us,usp0002av4,2014-11-07T00:36:00.972Z,"34 km E of Puyo, Ecuador",earthquake,,13.4,,5,reviewed,us,us
1985-01-09T10:28:21.910Z,2.609,-79.637,33,4.9,mb,,,,1.1,us,usp0002aw7,2014-11-07T00:36:01.109Z,"125 km WNW of Salahonda, Colombia",earthquake,,,,15,reviewed,us,us
1985-01-11T09:43:04.170Z,-1.692,-79.81,33,4.4,mb,,,,0.7,us,usp0002aya,2014-11-07T00:36:01.456Z,"16 km SSW of Vinces, Ecuador",earthquake,,,,3,reviewed,us,us
1985-01-30T02:26:00.850Z,-5.767,-80.288,43.9,4.9,mb,,,,1.1,us,usp0002bft,2014-11-07T00:36:04.569Z,"45 km W of Pueblo Nuevo, Peru",earthquake,,,,13,reviewed,us,us
1985-02-04T10:50:27.220Z,-3.64,-78.004,124,5,mb,,,,0.8,us,usp0002bme,2014-11-07T00:36:08.464Z,"69 km ESE of Gualaquiza, Ecuador",earthquake,,5.7,,31,reviewed,us,us
1985-02-05T08:56:09.290Z,-3.634,-80.607,33,4.2,mb,,,,0.8,us,usp0002bn6,2014-11-07T00:36:08.658Z,"9 km ENE of Zorritos, Peru",earthquake,,,,3,reviewed,us,us
1985-02-10T14:27:44.250Z,-1.558,-77.668,194.3,4.6,mb,,,,0.9,us,usp0002bsj,2014-11-07T00:36:10.058Z,"36 km ENE of Palora, Ecuador",earthquake,,6.8,,7,reviewed,us,us
1985-02-14T03:24:14.770Z,-4.917,-75.902,68.4,4.5,mb,,,,1.2,us,usp0002bw2,2014-11-07T00:36:10.540Z,"42 km NW of Lagunas, Peru",earthquake,,19.7,,1,reviewed,us,us
1985-03-07T02:54:35.040Z,2.334,-78.971,41.2,4,mb,,,,0.8,us,usp0002cj2,2014-11-07T00:36:17.329Z,"47 km NW of Salahonda, Colombia",earthquake,,14.9,,1,reviewed,us,us
1985-03-08T21:45:21.340Z,-2.937,-75.413,159.7,4.9,mb,,,,1,us,usp0002ckm,2014-11-07T00:36:17.566Z,"128 km ENE of Alianza Cristiana, Peru",earthquake,,5.9,,41,reviewed,us,us
1985-03-17T07:14:07.200Z,-4.451,-80.843,54.2,5,mb,,,,1.1,us,usp0002cz1,2014-11-07T00:36:19.169Z,"21 km SSE of La Breita, Peru",earthquake,,13,,17,reviewed,us,us
1985-03-18T22:57:35.220Z,-1.356,-77.813,182.1,4.3,mb,,,,0.9,us,usp0002d0u,2014-11-07T00:36:19.412Z,"25 km NE of Puyo, Ecuador",earthquake,,5.5,,19,reviewed,us,us
1985-04-10T20:15:36.610Z,1.56,-77.017,10,5.2,mw,,,,1.4,us,usp0002dpb,2022-04-27T22:48:53.636Z,"5 km SE of Belén, Colombia",earthquake,,,,,reviewed,us,hrv
1985-04-13T02:32:56.750Z,-3.872,-79.867,33,4.3,mb,,,,0.8,us,usp0002drq,2014-11-07T00:36:26.596Z,"27 km NNE of Celica, Ecuador",earthquake,,,,2,reviewed,us,us
1985-04-21T17:39:49.500Z,-0.501,-80.51,33,4.6,mb,,,,1.2,us,usp0002e0b,2014-11-07T00:36:27.722Z,"14 km NW of Bahía de Caráquez, Ecuador",earthquake,,,,6,reviewed,us,us
1985-05-29T16:45:01.110Z,-0.186,-80.72,33,4.3,mb,,,,0.6,us,usp0002fad,2014-11-07T00:36:37.353Z,"56 km NW of Bahía de Caráquez, Ecuador",earthquake,,,,1,reviewed,us,us
1985-06-01T10:39:34.090Z,-2.516,-78.641,104.3,4.7,mb,,,,1.3,us,usp0002fdm,2014-11-07T00:36:39.775Z,"33 km E of Cañar, Ecuador",earthquake,,13.5,,3,reviewed,us,us
1985-06-24T16:20:09.630Z,-1.896,-78.102,33,5.2,mb,,,,1,us,usp0002g45,2022-04-27T22:46:20.488Z,"26 km SW of Palora, Ecuador",earthquake,,,,29,reviewed,us,us
1985-06-24T22:05:50.970Z,-0.374,-80.244,33,4.4,mb,,,,1.5,us,usp0002g4c,2014-11-07T00:36:45.456Z,"31 km NE of Bahía de Caráquez, Ecuador",earthquake,,,,2,reviewed,us,us
1985-06-25T05:08:10.670Z,-1.155,-78.507,33,4.5,mb,,,,1.2,us,usp0002g4k,2014-11-07T00:36:45.494Z,"4 km ENE of Píllaro, Ecuador",earthquake,,,,3,reviewed,us,us
1985-06-25T20:00:44.600Z,-0.211,-80.426,33,4.2,mb,,,,0.8,us,usp0002g58,2014-11-07T00:36:45.563Z,"42 km N of Bahía de Caráquez, Ecuador",earthquake,,,,1,reviewed,us,us
1985-06-26T02:36:20.400Z,-0.501,-80.495,33,4.5,mb,,,,1.3,us,usp0002g5n,2014-11-07T00:36:45.590Z,"13 km NW of Bahía de Caráquez, Ecuador",earthquake,,,,3,reviewed,us,us
1985-07-03T23:27:36.490Z,-3.293,-80.659,33,4.8,ms,,,,0.9,us,usp0002gde,2014-11-07T00:36:49.734Z,"38 km NW of Tumbes, Peru",earthquake,,,,1,reviewed,us,us
1985-07-26T17:56:58.440Z,-5.378,-78.653,18.4,5.3,mw,,,,0.9,us,usp0002h3v,2022-04-27T22:44:28.334Z,"31 km N of Bellavista, Peru",earthquake,,8.6,,,reviewed,us,hrv
1985-08-13T12:54:36.780Z,-2.008,-77.204,159.4,4.8,mb,,,,0.9,us,usp0002hpq,2014-11-07T00:37:00.678Z,"91 km ESE of Palora, Ecuador",earthquake,,,,40,reviewed,us,us
1985-08-27T14:52:12.300Z,-1.59,-77.946,169.1,4.3,mb,,,,1.1,us,usp0002j6k,2014-11-07T00:37:03.588Z,"12 km N of Palora, Ecuador",earthquake,,12,,2,reviewed,us,us
1985-08-28T18:44:00.240Z,-0.906,-79.279,33,4.8,mb,,,,1.1,us,usp0002j7q,2014-11-07T00:37:03.694Z,"7 km WNW of La Maná, Ecuador",earthquake,,,,4,reviewed,us,us
1985-09-10T04:53:36.500Z,-4.816,-76.75,128,5,mb,,,,0.7,us,usp0002jkg,2014-11-07T00:37:08.803Z,"8 km WNW of Barranca, Peru",earthquake,,5.3,,41,reviewed,us,us
1985-09-27T08:54:43.800Z,-5.199,-77.249,122.4,4.7,mb,,,,1.1,us,usp0002k6h,2014-11-07T00:37:12.844Z,"75 km WSW of Barranca, Peru",earthquake,,15.1,,4,reviewed,us,us
1985-10-03T03:15:44.150Z,2.125,-79.348,33,4.4,mb,,,,1.1,us,usp0002kdq,2014-11-07T00:37:16.628Z,"71 km WNW of Tumaco, Colombia",earthquake,,,,3,reviewed,us,us
1985-10-03T04:50:02.670Z,1.592,-79.621,10,4.7,mb,,,,1.3,us,usp0002kdt,2014-11-07T00:37:16.638Z,"70 km N of Esmeraldas, Ecuador",earthquake,,,,8,reviewed,us,us
1985-10-09T03:48:33.000Z,-5.475,-78.568,68.2,4.7,mb,,,,1.1,us,usp0002km7,2014-11-07T00:37:18.609Z,"21 km NW of La Peca, Peru",earthquake,,18.6,,3,reviewed,us,us
1985-10-21T22:03:30.950Z,-1.563,-77.648,192.2,4.6,mb,,,,0.6,us,usp0002m0c,2014-11-07T00:37:20.346Z,"38 km ENE of Palora, Ecuador",earthquake,,6.8,,9,reviewed,us,us
1985-10-24T08:25:05.230Z,0.214,-79.227,95.7,4.7,mb,,,,1.4,us,usp0002m31,2014-11-07T00:37:20.673Z,"30 km ESE of Rosa Zarate, Ecuador",earthquake,,13.4,,2,reviewed,us,us
1985-11-12T15:12:11.390Z,-1.451,-77.736,194.3,5,mb,,,,1.1,us,usp0002mq2,2014-11-07T00:37:27.949Z,"29 km E of Puyo, Ecuador",earthquake,,9.6,,3,reviewed,us,us
1985-11-26T19:02:23.980Z,-3.165,-77.042,33,4.9,mb,,,,0.3,us,usp0002n8j,2014-11-07T00:37:30.802Z,"75 km WNW of Alianza Cristiana, Peru",earthquake,,,,3,reviewed,us,us
1985-12-03T21:06:07.120Z,-5.793,-81.835,33,4.7,mb,,,,0.4,us,usp0002nh5,2014-11-07T00:37:35.079Z,"111 km SW of Paita, Peru",earthquake,,,,2,reviewed,us,us
1985-12-07T00:06:54.620Z,-2.008,-80.868,44.9,5,mb,,,,1.1,us,usp0002nmg,2014-11-07T00:37:36.443Z,"24 km N of Santa Elena, Ecuador",earthquake,,13.9,,15,reviewed,us,us
1985-12-12T17:32:36.620Z,-1.754,-77.817,162,4.7,mb,,,,0.8,us,usp0002ntc,2014-11-07T00:37:37.364Z,"17 km ESE of Palora, Ecuador",earthquake,,4.5,,33,reviewed,us,us
1985-12-15T06:03:30.950Z,-1.165,-76.174,33,4,mb,,,,1.4,us,usp0002nw3,2014-11-07T00:37:37.692Z,"112 km WSW of Pantoja, Peru",earthquake,,,,1,reviewed,us,us
1985-12-20T02:33:02.980Z,-2.476,-78.794,106.2,4.4,mb,,,,1.1,us,usp0002p3q,2014-11-07T00:37:38.757Z,"18 km ENE of Cañar, Ecuador",earthquake,,10.8,,3,reviewed,us,us
1985-12-29T13:11:39.750Z,2.382,-79.263,33,4.2,mb,,,,1,us,usp0002pjg,2014-11-07T00:37:41.314Z,"77 km WNW of Salahonda, Colombia",earthquake,,,,5,reviewed,us,us
1986-01-12T06:38:20.590Z,-3.981,-79.404,96,5.3,mw,,,,1.1,us,usp0002pzr,2025-12-19T21:19:15.183Z,"5 km W of Catamayo, Ecuador",earthquake,,7,,,reviewed,us,hrv
1986-01-19T08:03:26.630Z,0.555,-80.041,33,5,mw,,,,1.2,us,usp0002q7f,2022-04-27T22:26:50.117Z,"6 km SSW of Muisne, Ecuador",earthquake,,,,,reviewed,us,hrv
1986-01-28T06:51:45.490Z,-1.838,-77.457,164.2,5.4,mw,,,,0.9,us,usp0002qgz,2025-12-19T21:19:19.866Z,"58 km ESE of Palora, Ecuador",earthquake,,,,,reviewed,us,hrv
1986-01-30T19:24:52.840Z,-5.795,-81.012,33,4.3,mb,,,,1,us,usp0002qk5,2014-11-07T00:37:49.523Z,"33 km SW of Sechura, Peru",earthquake,,,,2,reviewed,us,us
1986-02-22T18:47:21.310Z,-2.092,-78.297,33,4.8,mb,,,,1.3,us,usp0002r7j,2014-11-07T00:37:56.465Z,"31 km NW of Macas, Ecuador",earthquake,,,,4,reviewed,us,us
1986-03-24T21:38:05.520Z,-1.917,-78.211,33,4.8,mb,,,,1.1,us,usp0002s7t,2014-11-07T00:38:05.543Z,"36 km SW of Palora, Ecuador",earthquake,,,,3,reviewed,us,us
1986-03-28T21:19:22.930Z,-1.538,-78.063,164,4.9,mb,,,,0.8,us,usp0002scq,2014-11-07T00:38:06.218Z,"9 km SW of Puyo, Ecuador",earthquake,,,,31,reviewed,us,us
1986-04-02T06:49:30.450Z,-4.152,-80.852,33,4.7,mb,,,,1.1,us,usp0002sjr,2014-11-07T00:38:09.402Z,"12 km NNE of La Breita, Peru",earthquake,,,,9,reviewed,us,us
1986-04-18T02:03:53.000Z,-2.662,-78.469,110.7,4.3,mb,,,,1.3,us,usp0002t00,2014-11-07T00:38:14.481Z,"39 km SW of Sucúa, Ecuador",earthquake,,14.3,,4,reviewed,us,us
1986-04-23T20:27:12.720Z,-3.868,-80.983,46.2,5.3,mw,,,,0.9,us,usp0002t4x,2022-04-27T22:19:39.036Z,"27 km NNE of Máncora, Peru",earthquake,,,,,reviewed,us,hrv
1986-05-13T23:10:55.900Z,-1.963,-78.495,129.4,4.2,mb,,,,0.6,us,usp0002tz7,2014-11-07T00:38:23.531Z,"36 km SSE of Riobamba, Ecuador",earthquake,,11,,2,reviewed,us,us
1986-05-16T05:40:10.290Z,-2.223,-76.591,211.5,4.2,mb,,,,1,us,usp0002u27,2014-11-07T00:38:23.953Z,"139 km N of Alianza Cristiana, Peru",earthquake,,43.3,,1,reviewed,us,us
1986-05-17T05:01:38.200Z,2.183,-79.745,10,4.6,mb,,,,1.2,us,usp0002u3c,2014-11-07T00:38:24.078Z,"114 km WNW of Tumaco, Colombia",earthquake,,,,4,reviewed,us,us
1986-05-21T03:56:56.280Z,-3.454,-76.697,120.5,4.9,mb,,,,1,us,usp0002u8e,2014-11-07T00:38:25.217Z,"29 km W of Alianza Cristiana, Peru",earthquake,,6.6,,18,reviewed,us,us
1986-05-24T17:01:17.120Z,-1.437,-77.785,178.8,4.5,mb,,,,0.8,us,usp0002ucv,2014-11-07T00:38:25.833Z,"24 km ENE of Puyo, Ecuador",earthquake,,4.7,,29,reviewed,us,us
1986-06-07T12:26:25.370Z,-5.391,-76.932,125.8,5,mb,,,,0.9,us,usp0002uvk,2014-11-07T00:38:31.844Z,"67 km SSW of Barranca, Peru",earthquake,,,,44,reviewed,us,us
1986-06-12T18:16:20.740Z,-2.328,-79.866,87.7,4.6,mb,,,,1.1,us,usp0002v0d,2014-11-07T00:38:32.631Z,"14 km S of Guayaquil, Ecuador",earthquake,,12.3,,5,reviewed,us,us
1986-06-27T21:07:56.860Z,0.061,-77.384,33,4.3,mb,,,,1.1,us,usp0002vfs,2014-11-07T00:38:35.290Z,"54 km W of Nueva Loja, Ecuador",earthquake,,,,2,reviewed,us,us
1986-07-11T02:39:55.760Z,-5.048,-81.809,80.5,4.6,mb,,,,1.4,us,usp0002vx8,2014-11-07T00:38:40.975Z,"77 km W of Paita, Peru",earthquake,,,,7,reviewed,us,us
1986-07-13T10:26:07.160Z,-0.607,-77.957,5,4.9,mb,,,,1.1,us,usp0002vzh,2014-11-07T00:38:41.328Z,"37 km NNW of Archidona, Ecuador",earthquake,,,,10,reviewed,us,us
1986-07-13T19:02:41.630Z,-3.114,-77.603,117.8,4.6,mb,,,,1.1,us,usp0002w04,2014-11-07T00:38:41.435Z,"96 km SE of Sucúa, Ecuador",earthquake,,9.1,,18,reviewed,us,us
1986-07-29T09:56:24.500Z,-2.259,-77.912,189.7,4.4,mb,,,,1.2,us,usp0002wnx,2014-11-07T00:38:45.044Z,"22 km ENE of Macas, Ecuador",earthquake,,33.4,,1,reviewed,us,us
1986-08-21T11:46:08.000Z,-1.612,-77.914,131.9,4.4,mb,,,,0.6,us,usp0002xcv,2014-11-07T00:38:53.018Z,"11 km NNE of Palora, Ecuador",earthquake,,31,,3,reviewed,us,us
1986-08-27T23:44:17.140Z,-4.567,-76.149,125.3,4.7,mb,,,,1,us,usp0002xkw,2014-11-07T00:38:53.938Z,"65 km ENE of Barranca, Peru",earthquake,,,,19,reviewed,us,us
1986-09-03T23:58:50.850Z,-1.798,-77.735,166.9,4.4,mb,,,,0.5,us,usp0002xtc,2014-11-07T00:38:58.144Z,"27 km ESE of Palora, Ecuador",earthquake,,27.8,,3,reviewed,us,us
1986-09-07T18:34:08.110Z,-2.428,-77.659,33,4,mb,,,,0.8,us,usp0002xws,2014-11-07T00:38:59.216Z,"52 km ESE of Macas, Ecuador",earthquake,,,,2,reviewed,us,us
1986-09-13T04:25:42.590Z,1.962,-79.525,33,4.4,mb,,,,1.1,us,usp0002y1f,2014-11-07T00:39:00.438Z,"83 km WNW of Tumaco, Colombia",earthquake,,,,4,reviewed,us,us
1986-09-20T07:01:34.830Z,-5.045,-76.905,132.1,4.5,mb,,,,1.1,us,usp0002y81,2014-11-07T00:39:02.083Z,"34 km SW of Barranca, Peru",earthquake,,12.4,,1,reviewed,us,us
1986-10-12T08:07:12.000Z,-4.915,-77.25,135.9,4.4,mb,,,,1.1,us,usp0002yvt,2014-11-07T00:39:08.852Z,"64 km W of Barranca, Peru",earthquake,,11.4,,2,reviewed,us,us
1986-10-28T18:42:24.080Z,-2.567,-79.736,33,4.8,mb,,,,0.9,us,usp0002zfd,2014-11-07T00:39:12.287Z,"17 km NW of Naranjal, Ecuador",earthquake,,,,6,reviewed,us,us
1986-10-31T01:11:14.820Z,-2.219,-76.458,175,4.3,mb,,,,1.1,us,usp0002zhe,2014-11-07T00:39:13.124Z,"138 km N of Alianza Cristiana, Peru",earthquake,,10.5,,3,reviewed,us,us
1986-11-01T01:12:37.810Z,-1.582,-77.429,222.3,4.4,mb,,,,1.1,us,usp0002zj6,2014-11-07T00:39:14.552Z,"61 km ENE of Palora, Ecuador",earthquake,,14.9,,3,reviewed,us,us
1986-11-06T03:34:31.010Z,-1.174,-78.449,33,4.6,mb,,,,1.2,us,usp0002zqt,2014-11-07T00:39:19.328Z,"10 km E of Píllaro, Ecuador",earthquake,,,,1,reviewed,us,us
1986-11-19T01:14:53.010Z,-1.579,-77.416,202.2,4.7,mb,,,,1.1,us,usp000305a,2014-11-07T00:39:21.670Z,"62 km ENE of Palora, Ecuador",earthquake,,10.4,,2,reviewed,us,us
1986-11-22T15:00:27.920Z,-0.014,-79.854,33,4.9,mb,,,,1.2,us,usp000309v,2014-11-07T00:39:22.408Z,"24 km ESE of Pedernales, Ecuador",earthquake,,,,11,reviewed,us,us
1986-11-23T01:39:23.900Z,-3.342,-77.411,105.7,6.8,mw,,,,0.9,us,usp00030ah,2022-04-27T22:01:07.907Z,"109 km W of Alianza Cristiana, Peru",earthquake,,,,,reviewed,us,nc
1986-11-23T16:30:05.330Z,-0.247,-78.481,33,5.3,mb,,,,1.2,us,usp00030b5,2014-11-07T00:39:22.685Z,"5 km ESE of Quito, Ecuador",earthquake,,,,1,reviewed,us,us
1986-12-16T06:07:34.570Z,2.737,-79.798,33,3.6,mb,,,,1.1,us,usp00030wr,2014-11-07T00:39:29.803Z,"148 km WNW of Salahonda, Colombia",earthquake,,,,1,reviewed,us,us
1986-12-25T21:02:54.270Z,-4.865,-76.359,121.4,4.8,mb,,,,0.7,us,usp0003154,2014-11-07T00:39:31.341Z,"35 km E of Barranca, Peru",earthquake,,,,23,reviewed,us,us
1986-12-28T05:27:17.600Z,-4.441,-76.991,141.2,4.6,mb,,,,0.9,us,usp000317e,2014-11-07T00:39:32.118Z,"55 km NW of Barranca, Peru",earthquake,,9.9,,10,reviewed,us,us
1987-01-08T08:52:03.920Z,-3.521,-78.208,33,4.6,mb,,,,1,us,usp00031gg,2014-11-07T00:39:38.230Z,"43 km ESE of Gualaquiza, Ecuador",earthquake,,,,2,reviewed,us,us
1987-01-15T22:37:46.400Z,-2.745,-79.698,33,4.6,mb,,,,0.7,us,usp00031q0,2014-11-07T00:39:39.485Z,"11 km SW of Naranjal, Ecuador",earthquake,,,,2,reviewed,us,us
1987-01-21T16:35:12.620Z,-1.049,-77.631,138,4.3,mb,,,,1.4,us,usp00031ts,2014-11-07T00:39:40.173Z,"21 km ESE of Tena, Ecuador",earthquake,,,,4,reviewed,us,us
1987-01-28T15:04:25.220Z,2.723,-79.719,33,4.7,mb,,,,0.9,us,usp00031zx,2014-11-07T00:39:41.095Z,"139 km WNW of Salahonda, Colombia",earthquake,,,,16,reviewed,us,us
1987-02-11T22:22:59.820Z,2.834,-79.63,10,4.4,mb,,,,1.5,us,usp00032dh,2014-11-07T00:39:51.326Z,"135 km WNW of Mosquera, Colombia",earthquake,,,,4,reviewed,us,us
1987-03-05T11:08:21.860Z,-5.922,-78.969,33,5,mb,,,,0.9,us,usp0003309,2014-11-07T00:40:00.585Z,"12 km ENE of Colasay, Peru",earthquake,,,,4,reviewed,us,us
1987-03-06T01:54:50.490Z,0.048,-77.653,14.1,6.4,mw,,,,0.9,us,usp000330t,2022-04-27T21:48:49.089Z,"49 km SE of Pimampiro, Ecuador",earthquake,,,,,reviewed,us,nc
1987-03-06T04:10:41.960Z,0.151,-77.821,10,7.2,mw,,,,1.2,us,usp000330w,2022-04-27T21:48:50.431Z,"29 km SSE of Pimampiro, Ecuador",earthquake,,,,,reviewed,us,hrv
1987-03-06T04:17:30.070Z,-0.22,-77.6,10,5.5,mb,,,,1.3,us,usp000330x,2020-08-28T21:05:13.607Z,"67 km ESE of Cayambe, Ecuador",earthquake,,,,33,reviewed,us,us
1987-03-06T06:33:03.690Z,-0.055,-77.629,10,5.2,mb,,,,1,us,usp0003312,2022-04-27T21:48:51.743Z,"58 km E of Cayambe, Ecuador",earthquake,,,,50,reviewed,us,us
1987-03-06T08:14:48.080Z,0.022,-77.927,8.5,6,mw,,,,1.2,us,usp0003315,2022-04-27T21:48:54.789Z,"24 km E of Cayambe, Ecuador",earthquake,,,,,reviewed,us,hrv
1987-03-06T12:40:05.030Z,-0.152,-77.565,12.2,4.9,mb,,,,1.3,us,usp000331d,2014-11-07T00:40:01.647Z,"68 km ESE of Cayambe, Ecuador",earthquake,,,,9,reviewed,us,us
1987-03-06T13:49:52.350Z,0.14,-77.268,10,4.7,mb,,,,1.1,us,usp000331f,2014-11-07T00:40:01.732Z,"41 km W of Nueva Loja, Ecuador",earthquake,,,,7,reviewed,us,us
1987-03-07T19:16:32.230Z,-0.208,-77.716,10,4.3,mb,,,,1.4,us,usp000332x,2014-11-07T00:40:02.212Z,"55 km ESE of Cayambe, Ecuador",earthquake,,,,5,reviewed,us,us
1987-03-07T22:58:14.080Z,-0.138,-77.533,10,4.7,mb,,,,1.3,us,usp0003334,2014-11-07T00:40:02.308Z,"70 km WNW of Puerto Francisco de Orellana, Ecuador",earthquake,,,,12,reviewed,us,us
1987-03-08T22:41:55.740Z,-5.308,-80.909,33,4.7,mb,,,,1.3,us,usp0003342,2014-11-07T00:40:02.529Z,"18 km WNW of Tablazo Norte, Peru",earthquake,,,,10,reviewed,us,us
1987-03-09T09:25:28.750Z,-0.561,-78.797,10,4.7,mb,,,,1.4,us,usp000334g,2014-11-07T00:40:02.590Z,"26 km WSW of Machachi, Ecuador",earthquake,,,,11,reviewed,us,us
1987-03-10T01:35:28.550Z,-0.187,-77.948,10,4.8,mb,,,,1,us,usp0003358,2014-11-07T00:40:02.790Z,"33 km SE of Cayambe, Ecuador",earthquake,,,,10,reviewed,us,us
1987-03-10T06:38:56.550Z,-0.267,-77.95,10,4.7,mb,,,,1.3,us,usp000335j,2014-11-07T00:40:02.889Z,"40 km SSE of Cayambe, Ecuador",earthquake,,,,10,reviewed,us,us
1987-03-10T14:59:23.420Z,-0.268,-77.733,10,4.7,mb,,,,1,us,usp000335w,2014-11-07T00:40:02.954Z,"57 km SE of Cayambe, Ecuador",earthquake,,,,12,reviewed,us,us
1987-03-12T11:02:28.290Z,-3.861,-81.444,33.4,5.2,mw,,,,0.9,us,usp000337x,2022-04-27T21:49:21.342Z,"51 km NNW of El Alto, Peru",earthquake,,9.4,,,reviewed,us,hrv
1987-03-16T07:31:49.740Z,-0.1,-77.776,10,4.3,mb,,,,1.4,us,usp00033by,2020-08-28T21:07:26.805Z,"43 km ESE of Cayambe, Ecuador",earthquake,,,,6,reviewed,us,us
1987-03-24T15:53:01.840Z,-0.043,-77.752,10,3.7,mb,,,,0.8,us,usp00033kt,2014-11-07T00:40:06.849Z,"44 km ESE of Cayambe, Ecuador",earthquake,,,,1,reviewed,us,us
1987-04-13T12:15:24.640Z,-4.969,-78.553,33,4.6,mb,,,,0.8,us,usp000344m,2014-11-07T00:40:14.198Z,"53 km ENE of San Ignacio, Peru",earthquake,,,,3,reviewed,us,us
1987-04-26T10:07:18.000Z,-0.961,-80.858,33,4,mb,,,,0.7,us,usp00034g8,2014-11-07T00:40:17.431Z,"16 km W of Manta, Ecuador",earthquake,,,,1,reviewed,us,us
1987-05-11T01:32:29.730Z,-2.089,-77.414,163,4.4,mb,,,,1,us,usp00034wr,2014-11-07T00:40:24.261Z,"74 km SE of Palora, Ecuador",earthquake,,6.6,,23,reviewed,us,us
1987-05-14T16:04:26.430Z,-5.644,-81.377,28.6,6,mw,,,,1,us,usp0003507,2022-04-27T21:46:02.530Z,"62 km W of Sechura, Peru",earthquake,,,,,reviewed,us,hrv
1987-05-20T23:41:22.720Z,-2.007,-77.585,167.6,4.9,mb,,,,0.9,us,usp0003556,2014-11-07T00:40:25.736Z,"54 km SE of Palora, Ecuador",earthquake,,5.2,,38,reviewed,us,us
1987-06-06T06:25:08.520Z,-3.155,-80.873,41.7,4.6,mb,,,,1,us,usp00035jk,2014-11-07T00:40:30.946Z,"62 km NNW of Zorritos, Peru",earthquake,,,,9,reviewed,us,us
1987-06-07T15:18:04.850Z,-1.676,-77.741,182.6,4.3,mb,,,,1.1,us,usp00035m5,2014-11-07T00:40:31.634Z,"25 km E of Palora, Ecuador",earthquake,,18,,8,reviewed,us,us
1987-06-11T18:52:19.780Z,-2.795,-76.545,121.7,4.6,mb,,,,1.3,us,usp00035qe,2014-11-07T00:40:32.165Z,"76 km N of Alianza Cristiana, Peru",earthquake,,13.5,,4,reviewed,us,us
1987-07-17T02:34:33.110Z,-2.976,-80.644,33,4.7,mb,,,,0.9,us,usp00036q3,2014-11-07T00:40:41.226Z,"47 km SW of Playas, Ecuador",earthquake,,,,6,reviewed,us,us
1987-07-31T19:05:46.520Z,-1.314,-80.589,33,4.8,mb,,,,1.2,us,usp000373m,2014-11-07T00:40:43.090Z,"4 km NNW of Jipijapa, Ecuador",earthquake,,,,7,reviewed,us,us
1987-08-15T13:46:37.900Z,-1.165,-78.093,58.7,4.6,mb,,,,1.2,us,usp00037jk,2014-11-07T00:40:48.854Z,"36 km WSW of Tena, Ecuador",earthquake,,14.7,,6,reviewed,us,us
1987-09-06T06:54:00.260Z,-1.497,-77.487,197.9,4.4,mb,,,,0.9,us,usp000384w,2014-11-07T00:40:54.803Z,"57 km E of Puyo, Ecuador",earthquake,,16.7,,5,reviewed,us,us
1987-09-07T20:59:06.000Z,-2.972,-81.898,10,4.8,mb,,,,1.3,us,usp000386q,2014-11-07T00:40:55.320Z,"134 km SW of Salinas, Ecuador",earthquake,,,,9,reviewed,us,us
1987-09-22T13:43:37.680Z,-0.978,-78.05,10,6.4,mw,,,,1,us,usp00038m3,2022-04-27T21:36:01.235Z,"26 km W of Tena, Ecuador",earthquake,,,,,reviewed,us,hrv
1987-09-22T15:49:12.760Z,-0.905,-79.403,33,3.8,mb,,,,1.3,us,usp00038m7,2014-11-07T00:40:57.674Z,"15 km NNE of Quevedo, Ecuador",earthquake,,,,1,reviewed,us,us
1987-09-22T16:21:35.130Z,-1.082,-78.127,10,6,mw,,,,1.1,us,usp00038mb,2022-04-27T21:36:02.477Z,"36 km WSW of Tena, Ecuador",earthquake,,,,,reviewed,us,hrv
1987-09-23T06:40:09.640Z,-1.138,-79.197,33,4,mb,,,,1.3,us,usp00038ms,2014-11-07T00:40:57.820Z,"22 km S of La Maná, Ecuador",earthquake,,,,2,reviewed,us,us
1987-09-26T14:58:43.290Z,-1.014,-77.944,57.6,3.9,mb,,,,0.9,us,usp00038r5,2014-11-07T00:40:58.237Z,"14 km W of Tena, Ecuador",earthquake,,17.5,,1,reviewed,us,us
1987-10-19T12:34:30.880Z,-2.808,-80.147,33,4.7,mb,,,,1.4,us,usp00039dp,2014-11-07T00:41:05.787Z,"33 km SE of Playas, Ecuador",earthquake,,,,2,reviewed,us,us
1987-10-23T15:49:57.270Z,-1.115,-77.964,33,4.4,mb,,,,1.1,us,usp00039hh,2014-11-07T00:41:06.328Z,"21 km SW of Tena, Ecuador",earthquake,,,,2,reviewed,us,us
1987-12-02T04:14:33.190Z,-5.92,-81.902,33,4.7,mb,,,,1.1,us,usp0003aux,2014-11-07T00:41:19.762Z,"126 km WSW of Sechura, Peru",earthquake,,,,4,reviewed,us,us
1987-12-07T01:34:18.280Z,2.386,-79.146,10,4.6,mb,,,,1.1,us,usp0003b18,2014-11-07T00:41:21.469Z,"66 km NW of Salahonda, Colombia",earthquake,,,,8,reviewed,us,us
1987-12-15T14:20:49.130Z,-1.103,-80.784,57.4,4.8,mb,,,,1,us,usp0003ba9,2014-11-07T00:41:23.825Z,"15 km WSW of Montecristi, Ecuador",earthquake,,14.1,,9,reviewed,us,us
1987-12-18T05:01:23.100Z,-1.403,-77.803,177.3,5.5,mw,,,,0.9,us,usp0003bcm,2022-04-27T21:26:22.666Z,"23 km ENE of Puyo, Ecuador",earthquake,,,,,reviewed,us,hrv
1987-12-18T07:45:31.100Z,-1.283,-81.028,33,4.5,mb,,,,1.1,us,usp0003bct,2014-11-07T00:41:24.288Z,"48 km WSW of Montecristi, Ecuador",earthquake,,,,4,reviewed,us,us
1987-12-19T13:26:39.610Z,-0.714,-80.553,48.6,4.9,mb,,,,0.8,us,usp0003bdr,2014-11-07T00:41:24.469Z,"19 km SW of Bahía de Caráquez, Ecuador",earthquake,,16.5,,1,reviewed,us,us
1987-12-21T07:56:43.620Z,-2.747,-77,124.1,4.7,mb,,,,1.1,us,usp0003bev,2014-11-07T00:41:24.570Z,"102 km NW of Alianza Cristiana, Peru",earthquake,,,,26,reviewed,us,us
1987-12-23T08:26:38.670Z,-5.366,-77.867,33,4.2,mb,,,,1.3,us,usp0003bgh,2014-11-07T00:41:24.812Z,"41 km N of Yambrasbamba, Peru",earthquake,,,,1,reviewed,us,us
1987-12-25T19:29:10.020Z,-3.76,-81.398,33,4.6,mb,,,,1.4,us,usp0003bj8,2014-11-07T00:41:25.023Z,"54 km NW of Máncora, Peru",earthquake,,,,3,reviewed,us,us
1988-01-14T04:48:42.580Z,2.747,-75.084,33,3.7,md,,,,0.7,us,usp0003c1q,2014-11-07T00:41:30.898Z,"19 km E of Rivera, Colombia",earthquake,,,,,reviewed,us,uvc
1988-01-17T10:58:06.560Z,-3.075,-75.479,136,4.4,mb,,,,1.1,us,usp0003c4g,2014-11-07T00:41:31.271Z,"115 km ENE of Alianza Cristiana, Peru",earthquake,,12.6,,1,reviewed,us,us
1988-01-18T13:48:12.540Z,-2.446,-76.641,148.7,4.9,mb,,,,1.1,us,usp0003c5j,2014-11-07T00:41:31.410Z,"116 km NNW of Alianza Cristiana, Peru",earthquake,,6.9,,37,reviewed,us,us
1988-01-20T01:48:14.210Z,2.754,-76.667,33,3.1,ml,,,,2,us,usp0003c74,2014-11-07T00:41:31.683Z,"4 km W of Morales, Colombia",earthquake,,,,,reviewed,us,uvc
1988-01-23T15:10:47.130Z,2.983,-75.671,10,3.5,md,,,,0.2,us,usp0003cay,2014-11-07T00:41:32.196Z,"4 km NNW of Santa María, Colombia",earthquake,,,,,reviewed,us,uvc
1988-03-17T12:02:42.430Z,-5.853,-76.414,33,4.9,mb,,,,1,us,usp0003e1k,2014-11-07T00:41:48.599Z,"32 km W of Yurimaguas, Peru",earthquake,,,,11,reviewed,us,us
1988-04-02T19:45:03.840Z,-5.777,-80.927,33,5.4,mw,,,,1.1,us,usp0003ekj,2022-04-28T20:48:31.155Z,"26 km SSW of Sechura, Peru",earthquake,,,,,reviewed,us,hrv
1988-04-12T03:41:54.820Z,-0.311,-78.529,33,4,mb,,,,0.7,us,usp0003eyj,2020-08-28T21:58:55.757Z,"8 km WNW of Sangolquí, Ecuador",earthquake,,,,1,reviewed,us,us
1988-04-12T15:26:19.770Z,-2.787,-77.649,27.2,5.2,mw,,,,1,us,usp0003ez2,2022-04-28T20:48:55.564Z,"68 km ESE of Sucúa, Ecuador",earthquake,,5.9,,,reviewed,us,hrv
1988-04-13T22:06:22.470Z,-3.347,-75.861,138.4,4.9,mb,,,,1.2,us,usp0003f0g,2014-11-07T00:41:57.443Z,"65 km ENE of Alianza Cristiana, Peru",earthquake,,10.2,,4,reviewed,us,us
1988-04-14T10:43:41.270Z,-3.856,-77.6,113.6,5,mb,,,,1.1,us,usp0003f16,2014-11-07T00:41:57.544Z,"119 km ESE of Gualaquiza, Ecuador",earthquake,,11.3,,11,reviewed,us,us
1988-05-21T01:44:02.310Z,-1.521,-77.725,181.6,3.7,mb,,,,1.1,us,usp0003g58,2014-11-07T00:42:10.660Z,"31 km E of Puyo, Ecuador",earthquake,,13.5,,1,reviewed,us,us
1988-06-03T23:22:13.560Z,2.782,-79.544,33,4.9,mb,,,,0.9,us,usp0003gpd,2014-11-07T00:42:15.594Z,"125 km WNW of Mosquera, Colombia",earthquake,,,,5,reviewed,us,us
1988-06-16T16:33:02.790Z,-0.163,-77.793,26.6,4.8,mb,,,,1,us,usp0003h18,2014-11-07T00:42:19.694Z,"45 km ESE of Cayambe, Ecuador",earthquake,,5.8,,30,reviewed,us,us
1988-06-25T05:49:12.280Z,-4.106,-80.452,55.3,4.8,mb,,,,0.9,us,usp0003h9e,2014-11-07T00:42:21.545Z,"28 km SE of Cañaveral, Peru",earthquake,,,,8,reviewed,us,us
1988-07-11T01:53:02.240Z,-4.756,-81.158,33,4.4,mb,,,,0.8,us,usp0003hs5,2014-11-07T00:42:30.362Z,"20 km NNW of San Lucas ( Pueblo Nuevo de Colan), Peru",earthquake,,,,1,reviewed,us,us
1988-07-29T14:10:58.700Z,-5.934,-80.875,33,5.4,mb,,,,1,us,usp0003jbz,2022-04-28T20:43:02.550Z,"42 km S of Sechura, Peru",earthquake,,,,13,reviewed,us,us
1988-08-02T08:54:41.450Z,-5.743,-80.896,33,4.9,mb,,,,0.8,us,usp0003jj9,2014-11-07T00:42:36.856Z,"22 km SSW of Sechura, Peru",earthquake,,,,8,reviewed,us,us
1988-08-04T11:38:09.960Z,-2.413,-80.184,33,4.7,mb,,,,1.1,us,usp0003jn2,2014-11-07T00:42:37.746Z,"32 km SW of Santa Lucía, Ecuador",earthquake,,,,8,reviewed,us,us
1988-08-20T03:06:31.410Z,-2.506,-79.587,47.4,5,mb,,,,0.9,us,usp0003k5u,2014-11-07T00:42:41.485Z,"18 km N of Naranjal, Ecuador",earthquake,,9.4,,14,reviewed,us,us
1988-08-22T08:57:02.180Z,-1.879,-77.402,59.4,4.6,mb,,,,1,us,usp0003k8v,2014-11-07T00:42:41.916Z,"65 km ESE of Palora, Ecuador",earthquake,,20.9,,1,reviewed,us,us
1988-09-15T18:48:01.110Z,-1.442,-77.866,170.2,6.2,mw,,,,1,us,usp0003m02,2022-04-28T20:35:42.428Z,"15 km ENE of Puyo, Ecuador",earthquake,,,,,reviewed,us,nc
1988-09-21T13:57:44.730Z,-1.484,-77.956,163.8,4.9,mb,,,,0.8,us,usp0003m55,2014-11-07T00:42:50.074Z,"5 km E of Puyo, Ecuador",earthquake,,4.8,,40,reviewed,us,us
1988-10-30T00:48:49.530Z,2.976,-77.521,91.1,4.4,mb,,,,0.8,us,usp0003nbn,2014-11-07T00:43:00.434Z,"27 km NE of Timbiquí, Colombia",earthquake,,13.7,,2,reviewed,us,us
1988-11-14T10:06:59.130Z,-4.893,-77.46,73.3,4.5,mb,,,,0.8,us,usp0003nuv,2014-11-07T00:43:06.267Z,"87 km W of Barranca, Peru",earthquake,,17.8,,2,reviewed,us,us
1988-11-22T21:45:59.680Z,-3.871,-80.047,33,4.5,mb,,,,1,us,usp0003p3k,2014-11-07T00:43:08.521Z,"26 km SE of Matapalo, Peru",earthquake,,,,3,reviewed,us,us
1988-12-09T20:29:29.120Z,-2.867,-77.706,26.6,5.4,mw,,,,1,us,usp0003pqm,2022-04-28T20:28:59.316Z,"68 km SE of Sucúa, Ecuador",earthquake,,6.1,,,reviewed,us,hrv
1988-12-11T08:49:33.880Z,-2.579,-77.695,56.1,5.2,mb,,,,1,us,usp0003pru,2014-11-07T00:43:16.896Z,"54 km ESE of Sucúa, Ecuador",earthquake,,6.5,,37,reviewed,us,us
1988-12-11T09:05:22.630Z,-2.45,-77.524,79.8,4.7,mb,,,,1,us,usp0003prv,2014-11-07T00:43:16.905Z,"67 km ESE of Macas, Ecuador",earthquake,,9.9,,6,reviewed,us,us
1988-12-13T02:47:42.370Z,-2.787,-77.93,33,4.3,mb,,,,1.3,us,usp0003ptj,2014-11-07T00:43:17.073Z,"45 km SE of Sucúa, Ecuador",earthquake,,,,1,reviewed,us,us
1989-02-08T11:34:25.200Z,-1.561,-77.422,193.6,4.5,mb,,,,0.8,us,usp0003rnu,2014-11-07T00:43:34.898Z,"62 km ENE of Palora, Ecuador",earthquake,,9.3,,4,reviewed,us,us
1989-02-12T20:03:16.740Z,2.742,-79.727,33,5.1,mw,,,,1.2,us,usp0003ruk,2025-12-19T21:07:20.264Z,"141 km WNW of Salahonda, Colombia",earthquake,,,,,reviewed,us,hrv
1989-02-26T10:12:29.210Z,-4.852,-76.748,33,4.8,mb,,,,1,us,usp0003sc7,2020-04-16T19:30:32.268Z,"8 km WSW of Barranca, Peru",earthquake,,,,10,reviewed,us,us
1989-03-01T13:31:22.160Z,-4.372,-80.564,33,4.8,mb,,,,1.3,us,usp0003sfx,2014-11-07T00:43:41.487Z,"37 km SSE of Papayal, Peru",earthquake,,,,1,reviewed,us,us
1989-03-02T11:32:54.830Z,-4.246,-78.121,40.7,4.9,mb,,,,1.1,us,usp0003sgp,2014-11-07T00:43:42.052Z,"84 km ESE of Yantzaza, Ecuador",earthquake,,,,12,reviewed,us,us
1989-03-02T14:10:28.570Z,-0.593,-77.514,41.5,5,mb,,,,1,us,usp0003sh0,2014-11-07T00:43:42.697Z,"43 km WNW of Boca Suno, Ecuador",earthquake,,8.4,,15,reviewed,us,us
1989-03-06T11:44:05.430Z,-3.111,-80.488,38.7,4.7,mb,,,,0.9,us,usp0003snr,2014-11-07T00:43:46.825Z,"49 km NNW of Aguas Verdes, Peru",earthquake,,,,12,reviewed,us,us
1989-03-23T17:50:03.470Z,-5.383,-80.523,70.6,4.9,mb,,,,0.7,us,usp0003t7y,2014-11-07T00:43:50.779Z,"21 km SE of Catacaos, Peru",earthquake,,9.7,,14,reviewed,us,us
1989-04-29T22:01:45.720Z,-0.903,-80.406,33,4.6,mb,,,,1.3,us,usp0003ung,2014-11-07T00:44:03.202Z,"5 km ENE of Rocafuerte, Ecuador",earthquake,,,,7,reviewed,us,us
1989-05-02T05:49:36.760Z,0.41,-80.422,33,4.3,mb,,,,1,us,usp0003us5,2014-11-07T00:44:06.363Z,"50 km WSW of Muisne, Ecuador",earthquake,,,,5,reviewed,us,us
1989-05-03T03:40:48.010Z,-1.057,-78.251,10,4.4,mb,,,,1.2,us,usp0003utt,2014-11-07T00:44:07.602Z,"35 km ENE of Píllaro, Ecuador",earthquake,,,,3,reviewed,us,us
1989-05-19T02:46:47.960Z,-1.71,-77.832,163.9,4.7,mb,,,,0.7,us,usp0003vcp,2014-11-07T00:44:13.129Z,"14 km E of Palora, Ecuador",earthquake,,3.6,,37,reviewed,us,us
1989-05-23T17:52:21.200Z,-2.777,-77.431,118,4.5,mb,,,,0.9,us,usp0003vjq,2014-11-07T00:44:14.277Z,"89 km ESE of Sucúa, Ecuador",earthquake,,7.5,,5,reviewed,us,us
1989-05-25T15:30:21.730Z,-1.392,-79.285,38.1,4.9,mb,,,,1.2,us,usp0003vmz,2014-11-07T00:44:14.666Z,"20 km ENE of Ventanas, Ecuador",earthquake,,13.5,,17,reviewed,us,us
1989-06-10T09:09:53.950Z,-1.691,-77.7,182.9,3.9,mb,,,,1.2,us,usp0003w52,2014-11-07T00:44:21.996Z,"29 km E of Palora, Ecuador",earthquake,,8.8,,2,reviewed,us,us
1989-06-18T21:11:58.870Z,2.023,-79.017,33,4.7,mb,,,,1.4,us,usp0003wds,2014-11-07T00:44:23.392Z,"35 km NW of Tumaco, Colombia",earthquake,,,,5,reviewed,us,us
1989-06-24T15:02:07.740Z,1.974,-79.066,25.2,5.3,mb,,,,1.1,us,usp0003wkn,2014-11-07T00:44:24.008Z,"36 km WNW of Tumaco, Colombia",earthquake,,,,43,reviewed,us,us
1989-06-25T20:37:32.460Z,1.134,-79.616,15.1,6.3,mw,,,,1,us,usp0003wnd,2022-04-28T20:16:22.145Z,"19 km NNE of Esmeraldas, Ecuador",earthquake,,,,,reviewed,us,nc
1989-06-26T14:01:14.560Z,-2.322,-79.329,114.4,4.8,mb,,,,0.9,us,usp0003wpa,2014-11-07T00:44:24.362Z,"11 km N of La Troncal, Ecuador",earthquake,,13.7,,4,reviewed,us,us
1989-07-02T14:07:27.330Z,-1.385,-77.977,190.4,4.5,mb,,,,0.6,us,usp0003ww5,2014-11-07T00:44:29.216Z,"11 km NNE of Puyo, Ecuador",earthquake,,4.7,,5,reviewed,us,us
1989-07-17T21:53:54.030Z,2.463,-79.551,15.5,4.3,mb,,,,0.7,us,usp0003xdt,2014-11-07T00:44:33.460Z,"109 km WNW of Salahonda, Colombia",earthquake,,5.6,,2,reviewed,us,us
1989-07-18T06:38:39.790Z,2.431,-79.731,10,3.4,ms,,,,1.4,us,usp0003xe8,2014-11-07T00:44:33.489Z,"126 km NW of Tumaco, Colombia",earthquake,,,,1,reviewed,us,us
1989-07-21T02:52:58.610Z,-1.371,-77.682,181.3,4.5,mb,,,,1,us,usp0003xh7,2014-11-07T00:44:33.876Z,"38 km ENE of Puyo, Ecuador",earthquake,,4.7,,8,reviewed,us,us
1989-07-23T19:19:41.380Z,0.371,-80.459,33,4.8,mb,,,,1.1,us,usp0003xmk,2014-11-07T00:44:34.253Z,"55 km WSW of Muisne, Ecuador",earthquake,,,,1,reviewed,us,us
1989-07-29T11:28:30.570Z,1.565,-79.693,43.9,4.8,mb,,,,0.7,us,usp0003xtt,2014-11-07T00:44:35.273Z,"67 km N of Esmeraldas, Ecuador",earthquake,,15.3,,3,reviewed,us,us
1989-08-12T03:55:43.470Z,-1.413,-77.824,169.7,4.5,mb,,,,0.8,us,usp0003ycr,2014-11-07T00:44:41.624Z,"21 km ENE of Puyo, Ecuador",earthquake,,4.9,,4,reviewed,us,us
1989-08-16T00:17:21.760Z,-2.268,-77.606,41.9,4.9,mb,,,,1.1,us,usp0003yh4,2014-11-07T00:44:43.256Z,"56 km E of Macas, Ecuador",earthquake,,7.8,,16,reviewed,us,us
1989-08-22T18:07:28.520Z,-2.355,-79.893,33,4.3,mb,,,,0.8,us,usp0003ysb,2014-11-07T00:44:44.516Z,"17 km S of Guayaquil, Ecuador",earthquake,,,,1,reviewed,us,us
1989-09-09T01:40:35.770Z,2.435,-79.761,6.5,5.9,mw,,,,0.9,us,usp0003zc9,2022-04-28T20:11:08.345Z,"129 km WNW of Tumaco, Colombia",earthquake,,,,,reviewed,us,nc
1989-09-09T02:19:01.170Z,2.434,-79.657,10,4.7,mb,,,,1,us,usp0003zca,2014-11-07T00:44:50.961Z,"119 km WNW of Salahonda, Colombia",earthquake,,,,5,reviewed,us,us
1989-09-09T04:11:24.790Z,2.411,-79.658,10,4.3,mb,,,,0.8,us,usp0003zcd,2014-11-07T00:44:50.967Z,"118 km NW of Tumaco, Colombia",earthquake,,,,2,reviewed,us,us
1989-09-16T01:49:15.890Z,-0.592,-77.469,10,5.4,mb,,,,1.1,us,usp0003zmr,2022-04-28T20:11:28.563Z,"38 km WNW of Boca Suno, Ecuador",earthquake,,,,49,reviewed,us,us
1989-09-22T05:43:18.010Z,-3.836,-80.679,64.5,4.4,mb,,,,1.4,us,usp0003zvt,2014-11-07T00:44:53.708Z,"12 km NNW of Cañaveral, Peru",earthquake,,18.2,,3,reviewed,us,us
1989-10-05T15:39:31.490Z,-4.337,-80.913,33,4.4,mb,,,,1.3,us,usp00040c0,2014-11-07T00:44:58.982Z,"9 km SSW of La Breita, Peru",earthquake,,,,1,reviewed,us,us
1989-10-06T21:15:41.630Z,-0.676,-77.546,10,4.6,mb,,,,1.2,us,usp00040db,2014-11-07T00:44:59.535Z,"38 km NE of Archidona, Ecuador",earthquake,,,,4,reviewed,us,us
1989-10-07T01:17:58.300Z,-4.949,-78.039,81.8,4.3,mb,,,,1.1,us,usp00040dk,2014-11-07T00:44:59.588Z,"85 km NNE of La Peca, Peru",earthquake,,18.9,,1,reviewed,us,us
1989-10-09T10:03:19.490Z,-4.293,-77.563,35.4,5.5,mw,,,,1.4,us,usp00040g6,2022-04-28T20:08:55.700Z,"115 km WNW of Barranca, Peru",earthquake,,,,,reviewed,us,hrv
1989-10-12T18:33:08.480Z,-2.12,-79.581,102.9,4.8,mb,,,,1.2,us,usp00040m3,2014-11-07T00:45:01.364Z,"2 km NE of Milagro, Ecuador",earthquake,,6.5,,16,reviewed,us,us
1989-10-24T04:27:19.590Z,0.934,-78.936,57.1,4.6,mb,,,,1.2,us,usp000416d,2014-11-07T00:45:04.309Z,"35 km S of Valdez, Ecuador",earthquake,,11.4,,3,reviewed,us,us
1989-10-24T17:29:42.460Z,-2.706,-77.702,37.5,5,mb,,,,1.2,us,usp0004176,2014-11-07T00:45:04.464Z,"58 km ESE of Sucúa, Ecuador",earthquake,,6.6,,13,reviewed,us,us
1989-10-25T05:56:13.070Z,-4.83,-81.072,38.7,4.7,mb,,,,1,us,usp0004180,2014-11-07T00:45:04.523Z,"8 km N of San Lucas ( Pueblo Nuevo de Colan), Peru",earthquake,,13.9,,5,reviewed,us,us
1989-10-29T04:56:15.570Z,-2.701,-79.772,71.5,4.7,mb,,,,0.9,us,usp00041dk,2014-11-07T00:45:05.308Z,"17 km W of Naranjal, Ecuador",earthquake,,15.5,,6,reviewed,us,us
1989-11-04T15:39:15.450Z,-3.484,-80.321,36,5,mb,,,,1.2,us,usp00041qs,2014-11-07T00:45:10.561Z,"5 km WNW of Zarumilla, Peru",earthquake,,,,13,reviewed,us,us
1989-11-06T21:00:38.180Z,-3.191,-80.584,33,5.3,ms,,,,1.2,us,usp00041tq,2014-11-07T00:45:11.381Z,"44 km NNW of Tumbes, Peru",earthquake,,,,2,reviewed,us,us
1989-11-08T10:15:09.440Z,-5.623,-76.026,33,4.9,mb,,,,1.5,us,usp00041v8,2014-11-07T00:45:11.534Z,"32 km NNE of Yurimaguas, Peru",earthquake,,,,1,reviewed,us,us
1989-11-27T08:07:50.890Z,-4.75,-81.201,73.8,4.6,mb,,,,0.9,us,usp00042fp,2014-11-07T00:45:14.520Z,"20 km SSE of Talara, Peru",earthquake,,26.6,,3,reviewed,us,us
1989-12-07T16:38:32.790Z,-4.276,-76.526,124.2,5,mb,,,,1.2,us,usp00042uu,2014-11-07T00:45:20.069Z,"63 km NNE of Barranca, Peru",earthquake,,8.8,,5,reviewed,us,us
1989-12-17T07:32:29.610Z,-1.262,-78.348,33,4.9,mb,,,,1.5,us,usp000436j,2014-11-07T00:45:22.092Z,"17 km NNE of Baños, Ecuador",earthquake,,,,15,reviewed,us,us
1990-01-05T15:18:46.240Z,-4.056,-80.877,52,5,mb,,,,0.7,us,usp00043xz,2014-11-07T00:45:28.904Z,"15 km W of Papayal, Peru",earthquake,,9.1,,10,reviewed,us,us
1990-01-21T13:10:07.930Z,2.623,-79.825,14.5,4.9,mb,,,,1.1,us,usp00044j7,2014-11-07T00:45:33.937Z,"144 km WNW of Salahonda, Colombia",earthquake,,4.5,,16,reviewed,us,us
1990-01-22T02:31:45.140Z,-0.644,-80.799,33,4.2,ms,,,,0.6,us,usp00044k0,2014-11-07T00:45:33.991Z,"36 km NNW of Manta, Ecuador",earthquake,,,,1,reviewed,us,us
1990-02-10T17:12:10.490Z,-3.17,-80.829,56.9,5.6,mw,,,,1,us,usp00045a3,2022-04-28T19:58:20.964Z,"58 km NNW of Zorritos, Peru",earthquake,,,,,reviewed,us,hrv
1990-02-10T18:40:29.270Z,-3.224,-81.755,33,5.1,mb,,,,0.4,us,usp00045a5,2014-11-07T00:45:42.118Z,"125 km NW of Máncora, Peru",earthquake,,,,1,reviewed,us,us
1990-02-11T11:23:53.840Z,-3.876,-81.745,32.6,5,mb,,,,1,us,usp00045b5,2014-11-07T00:45:42.346Z,"72 km NW of El Alto, Peru",earthquake,,,,8,reviewed,us,us
1990-02-16T15:12:46.480Z,-3.121,-80.683,76.4,5.3,mw,,,,1.2,us,usp00045gz,2025-12-19T21:02:48.481Z,"55 km NNW of Tumbes, Peru",earthquake,,,,,reviewed,us,hrv
1990-02-21T21:33:32.200Z,0.179,-80.204,58.2,4.8,mb,,,,0.9,us,usp00045rj,2014-11-07T00:45:47.303Z,"20 km NW of Pedernales, Ecuador",earthquake,,19.6,,2,reviewed,us,us
1990-02-28T21:13:32.170Z,2.71,-79.765,13.1,4.8,mb,,,,1.1,us,usp000460n,2014-11-07T00:45:48.488Z,"143 km WNW of Salahonda, Colombia",earthquake,,5.5,,15,reviewed,us,us
1990-03-01T04:28:50.510Z,-2.825,-79.678,47,4.3,mb,,,,1.3,us,usp000461q,2014-11-07T00:45:50.325Z,"17 km ENE of Baláo, Ecuador",earthquake,,16.3,,2,reviewed,us,us
1990-03-09T08:11:01.480Z,-1.683,-78.39,154.8,3.9,mb,,,,1.1,us,usp00046cj,2014-11-07T00:45:54.577Z,"28 km ESE of Guano, Ecuador",earthquake,,7.6,,2,reviewed,us,us
1990-03-12T07:32:08.770Z,-1.04,-78.019,10,4.1,mb,,,,1.4,us,usp00046g7,2014-11-07T00:45:54.995Z,"23 km WSW of Tena, Ecuador",earthquake,,,,2,reviewed,us,us
1990-03-13T19:40:33.680Z,-3.429,-76.913,112.1,5.6,mw,,,,0.9,us,usp00046jg,2022-04-28T19:55:41.499Z,"53 km W of Alianza Cristiana, Peru",earthquake,,,,,reviewed,us,hrv
1990-03-19T01:12:19.780Z,-1.693,-77.909,162.1,4.3,mb,,,,1.2,us,usp00046t9,2014-11-07T00:45:57.481Z,"6 km E of Palora, Ecuador",earthquake,,5.1,,5,reviewed,us,us
1990-03-19T13:15:02.150Z,2.695,-79.682,33,4.7,mb,,,,1.2,us,usp00046ty,2014-11-07T00:45:57.555Z,"134 km WNW of Salahonda, Colombia",earthquake,,,,10,reviewed,us,us
1990-03-25T03:37:34.900Z,-2.374,-79.946,33,4.1,mb,,,,1.2,us,usp0004717,2014-11-07T00:45:58.646Z,"20 km SSW of Guayaquil, Ecuador",earthquake,,,,3,reviewed,us,us
1990-03-31T10:02:15.480Z,-2.779,-79.403,85.6,4.4,mb,,,,1,us,usp000479m,2014-11-07T00:46:01.331Z,"26 km ESE of Naranjal, Ecuador",earthquake,,21.3,,4,reviewed,us,us
1990-04-21T13:35:18.720Z,2.697,-79.879,10,3.5,mb,,,,1.2,us,usp000488g,2014-11-07T00:46:10.985Z,"153 km WNW of Salahonda, Colombia",earthquake,,,,1,reviewed,us,us
1990-04-21T19:26:41.700Z,-2.99,-77.673,33,4.5,mb,,,,1.3,us,usp0004895,2014-11-07T00:46:11.142Z,"80 km SE of Sucúa, Ecuador",earthquake,,,,8,reviewed,us,us
1990-04-28T09:44:48.020Z,-5.547,-79.405,33,4.8,mb,,,,1.5,us,usp00048k9,2014-11-07T00:46:12.279Z,"15 km NW of Sallique, Peru",earthquake,,,,5,reviewed,us,us
1990-05-05T17:10:10.520Z,-2.716,-79.657,28.8,4.8,mb,,,,1.3,us,usp00048ww,2014-11-07T00:46:18.489Z,"6 km SW of Naranjal, Ecuador",earthquake,,9.5,,9,reviewed,us,us
1990-05-09T08:05:33.610Z,-2.167,-80.596,27.8,4.7,mb,,,,1.2,us,usp0004931,2014-11-07T00:46:20.005Z,"near the coast of Ecuador",earthquake,,12.2,,6,reviewed,us,us
1990-05-15T03:00:17.310Z,-2.348,-80.792,33,3.4,mb,,,,0.8,us,usp00049ak,2014-11-07T00:46:21.947Z,"near the coast of Ecuador",earthquake,,,,1,reviewed,us,us
1990-05-15T05:07:04.290Z,-4.974,-81.041,31.9,5,mb,,,,1.1,us,usp00049an,2014-11-07T00:46:21.950Z,"7 km NNE of Salinera Colán, Peru",earthquake,,,,15,reviewed,us,us
1990-05-30T07:03:46.430Z,-5.997,-76.941,45.4,4.4,mb,,,,0.9,us,usp00049yc,2014-11-07T00:46:25.093Z,"5 km NE of Moyobamba, Peru",earthquake,,10.3,,4,reviewed,us,us
1990-06-03T00:55:16.270Z,-5.976,-77.164,37.9,4.8,mb,,,,1,us,usp0004a2v,2014-11-07T00:46:28.533Z,"8 km N of Rioja, Peru",earthquake,,5.3,,18,reviewed,us,us
1990-06-25T04:12:06.490Z,-5.256,-79.235,33,4.4,mb,,,,1.5,us,usp0004azf,2014-11-07T00:46:33.778Z,"8 km NE of Tabaconas, Peru",earthquake,,,,3,reviewed,us,us
1990-06-25T18:34:59.310Z,-1.454,-77.933,193,4.5,mb,,,,0.8,us,usp0004b07,2014-11-07T00:46:33.832Z,"8 km ENE of Puyo, Ecuador",earthquake,,33.9,,1,reviewed,us,us
1990-07-04T13:21:54.280Z,1.91,-75.613,33,3.7,mb,,,,1.3,us,usp0004bcb,2014-11-07T00:46:38.154Z,"20 km SE of Guadalupe, Colombia",earthquake,,,,1,reviewed,us,us
1990-07-15T10:10:18.960Z,-2.429,-77.827,132.9,4.6,mb,,,,1.7,us,usp0004bwa,2014-11-07T00:46:41.588Z,"34 km ESE of Macas, Ecuador",earthquake,,11,,2,reviewed,us,us
1990-07-29T15:29:12.510Z,-4.893,-80.857,39.1,5.2,mw,,,,0.8,us,usp0004cq1,2022-04-28T19:45:08.710Z,"11 km E of La Huaca, Peru",earthquake,,,,,reviewed,us,hrv
1990-08-11T02:59:54.970Z,-0.059,-78.449,5,5.3,mw,,,,1.2,us,usp0004d7s,2022-04-28T19:40:11.816Z,"20 km NNE of Quito, Ecuador",earthquake,,,,,reviewed,us,hrv
1990-08-11T03:34:08.700Z,-0.126,-78.519,14.3,3.8,mb,,,,1.5,us,usp0004d7v,2014-11-07T00:46:55.830Z,"11 km N of Quito, Ecuador",earthquake,,4.7,,2,reviewed,us,us
1990-08-12T05:35:19.250Z,-0.385,-80.305,33,4.4,mb,,,,0.8,us,usp0004d9m,2014-11-07T00:46:55.993Z,"26 km NNE of Bahía de Caráquez, Ecuador",earthquake,,,,2,reviewed,us,us
1990-08-15T21:24:42.490Z,-4.294,-80.758,32.8,5,mb,,,,1.3,us,usp0004dex,2014-11-07T00:46:56.906Z,"14 km ESE of La Breita, Peru",earthquake,,,,33,reviewed,us,us
1990-08-18T11:07:30.800Z,-2.703,-76.658,135.7,5,mb,,,,1.3,us,usp0004dk7,2014-11-07T00:46:57.720Z,"88 km NNW of Alianza Cristiana, Peru",earthquake,,,,1,reviewed,us,us
1990-09-02T04:26:48.070Z,-0.143,-80.283,14.2,6.6,mw,,,,1.1,us,usp0004e6r,2022-04-28T19:36:46.221Z,"34 km SW of Pedernales, Ecuador",earthquake,,,,,reviewed,us,nc
1990-09-02T05:07:16.280Z,-0.087,-80.229,28,5,mb,,,,1.1,us,usp0004e6t,2014-11-07T00:47:03.569Z,"26 km SW of Pedernales, Ecuador",earthquake,,5.4,,32,reviewed,us,us
1990-09-05T05:49:19.710Z,-2.213,-80.361,63.6,4.9,mb,,,,0.8,us,usp0004eb6,2014-11-07T00:47:04.980Z,"40 km W of Santa Lucía, Ecuador",earthquake,,,,10,reviewed,us,us
1990-09-08T04:11:01.930Z,-5.883,-77.066,10,4.7,mb,,,,1.2,us,usp0004eem,2014-11-07T00:47:05.633Z,"19 km NNW of Moyobamba, Peru",earthquake,,,,1,reviewed,us,us
1990-09-24T08:49:37.490Z,0.013,-78.006,10,4.2,mb,,,,1.2,us,usp0004f0v,2014-11-07T00:47:08.103Z,"15 km E of Cayambe, Ecuador",earthquake,,,,3,reviewed,us,us
1990-09-26T07:55:47.400Z,-1.935,-77.24,174.7,4.2,mb,,,,1.1,us,usp0004f2q,2014-11-07T00:47:08.286Z,"84 km ESE of Palora, Ecuador",earthquake,,8,,2,reviewed,us,us
1990-10-13T11:14:33.150Z,-2.225,-80.044,75.6,5,mb,,,,0.8,us,usp0004fq3,2014-11-07T00:47:16.653Z,"6 km SW of Santa Lucía, Ecuador",earthquake,,,,10,reviewed,us,us
1990-10-21T15:10:43.700Z,-3.989,-77.274,116.3,5.4,mw,,,,0.8,us,usp0004g0j,2025-12-19T21:00:04.311Z,"109 km WSW of Alianza Cristiana, Peru",earthquake,,,,,reviewed,us,hrv
1990-10-28T02:27:44.330Z,-4.816,-76.898,33,4.8,mb,,,,1.4,us,usp0004g8b,2020-04-16T19:17:34.334Z,"24 km W of Barranca, Peru",earthquake,,,,1,reviewed,us,us
1990-11-06T15:39:08.430Z,-0.952,-79.09,109.1,4.5,mb,,,,0.6,us,usp0004gk8,2014-11-07T00:47:24.813Z,"15 km E of La Maná, Ecuador",earthquake,,8.1,,2,reviewed,us,us
1990-11-17T14:16:47.060Z,-4.577,-76.776,121,4.2,mb,,,,0.9,us,usp0004h1p,2014-11-07T00:47:27.165Z,"30 km NNW of Barranca, Peru",earthquake,,16.6,,1,reviewed,us,us
1990-11-23T07:27:35.680Z,-3.616,-80.823,33,4.9,mb,,,,0.8,us,usp0004h97,2014-11-07T00:47:28.311Z,"17 km WNW of Zorritos, Peru",earthquake,,,,1,reviewed,us,us
1990-11-23T22:15:59.600Z,-1.803,-78.084,155.7,4.7,mb,,,,0.6,us,usp0004ha2,2014-11-07T00:47:28.379Z,"17 km SW of Palora, Ecuador",earthquake,,3.1,,26,reviewed,us,us
1990-11-25T12:32:45.190Z,-2.692,-77.773,25.4,5.4,mw,,,,1,us,usp0004hcr,2022-04-28T19:33:56.936Z,"51 km ESE of Sucúa, Ecuador",earthquake,,,,,reviewed,us,hrv
1990-12-05T16:50:20.970Z,-1.877,-79.468,10,3.6,mb,,,,0.7,us,usp0004hsd,2014-11-07T00:47:34.411Z,"6 km NE of Alfredo Baquerizo Moreno, Ecuador",earthquake,,,,1,reviewed,us,us
1990-12-08T10:39:16.340Z,-1.991,-81.02,10,3.6,mb,,,,1.2,us,usp0004hvg,2014-11-07T00:47:35.609Z,"25 km NNW of Salinas, Ecuador",earthquake,,,,1,reviewed,us,us
1990-12-26T05:58:30.600Z,-5.136,-78.303,33,4.6,mb,,,,1.1,us,usp0004jtb,2014-11-07T00:47:39.466Z,"54 km NNE of La Peca, Peru",earthquake,,,,7,reviewed,us,us
1990-12-30T07:33:36.020Z,2.842,-79.642,33,4.2,mb,,,,1.4,us,usp0004jzc,2014-11-07T00:47:40.558Z,"137 km WNW of Mosquera, Colombia",earthquake,,,,2,reviewed,us,us
1990-12-31T17:58:02.700Z,2.717,-79.31,31,4,mb,,,,1.4,us,usp0004k1a,2014-11-07T00:47:40.837Z,"98 km WNW of Mosquera, Colombia",earthquake,,7.2,,2,reviewed,us,us
1991-01-02T01:42:30.790Z,2.889,-74.863,33,3.7,md,,,,0.6,us,usp0004k36,2014-11-07T00:47:44.149Z,"36 km SE of Baraya, Colombia",earthquake,,,,,reviewed,us,uvc
1991-01-03T09:56:05.780Z,-4.207,-79.704,10,4.3,mb,,,,0.8,us,usp0004k5d,2014-11-07T00:47:44.862Z,"18 km SSW of Catacocha, Ecuador",earthquake,,,,1,reviewed,us,us
1991-01-04T07:11:27.440Z,2.997,-79.158,33,4.7,md,,,,0.5,us,usp0004k6y,2014-11-07T00:47:45.802Z,"95 km NW of Mosquera, Colombia",earthquake,,,,,reviewed,us,uvc
1991-01-05T16:53:18.990Z,2.328,-76.309,10,3.1,md,,,,0.7,us,usp0004k8q,2014-11-07T00:47:46.775Z,"22 km SSE of Totoró, Colombia",earthquake,,,,,reviewed,us,uvc
1991-01-05T20:59:32.120Z,2.61,-76.857,10,3.7,md,,,,0.6,us,usp0004k91,2014-11-07T00:47:46.817Z,"10 km N of Villa Rica, Colombia",earthquake,,,,,reviewed,us,uvc
1991-01-06T01:47:43.450Z,-3.83,-79.723,103.4,4.5,mb,,,,1.2,us,usp0004k99,2014-11-07T00:47:46.845Z,"16 km SW of Portovelo, Ecuador",earthquake,,34.1,,1,reviewed,us,us
1991-01-08T15:41:52.150Z,2.804,-75.044,33,3.4,md,,,,0.6,us,usp0004kde,2014-11-07T00:47:47.923Z,"23 km E of Rivera, Colombia",earthquake,,,,,reviewed,us,uvc
1991-01-09T00:07:10.980Z,2.13,-76.221,10,3.4,md,,,,1,us,usp0004ke0,2014-11-07T00:47:48.065Z,"21 km N of Isnos, Colombia",earthquake,,,,,reviewed,us,uvc
1991-01-09T11:23:11.640Z,2.942,-74.803,33,4,md,,,,0.6,us,usp0004kee,2014-11-07T00:47:48.407Z,"36 km SE of Baraya, Colombia",earthquake,,,,,reviewed,us,uvc
1991-01-09T16:59:43.440Z,2.469,-75.268,33,3.7,md,,,,0.6,us,usp0004ker,2014-11-07T00:47:48.798Z,"8 km SE of Algeciras, Colombia",earthquake,,,,,reviewed,us,uvc
1991-01-10T13:07:24.400Z,-4.804,-76.506,40.8,4.4,mb,,,,1.2,us,usp0004kfw,2014-11-07T00:47:48.965Z,"19 km E of Barranca, Peru",earthquake,,10.7,,4,reviewed,us,us
1991-01-11T22:36:14.070Z,2.342,-75.76,33,3.5,md,,,,0.8,us,usp0004kjf,2014-11-07T00:47:49.389Z,"9 km N of Agrado, Colombia",earthquake,,,,,reviewed,us,uvc
1991-01-13T09:19:36.520Z,-1.839,-78.562,142.3,4.3,mb,,,,1.3,us,usp0004km9,2014-11-07T00:47:49.921Z,"20 km SSE of Riobamba, Ecuador",earthquake,,7.4,,3,reviewed,us,us
1991-01-15T07:15:52.270Z,-1.839,-80.858,33,3.6,mb,,,,1.6,us,usp0004kqk,2014-11-07T00:47:50.374Z,"42 km NNE of Salinas, Ecuador",earthquake,,,,1,reviewed,us,us
1991-01-15T15:38:30.030Z,2.387,-76.36,10,3.4,md,,,,0.5,us,usp0004kr3,2014-11-07T00:47:50.430Z,"14 km SSE of Totoró, Colombia",earthquake,,,,,reviewed,us,uvc
1991-01-18T08:47:33.380Z,2.551,-74.246,33,3.7,md,,,,0.3,us,usp0004ku7,2014-11-07T00:47:50.733Z,"Colombia",earthquake,,,,,reviewed,us,uvc
1991-01-21T12:56:50.770Z,2.934,-79.252,10,3.5,mb,,,,0.4,us,usp0004kzt,2014-11-07T00:47:51.782Z,"100 km WNW of Mosquera, Colombia",earthquake,,,,1,reviewed,us,us
1991-01-21T14:56:14.640Z,2.891,-74.797,33,3.7,md,,,,0.7,us,usp0004kzx,2014-11-07T00:47:51.799Z,"40 km SE of Baraya, Colombia",earthquake,,,,,reviewed,us,uvc
1991-01-23T14:18:52.640Z,1.388,-78.943,25,4.4,md,,,,0.6,us,usp0004m2h,2014-11-07T00:47:52.279Z,"6 km NW of Pampanal de Bolívar, Ecuador",earthquake,,5.8,,,reviewed,us,uvc
1991-01-26T17:34:54.810Z,2.969,-76.607,110,3.1,md,,,,0.6,us,usp0004m69,2014-11-07T00:47:53.044Z,"6 km SE of Buenos Aires, Colombia",earthquake,,,,,reviewed,us,uvc
1991-01-28T21:30:14.970Z,2.878,-79.399,33,4.1,md,,,,0.3,us,usp0004m9r,2014-11-07T00:47:53.490Z,"113 km WNW of Mosquera, Colombia",earthquake,,,,,reviewed,us,uvc
1991-02-14T12:10:43.800Z,-4.419,-80.593,62.9,4.7,mb,,,,0.8,us,usp0004mxn,2014-11-07T00:47:59.943Z,"37 km ESE of La Breita, Peru",earthquake,,14.6,,5,reviewed,us,us
1991-02-17T04:37:36.980Z,-1.413,-77.96,45.7,4.7,mb,,,,1.2,us,usp0004n18,2014-11-07T00:48:01.050Z,"9 km NNE of Puyo, Ecuador",earthquake,,13,,1,reviewed,us,us
1991-02-20T07:38:42.080Z,-0.976,-80.731,33,3.6,mb,,,,1,us,usp0004n5w,2014-11-07T00:48:02.637Z,"2 km SW of Manta, Ecuador",earthquake,,,,1,reviewed,us,us
1991-02-20T23:17:04.250Z,-1.596,-77.956,176.6,4.4,mb,,,,1.1,us,usp0004n6u,2014-11-07T00:48:03.242Z,"11 km N of Palora, Ecuador",earthquake,,31.1,,1,reviewed,us,us
1991-03-01T10:14:58.870Z,0.302,-78.352,10,3.6,md,,,,1.2,us,usp0004nj8,2014-11-07T00:48:07.708Z,"9 km W of Cotacachi, Ecuador",earthquake,,,,,reviewed,us,qui
1991-03-12T13:41:29.940Z,-3.337,-75.653,135,4.7,mb,,,,0.9,us,usp0004nz5,2014-11-07T00:48:11.658Z,"88 km E of Alianza Cristiana, Peru",earthquake,,4.8,,28,reviewed,us,us
1991-03-20T13:08:57.890Z,-5.791,-80.897,35.1,6,mw,,,,1.2,us,usp0004pa3,2022-04-28T19:21:36.535Z,"27 km SSW of Sechura, Peru",earthquake,,,,,reviewed,us,hrv
1991-03-24T16:13:30.570Z,-1.01,-78.059,10,4,md,,,,0.4,us,usp0004pfz,2014-11-07T00:48:13.901Z,"27 km W of Tena, Ecuador",earthquake,,,,,reviewed,us,qui
1991-03-25T23:51:59.960Z,2.135,-79.08,41.2,5,mb,,,,1,us,usp0004ph9,2014-11-07T00:48:14.061Z,"48 km WNW of Salahonda, Colombia",earthquake,,6.6,,19,reviewed,us,us
1991-03-29T20:13:48.390Z,-3.959,-80.907,37.7,5.6,mw,,,,0.9,us,usp0004pqq,2022-04-28T19:22:12.627Z,"22 km NE of Máncora, Peru",earthquake,,5.9,,,reviewed,us,hrv
1991-03-30T01:53:22.540Z,-3.76,-80.804,69.4,4.7,mb,,,,0.7,us,usp0004pr0,2014-11-07T00:48:15.194Z,"16 km WSW of Zorritos, Peru",earthquake,,13.6,,4,reviewed,us,us
1991-04-01T13:01:06.990Z,-0.153,-78.425,17.3,4.6,mb,,,,1.1,us,usp0004pu7,2014-11-07T00:48:18.024Z,"14 km NE of Quito, Ecuador",earthquake,,4.8,,6,reviewed,us,us
1991-04-02T12:42:14.600Z,0.185,-79.037,10,3.1,md,,,,0.2,us,usp0004pve,2014-11-07T00:48:18.419Z,"50 km NNE of Santo Domingo de los Colorados, Ecuador",earthquake,,,,,reviewed,us,qui
1991-04-03T06:17:16.980Z,-0.183,-78.366,10,3.9,md,,,,0.2,us,usp0004pw2,2014-11-07T00:48:18.606Z,"18 km ENE of Quito, Ecuador",earthquake,,,,,reviewed,us,qui
1991-04-04T16:08:18.580Z,-5.999,-77.083,28.7,5.2,mb,,,,1,us,usp0004pxt,2022-04-28T19:16:16.752Z,"11 km NE of Rioja, Peru",earthquake,,,,33,reviewed,us,us
1991-04-05T04:19:49.520Z,-5.982,-77.094,19.8,7.1,mw,,,,1,us,usp0004pyn,2022-04-28T19:16:22.305Z,"11 km NE of Rioja, Peru",earthquake,,,,,reviewed,us,par
1991-04-05T05:01:10.330Z,-5.81,-77.339,24.1,5.5,mb,,,,0.8,us,usp0004pyr,2022-04-28T19:16:24.656Z,"20 km NNW of Segunda Jerusalén - Azunguillo, Peru",earthquake,,,,57,reviewed,us,us
1991-04-05T05:20:24.010Z,-5.773,-77.146,33,4.9,mb,,,,0.7,us,usp0004pys,2014-11-07T00:48:19.596Z,"27 km NNE of Segunda Jerusalén - Azunguillo, Peru",earthquake,,,,12,reviewed,us,us
1991-04-05T05:29:53.010Z,-5.799,-77.214,33,5,mb,,,,1,us,usp0004pyt,2022-04-28T19:16:30.778Z,"22 km NNE of Segunda Jerusalén - Azunguillo, Peru",earthquake,,,,14,reviewed,us,us
1991-04-05T05:46:45.400Z,-5.583,-77.459,33,4.7,mb,,,,1,us,usp0004pyw,2014-11-07T00:48:19.625Z,"49 km NNW of Segunda Jerusalén - Azunguillo, Peru",earthquake,,,,8,reviewed,us,us
1991-04-05T05:53:39.130Z,-5.774,-77.071,33,4.8,mb,,,,0.8,us,usp0004pyx,2014-11-07T00:48:19.648Z,"30 km NNW of Moyobamba, Peru",earthquake,,,,10,reviewed,us,us
1991-04-05T06:01:50.930Z,-5.584,-76.758,33,4.4,mb,,,,0.8,us,usp0004pyy,2014-11-07T00:48:19.655Z,"55 km NNE of Moyobamba, Peru",earthquake,,,,10,reviewed,us,us
1991-04-05T06:45:54.810Z,-5.548,-77.412,33,4.8,mb,,,,1.1,us,usp0004pz1,2014-11-07T00:48:19.663Z,"51 km NNW of Segunda Jerusalén - Azunguillo, Peru",earthquake,,,,13,reviewed,us,us
1991-04-05T06:54:12.210Z,-5.399,-77.052,33,4.7,mb,,,,0.6,us,usp0004pz2,2014-11-07T00:48:19.671Z,"69 km NNE of Segunda Jerusalén - Azunguillo, Peru",earthquake,,,,9,reviewed,us,us
1991-04-05T11:12:25.250Z,-5.647,-76.885,33,4.4,mb,,,,0.8,us,usp0004pzb,2014-11-07T00:48:19.739Z,"43 km NNE of Moyobamba, Peru",earthquake,,,,5,reviewed,us,us
1991-04-05T13:40:23.770Z,-5.714,-76.987,28.8,4.8,mb,,,,1.2,us,usp0004pze,2014-11-07T00:48:19.759Z,"35 km N of Moyobamba, Peru",earthquake,,,,11,reviewed,us,us
1991-04-05T17:50:07.510Z,-5.856,-77.204,33,4.4,mb,,,,0.6,us,usp0004pzq,2014-11-07T00:48:19.853Z,"16 km NNE of Segunda Jerusalén - Azunguillo, Peru",earthquake,,,,5,reviewed,us,us
1991-04-05T21:38:29.940Z,-5.621,-76.99,33,4.8,mb,,,,0.7,us,usp0004pzz,2014-11-07T00:48:19.893Z,"45 km N of Moyobamba, Peru",earthquake,,,,6,reviewed,us,us
1991-04-05T23:09:45.240Z,-5.814,-77.589,33,4.2,mb,,,,1.3,us,usp0004q03,2014-11-07T00:48:19.905Z,"26 km NNE of Olleros, Peru",earthquake,,,,4,reviewed,us,us
1991-04-06T03:57:43.480Z,-5.607,-77.149,33,4.7,mb,,,,1.2,us,usp0004q08,2014-11-07T00:48:19.924Z,"44 km NNE of Segunda Jerusalén - Azunguillo, Peru",earthquake,,,,5,reviewed,us,us
1991-04-06T04:20:21.580Z,-5.57,-77.02,33,4.2,mb,,,,0.7,us,usp0004q09,2014-11-07T00:48:19.927Z,"51 km N of Moyobamba, Peru",earthquake,,,,3,reviewed,us,us
1991-04-06T14:48:29.600Z,-5.961,-77.561,10,5,mb,,,,0.9,us,usp0004q0v,2014-11-07T00:48:20.115Z,"13 km NE of Olleros, Peru",earthquake,,,,5,reviewed,us,us
1991-04-06T16:30:31.840Z,-5.949,-77.519,33,4.8,mb,,,,1.4,us,usp0004q0y,2014-11-07T00:48:20.154Z,"17 km NE of Olleros, Peru",earthquake,,,,3,reviewed,us,us
1991-04-06T18:13:23.120Z,-5.774,-77.081,33,4.7,mb,,,,1.4,us,usp0004q11,2014-11-07T00:48:20.167Z,"31 km NNW of Moyobamba, Peru",earthquake,,,,3,reviewed,us,us
1991-04-06T23:19:32.000Z,-5.865,-77.027,45.9,4,mb,,,,1.5,us,usp0004q18,2014-11-07T00:48:20.185Z,"19 km NNW of Moyobamba, Peru",earthquake,,13.3,,2,reviewed,us,us
1991-04-07T00:40:55.920Z,-5.893,-76.979,33,4.4,mb,,,,1.3,us,usp0004q1a,2014-11-07T00:48:20.193Z,"15 km N of Moyobamba, Peru",earthquake,,,,3,reviewed,us,us
1991-04-07T08:43:58.000Z,-5.918,-76.834,33,3.6,mb,,,,0.6,us,usp0004q1k,2014-11-07T00:48:20.223Z,"19 km NE of Moyobamba, Peru",earthquake,,,,2,reviewed,us,us
1991-04-08T19:53:02.790Z,-5.739,-77.105,33,4.7,mb,,,,1.2,us,usp0004q3e,2014-11-07T00:48:20.482Z,"33 km NE of Segunda Jerusalén - Azunguillo, Peru",earthquake,,,,4,reviewed,us,us
1991-04-09T00:09:11.510Z,-5.853,-76.849,33,4.9,mb,,,,1,us,usp0004q3t,2014-11-07T00:48:20.613Z,"24 km NE of Moyobamba, Peru",earthquake,,,,4,reviewed,us,us
1991-04-09T15:35:21.400Z,-5.971,-77.02,36.9,4.7,ms,,,,1.2,us,usp0004q4j,2014-11-07T00:48:20.735Z,"8 km NW of Moyobamba, Peru",earthquake,,7.2,,1,reviewed,us,us
1991-04-10T05:55:16.760Z,-5.756,-77.159,60.1,4,mb,,,,1.3,us,usp0004q59,2014-11-07T00:48:20.818Z,"28 km NNE of Segunda Jerusalén - Azunguillo, Peru",earthquake,,10.9,,2,reviewed,us,us
1991-04-11T06:39:55.180Z,-5.798,-76.858,33,4,mb,,,,0.8,us,usp0004q69,2014-11-07T00:48:20.882Z,"28 km NNE of Moyobamba, Peru",earthquake,,,,2,reviewed,us,us
1991-04-12T03:50:06.730Z,-5.753,-77.054,33,5.2,mb,,,,1.1,us,usp0004q7s,2022-04-28T19:17:42.346Z,"32 km NNW of Moyobamba, Peru",earthquake,,,,46,reviewed,us,us
1991-04-12T17:00:04.150Z,-5.881,-77.089,33,5.1,mb,,,,1,us,usp0004q8h,2022-04-28T19:17:44.432Z,"21 km NNE of Rioja, Peru",earthquake,,,,28,reviewed,us,us
1991-04-13T00:59:37.250Z,-5.728,-77.135,27.3,4.9,mb,,,,1,us,usp0004q8v,2022-04-28T19:17:50.042Z,"32 km NNE of Segunda Jerusalén - Azunguillo, Peru",earthquake,,,,25,reviewed,us,us
1991-04-13T03:35:31.140Z,-5.597,-76.908,25.3,4.5,mb,,,,1.1,us,usp0004q93,2014-11-07T00:48:21.449Z,"48 km N of Moyobamba, Peru",earthquake,,,,4,reviewed,us,us
1991-04-14T08:18:33.480Z,-5.491,-76.813,14.9,4.7,mb,,,,1.2,us,usp0004qas,2014-11-07T00:48:21.676Z,"62 km NNE of Moyobamba, Peru",earthquake,,,,2,reviewed,us,us
1991-04-15T14:15:37.490Z,-5.748,-76.92,34.9,4.7,mb,,,,1.4,us,usp0004qcb,2014-11-07T00:48:22.828Z,"northern Peru",earthquake,,12.9,,5,reviewed,us,us
1991-04-15T22:54:47.980Z,-5.784,-76.9,27,4.8,mb,,,,1.2,us,usp0004qcw,2014-11-07T00:48:22.868Z,"28 km NNE of Moyobamba, Peru",earthquake,,12.8,,8,reviewed,us,us
1991-04-21T18:11:03.200Z,-5.957,-77.014,33,4.9,mb,,,,1.1,us,usp0004qmw,2022-04-28T19:18:22.775Z,"9 km NNW of Moyobamba, Peru",earthquake,,,,13,reviewed,us,us
1991-04-22T11:03:10.050Z,-0.297,-78.893,28.3,4.7,mb,,,,1,us,usp0004qnu,2014-11-07T00:48:26.113Z,"31 km E of Santo Domingo de los Colorados, Ecuador",earthquake,,7,,9,reviewed,us,us
1991-04-24T05:13:09.830Z,2.541,-79.747,23.7,6.2,ms,,,,0.9,us,usp0004qrm,2022-04-28T19:19:14.728Z,"133 km WNW of Salahonda, Colombia",earthquake,,,,9,reviewed,us,us
1991-04-24T05:50:44.470Z,2.658,-79.804,10,4,mb,,,,1.2,us,usp0004qrn,2014-11-07T00:48:26.968Z,"144 km WNW of Salahonda, Colombia",earthquake,,,,2,reviewed,us,us
1991-04-24T21:09:20.160Z,2.677,-79.852,8.1,3.8,mb,,,,0.9,us,usp0004qsp,2014-11-07T00:48:27.176Z,"150 km WNW of Salahonda, Colombia",earthquake,,5.1,,1,reviewed,us,us
1991-05-02T07:26:03.130Z,-5.54,-77.011,97.3,4.6,mb,,,,0.9,us,usp0004r4q,2014-11-07T00:48:31.603Z,"54 km N of Moyobamba, Peru",earthquake,,8.7,,10,reviewed,us,us
1991-05-07T06:59:02.730Z,-3.751,-80.58,99.7,4.1,mb,,,,1,us,usp0004rby,2014-11-07T00:48:33.384Z,"13 km SE of Zorritos, Peru",earthquake,,21.7,,3,reviewed,us,us
1991-05-11T17:58:14.340Z,0.007,-77.369,67.5,4,mb,,,,1.7,us,usp0004rh4,2014-11-07T00:48:34.032Z,"53 km W of Nueva Loja, Ecuador",earthquake,,15.6,,2,reviewed,us,us
1991-05-13T19:58:10.530Z,-1.103,-78.362,33,3.7,mb,,,,0.8,us,usp0004rm0,2014-11-07T00:48:35.254Z,"22 km ENE of Píllaro, Ecuador",earthquake,,,,1,reviewed,us,us
1991-05-17T08:05:18.970Z,-2.177,-79.833,90.6,4.1,mb,,,,1.3,us,usp0004rre,2014-11-07T00:48:35.670Z,"2 km E of Eloy Alfaro, Ecuador",earthquake,,21.8,,2,reviewed,us,us
1991-05-18T08:47:47.640Z,-5.549,-76.985,33,4.9,mb,,,,1.2,us,usp0004rt6,2014-11-07T00:48:35.835Z,"53 km N of Moyobamba, Peru",earthquake,,,,6,reviewed,us,us
1991-05-21T19:44:56.020Z,-1.715,-77.874,139.1,4.1,mb,,,,0.7,us,usp0004ry3,2014-11-07T00:48:36.722Z,"10 km E of Palora, Ecuador",earthquake,,10.5,,1,reviewed,us,us
1991-05-25T22:25:10.300Z,-5.812,-77.086,33,4.5,mb,,,,0.9,us,usp0004s2x,2014-11-07T00:48:37.410Z,"27 km NNW of Moyobamba, Peru",earthquake,,,,4,reviewed,us,us
1991-05-28T03:22:23.540Z,-5.808,-77.057,33,4.8,mb,,,,1.2,us,usp0004s5u,2014-11-07T00:48:37.734Z,"26 km NNW of Moyobamba, Peru",earthquake,,,,26,reviewed,us,us
1991-05-29T23:52:24.470Z,-3.771,-75.461,52.9,4.1,mb,,,,0.5,us,usp0004s8r,2014-11-07T00:48:38.043Z,"112 km ESE of Alianza Cristiana, Peru",earthquake,,16.7,,2,reviewed,us,us
1991-06-05T05:40:36.450Z,-5.715,-76.22,33,3.7,mb,,,,0.6,us,usp0004shr,2014-11-07T00:48:42.408Z,"23 km NNW of Yurimaguas, Peru",earthquake,,,,1,reviewed,us,us
1991-06-12T00:45:40.080Z,-2.285,-78.884,94.4,5.8,mw,,,,1,us,usp0004ste,2022-04-28T19:09:44.502Z,"9 km SSW of Alausí, Ecuador",earthquake,,,,,reviewed,us,hrv
1991-07-20T15:21:08.820Z,-0.703,-78.148,33,4,md,,,,1.6,us,usp0004udp,2014-11-07T00:48:56.184Z,"44 km WNW of Archidona, Ecuador",earthquake,,,,,reviewed,us,qui
1991-08-02T20:58:40.060Z,-1.157,-78.33,10,3.9,md,,,,0.4,us,usp0004uxc,2014-11-07T00:49:02.216Z,"24 km E of Píllaro, Ecuador",earthquake,,,,,reviewed,us,qui
1991-08-04T04:53:13.890Z,-0.805,-80.615,10,4.5,md,,,,1.4,us,usp0004uzb,2014-11-07T00:49:02.794Z,"20 km NNE of Manta, Ecuador",earthquake,,,,,reviewed,us,qui
1991-08-04T07:45:30.940Z,-0.912,-80.916,21.2,5.5,mw,,,,0.9,us,usp0004uzf,2022-04-28T19:04:32.293Z,"23 km WNW of Manta, Ecuador",earthquake,,7.5,,,reviewed,us,hrv
1991-08-04T22:00:11.850Z,-2.324,-77.114,33,4.8,mb,,,,0.9,us,usp0004v04,2014-11-07T00:49:03.011Z,"110 km E of Macas, Ecuador",earthquake,,,,1,reviewed,us,us
1991-08-06T12:26:59.650Z,-1.108,-78.319,10,3.9,md,,,,0.3,us,usp0004v21,2014-11-07T00:49:03.607Z,"26 km ENE of Píllaro, Ecuador",earthquake,,,,,reviewed,us,qui
1991-08-10T00:49:55.630Z,2.525,-75.791,10,3.4,md,,,,0.2,us,usp0004v65,2014-11-07T00:49:04.573Z,"2 km SE of Nátaga, Colombia",earthquake,,,,,reviewed,us,uvc
1991-08-19T00:46:14.780Z,-2.327,-79.267,105.4,4.6,mb,,,,1.2,us,usp0004vjx,2014-11-07T00:49:06.729Z,"13 km NE of La Troncal, Ecuador",earthquake,,12.6,,6,reviewed,us,us
1991-08-27T08:31:37.520Z,-1.943,-79.859,100.8,4.1,mb,,,,0.5,us,usp0004vxe,2014-11-07T00:49:08.019Z,"12 km E of El Triunfo, Ecuador",earthquake,,42.9,,1,reviewed,us,us
1991-08-30T00:16:21.290Z,-4.349,-81.541,23.2,5.2,mb,,,,0.9,us,usp0004w17,2014-11-07T00:49:09.034Z,"37 km WSW of El Alto, Peru",earthquake,,,,47,reviewed,us,us
1991-09-01T17:48:19.470Z,-5.883,-77.066,41.4,4.3,mb,,,,1.2,us,usp0004w4q,2014-11-07T00:49:11.687Z,"19 km NNW of Moyobamba, Peru",earthquake,,14.4,,1,reviewed,us,us
1991-09-04T07:48:31.700Z,2.686,-78.303,33,4.1,md,,,,0.1,us,usp0004w7y,2014-11-07T00:49:13.256Z,"25 km NE of Mosquera, Colombia",earthquake,,,,,reviewed,us,uvc
1991-09-06T04:01:53.360Z,0.055,-78.423,10,4.2,md,,,,1,us,usp0004wa3,2014-11-07T00:49:13.809Z,"26 km SW of Otavalo, Ecuador",earthquake,,,,,reviewed,us,qui
1991-09-06T08:11:38.180Z,2.265,-76.506,10,4.2,md,,,,0.5,us,usp0004waa,2014-11-07T00:49:13.832Z,"11 km E of Paispamba, Colombia",earthquake,,,,,reviewed,us,uvc
1991-09-12T06:14:48.010Z,2.716,-80.141,33,4,md,,,,0.7,us,usp0004wj1,2014-11-07T00:49:14.891Z,"180 km WNW of Salahonda, Colombia",earthquake,,,,,reviewed,us,qui
1991-09-15T19:48:42.950Z,-2.287,-79.437,121.5,4.5,md,,,,1.2,us,usp0004wp5,2014-11-07T00:49:15.342Z,"8 km S of Coronel Marcelino Maridueña, Ecuador",earthquake,,15,,,reviewed,us,qui
1991-09-16T00:52:36.730Z,2.309,-76.175,10,3.6,md,,,,0.6,us,usp0004wpe,2014-11-07T00:49:15.386Z,"24 km WNW of La Argentina, Colombia",earthquake,,,,,reviewed,us,uvc
1991-09-19T15:18:41.210Z,0.525,-78.653,33,4.4,md,,,,1.5,us,usp0004wtd,2014-11-07T00:49:15.919Z,"49 km WNW of Cotacachi, Ecuador",earthquake,,,,,reviewed,us,qui
1991-09-24T21:56:06.810Z,-1.081,-78.319,10,4,md,,,,0.4,us,usp0004x08,2014-11-07T00:49:17.133Z,"27 km ENE of Píllaro, Ecuador",earthquake,,,,,reviewed,us,qui
1991-09-25T00:37:00.660Z,-0.996,-80.704,10,4.1,md,,,,1.4,us,usp0004x0f,2014-11-07T00:49:17.170Z,"3 km SSE of Manta, Ecuador",earthquake,,,,,reviewed,us,qui
1991-09-27T01:47:18.280Z,2.926,-79.74,10,4.2,md,,,,0.5,us,usp0004x3k,2014-11-07T00:49:17.604Z,"150 km WNW of Mosquera, Colombia",earthquake,,,,,reviewed,us,qui
1991-10-03T06:07:01.800Z,2.951,-78.339,33,4.2,md,,,,0.2,us,usp0004xbe,2014-11-07T00:49:21.212Z,"50 km NNE of Mosquera, Colombia",earthquake,,,,,reviewed,us,uvc
1991-10-06T14:14:51.610Z,2.757,-80.283,33,4.7,md,,,,0.4,us,usp0004xfu,2014-11-07T00:49:22.381Z,"197 km WNW of Tumaco, Colombia",earthquake,,,,,reviewed,us,uvc
1991-10-06T16:07:53.150Z,-1.887,-77.052,174.2,4.6,mb,,,,0.9,us,usp0004xfz,2014-11-07T00:49:22.406Z,"103 km ESE of Palora, Ecuador",earthquake,,6.5,,6,reviewed,us,us
1991-10-08T01:20:14.730Z,2.672,-75.725,10,3.2,md,,,,0.5,us,usp0004xhp,2014-11-07T00:49:22.710Z,"10 km WNW of Íquira, Colombia",earthquake,,,,,reviewed,us,uvc
1991-10-08T19:16:56.300Z,1.749,-77.757,33,4,md,,,,0.6,us,usp0004xjf,2014-11-07T00:49:22.896Z,"22 km WNW of Cumbitara, Colombia",earthquake,,,,,reviewed,us,uvc
1991-10-09T17:19:15.870Z,2.907,-74.785,33,4.1,md,,,,0.6,us,usp0004xkh,2014-11-07T00:49:23.051Z,"40 km SE of Baraya, Colombia",earthquake,,,,,reviewed,us,uvc
1991-10-10T07:49:10.570Z,2.599,-75.677,10,3.1,md,,,,0.5,us,usp0004xma,2014-11-07T00:49:23.171Z,"7 km SW of Íquira, Colombia",earthquake,,,,,reviewed,us,uvc
1991-10-10T08:29:08.250Z,2.73,-75.031,10,3.9,md,,,,0.6,us,usp0004xmd,2014-11-07T00:49:23.176Z,"25 km ESE of Rivera, Colombia",earthquake,,,,,reviewed,us,uvc
1991-10-13T11:39:02.080Z,2.48,-76.991,90,4.1,md,,,,0.4,us,usp0004xs3,2014-11-07T00:49:23.725Z,"16 km WSW of Villa Rica, Colombia",earthquake,,,,,reviewed,us,uvc
1991-10-14T00:37:14.790Z,2.608,-75.757,33,3.5,md,,,,0.2,us,usp0004xst,2014-11-07T00:49:23.787Z,"9 km NE of Nátaga, Colombia",earthquake,,,,,reviewed,us,uvc
1991-10-14T09:18:02.280Z,2.299,-74.857,33,3.2,md,,,,0.2,us,usp0004xtb,2014-11-07T00:49:23.861Z,"54 km NE of Puerto Rico, Colombia",earthquake,,,,,reviewed,us,uvc
1991-10-15T04:03:55.770Z,2.442,-77.273,90,4,md,,,,0.6,us,usp0004xuq,2014-11-07T00:49:24.092Z,"20 km N of Argelia, Colombia",earthquake,,,,,reviewed,us,uvc
1991-10-17T05:42:48.970Z,2.114,-76.086,33,4.5,md,,,,1,us,usp0004xxm,2014-11-07T00:49:24.658Z,"14 km NW of Oporapa, Colombia",earthquake,,,,,reviewed,us,uvc
1991-10-19T23:38:15.790Z,1.901,-77.156,110,3.7,md,,,,0.7,us,usp0004y1w,2014-11-07T00:49:25.783Z,"11 km N of Mercaderes, Colombia",earthquake,,,,,reviewed,us,uvc
1991-10-21T16:48:22.910Z,2.494,-75.425,33,3.8,md,,,,0.4,us,usp0004y4r,2014-11-07T00:49:26.318Z,"10 km SSE of Hobo, Colombia",earthquake,,,,,reviewed,us,uvc
1991-10-24T11:18:21.550Z,1.914,-75.513,33,3,md,,,,0.7,us,usp0004y9t,2014-11-07T00:49:27.122Z,"29 km ESE of Guadalupe, Colombia",earthquake,,,,,reviewed,us,uvc
1991-10-27T13:55:12.960Z,2.814,-75.255,60,3.7,md,,,,1.1,us,usp0004yfu,2014-11-07T00:49:27.964Z,"4 km N of Rivera, Colombia",earthquake,,,,,reviewed,us,uvc
1991-10-29T13:39:20.990Z,2.742,-76.065,20,3.2,md,,,,0.2,us,usp0004yjz,2014-11-07T00:49:28.224Z,"14 km NW of Belalcázar, Colombia",earthquake,,,,,reviewed,us,uvc
1991-11-13T13:21:47.590Z,2.914,-76.434,148.9,5,mb,,,,1,us,usp0004z3r,2014-11-07T00:49:34.548Z,"11 km SSE of Santander de Quilichao, Colombia",earthquake,,2.6,,57,reviewed,us,us
1991-11-13T22:41:41.740Z,2.512,-79.211,33,4.4,mb,,,,1.5,us,usp0004z4b,2014-11-07T00:49:34.662Z,"80 km NW of Salahonda, Colombia",earthquake,,,,4,reviewed,us,us
1991-11-21T07:47:13.280Z,-2.313,-80.152,62.3,4.2,mb,,,,1.1,us,usp0004zds,2014-11-07T00:49:35.640Z,"22 km SW of Santa Lucía, Ecuador",earthquake,,16.2,,1,reviewed,us,us
1991-11-21T08:24:14.230Z,-1.898,-79.793,10,4.1,md,,,,0.6,us,usp0004zdt,2014-11-07T00:49:35.642Z,"9 km WNW of Palestina, Ecuador",earthquake,,,,,reviewed,us,qui
1991-11-24T18:51:32.280Z,2.339,-79.796,33,4.2,mb,,,,1.3,us,usp0004zkh,2014-11-07T00:49:36.137Z,"126 km WNW of Tumaco, Colombia",earthquake,,,,2,reviewed,us,us
1991-11-24T19:12:05.950Z,2.542,-78.971,41,4.9,mb,,,,1.2,us,usp0004zkj,2014-11-07T00:49:36.139Z,"57 km W of Mosquera, Colombia",earthquake,,11.6,,38,reviewed,us,us
1991-12-10T05:28:27.140Z,-5.926,-77.404,102.1,4.3,mb,,,,0.9,us,usp000508g,2014-11-07T00:49:43.323Z,"15 km WNW of Segunda Jerusalén - Azunguillo, Peru",earthquake,,11.8,,5,reviewed,us,us
1991-12-12T07:12:41.070Z,-0.902,-77.49,33,4.7,mb,,,,1.3,us,usp00050ap,2014-11-07T00:49:43.601Z,"35 km E of Archidona, Ecuador",earthquake,,,,11,reviewed,us,us
1991-12-17T08:43:39.150Z,-3.173,-75.689,139,4.7,mb,,,,0.8,us,usp00050k9,2014-11-07T00:49:45.124Z,"89 km ENE of Alianza Cristiana, Peru",earthquake,,,,35,reviewed,us,us
1991-12-24T10:32:54.600Z,-0.632,-77.545,33,3.7,mb,,,,1.2,us,usp00050wz,2014-11-07T00:49:46.969Z,"42 km NE of Archidona, Ecuador",earthquake,,,,1,reviewed,us,us
1991-12-27T06:33:41.680Z,-4.315,-81.248,33,4.8,mb,,,,0.9,us,usp0005114,2014-11-07T00:49:47.689Z,"6 km SSW of El Alto, Peru",earthquake,,,,3,reviewed,us,us
1992-01-15T01:18:12.730Z,-2.169,-77.041,147.8,5.6,mw,,,,1,us,usp00051td,2022-04-28T18:56:18.633Z,"Peru-Ecuador border region",earthquake,,,,,reviewed,us,hrv
1992-01-26T22:01:53.640Z,0.676,-77.589,10,4,mb,,,,1.5,us,usp000529n,2014-11-07T00:49:57.115Z,"14 km S of Potosí, Colombia",earthquake,,,,2,reviewed,us,us
1992-02-06T09:42:57.000Z,-3.563,-77.546,83.6,4.6,mb,,,,1.3,us,usp00052q4,2014-11-07T00:50:04.181Z,"116 km E of Gualaquiza, Ecuador",earthquake,,24.2,,5,reviewed,us,us
1992-03-28T09:26:43.990Z,-1.413,-77.716,183.5,4.2,mb,,,,0.9,us,usp00054yq,2014-11-07T00:50:19.651Z,"32 km ENE of Puyo, Ecuador",earthquake,,,,8,reviewed,us,us
1992-04-17T14:27:22.470Z,-1.305,-76.747,33,3.6,mb,,,,0.9,us,usp00055xr,2014-11-07T00:50:27.878Z,"80 km SSE of Boca Suno, Ecuador",earthquake,,,,1,reviewed,us,us
1992-04-22T23:41:20.050Z,-4.974,-75.992,125,4.6,mb,,,,0.9,us,usp0005668,2014-11-07T00:50:28.809Z,"44 km NW of Lagunas, Peru",earthquake,,,,13,reviewed,us,us
1992-04-30T00:01:51.660Z,2.719,-79.737,33,4.2,mb,,,,0.7,us,usp00056pt,2014-11-07T00:50:30.969Z,"141 km WNW of Salahonda, Colombia",earthquake,,,,4,reviewed,us,us
1992-07-05T06:00:16.490Z,2.633,-79.804,33,5.1,mb,,,,1,us,usp0005aa7,2014-11-07T00:51:00.675Z,"143 km WNW of Salahonda, Colombia",earthquake,,,,28,reviewed,us,us
1992-07-13T18:11:33.710Z,-3.919,-76.602,96.5,6.3,mw,,,,0.9,us,usp0005at4,2022-04-28T18:41:06.560Z,"52 km SSW of Alianza Cristiana, Peru",earthquake,,,,,reviewed,us,hrv
1992-08-03T14:19:05.210Z,-5.025,-80.661,80,4.5,mb,,,,1.3,us,usp0005bxf,2014-11-07T00:51:12.761Z,"13 km SSE of Nuevo Sullana, Peru",earthquake,,,,3,reviewed,us,us
1992-08-12T21:12:16.850Z,2.726,-79.77,33,4.7,mb,,,,1.1,us,usp0005cce,2014-11-07T00:51:15.785Z,"144 km WNW of Salahonda, Colombia",earthquake,,,,10,reviewed,us,us
1992-08-17T00:52:07.830Z,-4.683,-77.985,49.5,5.3,mw,,,,0.8,us,usp0005ck1,2022-04-28T18:39:29.809Z,"114 km NNE of La Peca, Peru",earthquake,,,,,reviewed,us,hrv
1992-08-18T12:53:55.680Z,-2.895,-79.923,27,5.3,mw,,,,1,us,usp0005cp0,2022-04-28T18:39:32.306Z,"12 km W of Baláo, Ecuador",earthquake,,,,,reviewed,us,hrv
1992-08-26T21:52:51.930Z,-2.405,-76.196,175.5,4.4,mb,,,,0.9,us,usp0005d4a,2014-11-07T00:51:19.382Z,"121 km NNE of Alianza Cristiana, Peru",earthquake,,7.8,,18,reviewed,us,us
1992-09-22T06:49:00.730Z,-4.461,-76.364,49.3,4.5,mb,,,,0.9,us,usp0005ea6,2020-04-16T19:03:58.051Z,"53 km NE of Barranca, Peru",earthquake,,,,12,reviewed,us,us
1992-10-23T04:52:43.280Z,2.545,-79.879,10,5,mb,,,,1.1,us,usp0005frs,2014-11-07T00:51:42.459Z,"146 km WNW of Salahonda, Colombia",earthquake,,,,29,reviewed,us,us
1992-11-30T05:01:36.290Z,-3.132,-75.622,127.7,4.4,mb,,,,1.3,us,usp0005hn3,2014-11-07T00:51:55.906Z,"97 km ENE of Alianza Cristiana, Peru",earthquake,,17.5,,2,reviewed,us,us
1992-12-03T10:28:00.960Z,-4.247,-81.159,24.7,4.8,mb,,,,1,us,usp0005hs0,2014-11-07T00:51:59.239Z,"6 km ENE of El Alto, Peru",earthquake,,,,9,reviewed,us,us
1992-12-06T00:40:34.480Z,1.808,-75.39,18.1,4.9,mb,,,,1,us,usp0005hvr,2020-08-29T01:58:50.247Z,"18 km NW of El Doncello, Colombia",earthquake,,,,25,reviewed,us,us
1992-12-26T14:57:38.810Z,-1.011,-78.064,11.6,5.9,mw,,,,1,us,usp0005jwd,2022-04-28T18:26:50.060Z,"28 km W of Tena, Ecuador",earthquake,,,,,reviewed,us,hrv
1992-12-26T16:08:56.590Z,-1.063,-78.796,10,4.1,mb,,,,1.4,us,usp0005jwg,2014-11-07T00:52:05.362Z,"16 km SW of Pujilí, Ecuador",earthquake,,,,1,reviewed,us,us
1992-12-27T01:18:16.510Z,-1.081,-78.337,10,4.8,mb,,,,1.1,us,usp0005jx3,2014-11-07T00:52:05.516Z,"25 km ENE of Píllaro, Ecuador",earthquake,,,,4,reviewed,us,us
1992-12-28T06:32:33.480Z,-1.234,-78.593,10,4,mb,,,,1.1,us,usp0005jzb,2014-11-07T00:52:05.855Z,"3 km ENE of Ambato, Ecuador",earthquake,,,,1,reviewed,us,us
1993-01-07T23:15:24.740Z,-4.362,-78.007,33,4.4,mb,,,,1.2,us,usp0005kem,2014-11-07T00:52:12.413Z,"102 km SE of Yantzaza, Ecuador",earthquake,,,,2,reviewed,us,us
1993-01-14T08:41:33.420Z,-1.553,-80.799,33,4.7,mb,,,,1.2,us,usp0005krn,2014-11-07T00:52:13.949Z,"33 km SW of Jipijapa, Ecuador",earthquake,,,,11,reviewed,us,us
1993-02-02T13:56:24.250Z,-1.592,-81.955,33,5,mb,,,,1,us,usp0005mhu,2014-11-07T00:52:20.254Z,"131 km WNW of Salinas, Ecuador",earthquake,,,,8,reviewed,us,us
1993-02-12T23:38:17.580Z,-1.767,-81.114,33,4.6,mb,,,,1.1,us,usp0005n04,2014-11-07T00:52:23.893Z,"52 km NNW of Salinas, Ecuador",earthquake,,,,12,reviewed,us,us
1993-02-13T00:19:51.550Z,2.657,-79.861,33,5.1,mb,,,,0.9,us,usp0005n08,2014-11-07T00:52:23.904Z,"150 km WNW of Salahonda, Colombia",earthquake,,,,48,reviewed,us,us
1993-02-15T16:00:41.800Z,-1.849,-81.258,33,4.2,mb,,,,1.7,us,usp0005n4s,2014-11-07T00:52:24.532Z,"52 km NW of Salinas, Ecuador",earthquake,,,,2,reviewed,us,us
1993-02-26T21:52:53.890Z,2.855,-79.585,10,4.7,mb,,,,1.4,us,usp0005nqq,2014-11-07T00:52:27.525Z,"south of Panama",earthquake,,,,9,reviewed,us,us
1993-03-21T11:12:20.820Z,-2.573,-80.53,33,3.5,mb,,,,0.6,us,usp0005pws,2014-11-07T00:52:37.641Z,"17 km WNW of Playas, Ecuador",earthquake,,,,1,reviewed,us,us
1993-04-03T08:29:05.160Z,-5.968,-75.066,33,4.6,mb,,,,1.4,us,usp0005qkj,2014-11-07T00:52:45.280Z,"85 km ENE of Navarro, Peru",earthquake,,,,6,reviewed,us,us
1993-04-05T21:00:10.910Z,2.809,-78.903,26.1,4.9,mb,,,,1.1,us,usp0005qqh,2014-11-07T00:52:46.525Z,"60 km WNW of Mosquera, Colombia",earthquake,,7.3,,40,reviewed,us,us
1993-04-17T01:53:40.140Z,-2.461,-80.005,33,4.9,ms,,,,1.4,us,usp0005raa,2014-11-07T00:52:49.835Z,"30 km S of Santa Lucía, Ecuador",earthquake,,,,1,reviewed,us,us
1993-04-27T03:22:09.870Z,-1.972,-79.77,103.7,4.4,mb,,,,1,us,usp0005ru0,2014-11-07T00:52:52.398Z,"5 km WSW of Samborondón, Ecuador",earthquake,,11.1,,10,reviewed,us,us
1993-05-08T14:42:59.280Z,-4.352,-79.3,98.8,4.7,mb,,,,0.9,us,usp0005sef,2014-11-07T00:52:59.054Z,"28 km E of Cariamanga, Ecuador",earthquake,,,,37,reviewed,us,us
1993-05-16T14:59:54.950Z,-4.431,-80.631,84.9,4.6,mb,,,,1.2,us,usp0005swk,2014-11-07T00:53:01.003Z,"34 km SE of La Breita, Peru",earthquake,,,,11,reviewed,us,us
1993-05-24T11:10:56.920Z,-1.511,-77.315,200.9,4.8,mb,,,,0.9,us,usp0005td5,2014-11-07T00:53:03.813Z,"75 km ENE of Palora, Ecuador",earthquake,,,,62,reviewed,us,us
1993-06-06T02:10:35.000Z,2.646,-79.778,10,5.3,mb,,,,1,us,usp0005u3a,2014-11-07T00:53:11.232Z,"141 km WNW of Salahonda, Colombia",earthquake,,,,61,reviewed,us,us
1993-06-09T07:46:01.480Z,2.773,-79.62,27.5,4.6,mb,,,,1,us,usp0005u8f,2014-11-07T00:53:12.078Z,"133 km WNW of Mosquera, Colombia",earthquake,,,,5,reviewed,us,us
1993-06-24T13:57:01.730Z,-2.786,-79.701,33,4.6,mb,,,,1.1,us,usp0005v40,2014-11-07T00:53:18.997Z,"15 km SW of Naranjal, Ecuador",earthquake,,,,7,reviewed,us,us
1993-07-30T06:20:26.300Z,2.715,-79.632,19.1,4.4,mb,,,,1.4,us,usp0005xnn,2014-11-07T00:53:34.676Z,"131 km NW of Salahonda, Colombia",earthquake,,8.3,,1,reviewed,us,us
1993-07-30T09:10:46.250Z,2.592,-79.867,10,4.7,mb,,,,1.2,us,usp0005xny,2014-11-07T00:53:34.695Z,"147 km WNW of Salahonda, Colombia",earthquake,,,,20,reviewed,us,us
1993-08-20T06:35:10.040Z,-1.321,-80.49,33,4.8,mb,,,,1.3,us,usp0005yw8,2014-11-07T00:53:46.355Z,"9 km WSW of Sucre, Ecuador",earthquake,,,,11,reviewed,us,us
1993-09-04T03:44:03.560Z,-3.19,-78.244,84.3,4.7,mb,,,,0.6,us,usp0005zqh,2014-11-07T00:53:54.663Z,"44 km ENE of Gualaquiza, Ecuador",earthquake,,20.2,,2,reviewed,us,us
1993-09-06T06:27:36.250Z,2.516,-79.105,32.5,4.7,mb,,,,1,us,usp0005ztt,2014-11-07T00:53:55.658Z,"72 km NW of Salahonda, Colombia",earthquake,,8,,21,reviewed,us,us
1993-09-07T08:28:21.920Z,1.801,-80.58,33,4.7,mb,,,,0.9,us,usp0005zvt,2014-11-07T00:53:55.922Z,"138 km NW of Esmeraldas, Ecuador",earthquake,,,,7,reviewed,us,us
1993-09-11T06:14:27.700Z,-4.689,-76.318,120.5,5.7,mw,,,,0.8,us,usp000604g,2022-04-28T17:59:58.600Z,"42 km ENE of Barranca, Peru",earthquake,,,,,reviewed,us,hrv
1993-09-21T17:01:57.250Z,-0.217,-78.989,33,4.4,mb,,,,1.1,us,usp00060t1,2014-11-07T00:54:00.960Z,"21 km E of Santo Domingo de los Colorados, Ecuador",earthquake,,,,4,reviewed,us,us
1993-10-04T04:34:39.630Z,-1.935,-78.082,65.9,5,mb,,,,0.9,us,usp00061ez,2014-11-07T00:54:09.835Z,"28 km SSW of Palora, Ecuador",earthquake,,7.6,,26,reviewed,us,us
1993-10-08T08:21:53.850Z,-2.061,-78.402,33,4.6,mb,,,,1.3,us,usp00061nm,2014-11-07T00:54:11.123Z,"42 km NW of Macas, Ecuador",earthquake,,,,8,reviewed,us,us
1993-11-21T21:33:05.680Z,-4.916,-78.052,23.9,4.8,mb,,,,0.7,us,usp0006411,2014-11-07T00:54:26.271Z,"87 km NNE of La Peca, Peru",earthquake,,,,30,reviewed,us,us
1993-11-25T06:44:52.140Z,-5.398,-77.134,33,4.3,mb,,,,1.3,us,usp000646j,2014-11-07T00:54:27.133Z,"67 km NNE of Segunda Jerusalén - Azunguillo, Peru",earthquake,,,,3,reviewed,us,us
1993-12-08T02:52:23.430Z,-4.583,-77.275,135.4,4.9,mb,,,,0.9,us,usp00064up,2014-11-07T00:54:34.489Z,"71 km WNW of Barranca, Peru",earthquake,,,,53,reviewed,us,us
1993-12-17T05:08:01.460Z,2.687,-79.644,10.2,4.7,mb,,,,1.1,us,usp0006585,2014-11-07T00:54:36.338Z,"130 km WNW of Salahonda, Colombia",earthquake,,,,9,reviewed,us,us
1993-12-26T05:33:47.020Z,-2.471,-80.891,40.7,4.8,mb,,,,1,us,usp00065nq,2014-11-07T00:54:38.362Z,"26 km S of La Libertad, Ecuador",earthquake,,,,14,reviewed,us,us
1994-01-06T08:31:19.180Z,-4.327,-80.561,33,4.4,md,,,,0.7,us,usp000663b,2014-11-07T00:54:44.237Z,"33 km SE of Papayal, Peru",earthquake,,,,,reviewed,us,qui
1994-01-07T07:19:25.110Z,2.541,-79.786,25.6,5,mb,,,,1.1,us,usp000664f,2014-11-07T00:54:44.475Z,"137 km WNW of Salahonda, Colombia",earthquake,,5.8,,15,reviewed,us,us
1994-01-14T06:53:35.980Z,2.187,-78.718,33,4.4,mb,,,,1.2,us,usp00066ek,2014-11-07T00:54:46.805Z,"near the west coast of Colombia",earthquake,,,,7,reviewed,us,us
1994-01-20T13:13:57.990Z,-3.011,-80.506,33,4.3,mb,,,,1.2,us,usp000672f,2014-11-07T00:54:49.273Z,"43 km SSW of Playas, Ecuador",earthquake,,,,3,reviewed,us,us
1994-01-25T05:41:19.220Z,-1.543,-78.009,168.1,5.4,mw,,,,0.9,us,usp00067d6,2025-12-19T22:35:05.805Z,"6 km S of Puyo, Ecuador",earthquake,,,,,reviewed,us,hrv
1994-03-16T22:55:46.900Z,-0.904,-79.678,119.5,4,md,,,,1.2,us,usp00069t2,2014-11-07T00:55:09.624Z,"16 km NNW of Velasco Ibarra, Ecuador",earthquake,,22.9,,,reviewed,us,qui
1994-03-23T18:34:01.520Z,-1.332,-78.388,10,4,md,,,,0.7,us,usp0006a2k,2014-11-07T00:55:10.627Z,"8 km NNE of Baños, Ecuador",earthquake,,,,,reviewed,us,qui
1994-03-24T11:59:07.630Z,0.38,-79.135,33,4,md,,,,0.3,us,usp0006a3t,2014-11-07T00:55:10.723Z,"38 km E of Rosa Zarate, Ecuador",earthquake,,,,,reviewed,us,qui
1994-03-25T12:19:32.060Z,-1.134,-78.417,10,4,md,,,,1.1,us,usp0006a5g,2014-11-07T00:55:10.883Z,"15 km ENE of Píllaro, Ecuador",earthquake,,,,,reviewed,us,qui
1994-03-29T11:58:21.870Z,0.656,-79.778,10,4.3,md,,,,1.6,us,usp0006abp,2014-11-07T00:55:11.466Z,"27 km E of Muisne, Ecuador",earthquake,,,,,reviewed,us,qui
1994-04-01T05:01:04.110Z,0.502,-79.798,23.5,4,md,,,,0.9,us,usp0006aff,2014-11-07T00:55:13.621Z,"27 km ESE of Muisne, Ecuador",earthquake,,8.9,,,reviewed,us,qui
1994-04-01T08:29:39.070Z,0.612,-79.863,33,4,md,,,,1.2,us,usp0006afr,2014-11-07T00:55:13.752Z,"near the coast of Ecuador",earthquake,,,,,reviewed,us,qui
1994-04-11T08:00:42.790Z,2.393,-79.439,29.5,4.6,mb,,,,1.2,us,usp0006axy,2014-11-07T00:55:17.603Z,"95 km WNW of Salahonda, Colombia",earthquake,,,,13,reviewed,us,us
1994-04-27T12:16:55.260Z,-5.28,-76.455,33,4.9,mb,,,,0.9,us,usp0006bqq,2014-11-07T00:55:21.441Z,"55 km SSE of Barranca, Peru",earthquake,,,,21,reviewed,us,us
1994-05-08T08:43:20.740Z,-1.397,-77.783,178.5,4.4,mb,,,,0.8,us,usp0006c8v,2014-11-07T00:55:27.291Z,"26 km ENE of Puyo, Ecuador",earthquake,,,,25,reviewed,us,us
1994-05-11T04:17:10.830Z,-3.63,-78.7,33,4.5,mb,,,,1.1,us,usp0006cd0,2014-11-07T00:55:27.826Z,"23 km NNE of Yantzaza, Ecuador",earthquake,,,,8,reviewed,us,us
1994-05-11T11:53:27.950Z,0.45,-78.701,18.8,5.3,mb,,,,1.1,us,usp0006cdf,2022-04-28T17:42:02.518Z,"51 km WNW of Cotacachi, Ecuador",earthquake,,,,82,reviewed,us,us
1994-05-12T11:27:53.000Z,-2.561,-79.249,84.6,4.9,mb,,,,0.9,us,usp0006ceu,2014-11-07T00:55:28.130Z,"18 km SSE of La Troncal, Ecuador",earthquake,,,,47,reviewed,us,us
1994-06-06T20:47:40.530Z,2.917,-76.057,12.1,6.8,mw,,,,1.1,us,usp0006dv8,2022-04-28T17:38:43.031Z,"23 km E of Toribío, Colombia",earthquake,,,,,reviewed,us,hrv
1994-06-08T06:41:24.430Z,2.627,-75.939,33,3.9,mb,,,,0.6,us,usp0006dy4,2014-11-07T00:55:40.162Z,"4 km ESE of Belalcázar, Colombia",earthquake,,,,1,reviewed,us,us
1994-06-08T08:55:00.700Z,2.717,-75.921,42.9,4.4,mb,,,,1.3,us,usp0006dyb,2014-11-07T00:55:40.176Z,"9 km NE of Belalcázar, Colombia",earthquake,,11.9,,2,reviewed,us,us
1994-06-10T05:47:10.440Z,2.762,-76.048,55.3,3.8,mb,,,,0.9,us,usp0006e19,2014-11-07T00:55:40.654Z,"15 km NNW of Belalcázar, Colombia",earthquake,,15.8,,1,reviewed,us,us
1994-07-02T10:18:09.560Z,-1.679,-78.126,128.4,4.2,mb,,,,1,us,usp0006f2j,2014-11-07T00:55:48.690Z,"18 km W of Palora, Ecuador",earthquake,,,,5,reviewed,us,us
1994-07-07T22:54:10.870Z,-1.07,-78.291,12.6,5.1,mb,,,,0.9,us,usp0006fb3,2022-04-28T17:36:41.446Z,"30 km ENE of Píllaro, Ecuador",earthquake,,8.9,,39,reviewed,us,us
1994-07-18T18:15:41.760Z,-1.363,-77.832,173,4.5,mb,,,,0.8,us,usp0006fvh,2014-11-07T00:55:52.852Z,"23 km NE of Puyo, Ecuador",earthquake,,3,,19,reviewed,us,us
1994-08-04T02:50:49.090Z,2.835,-76.168,10,4.4,mb,,,,1,us,usp0006gh3,2014-11-07T00:55:59.793Z,"17 km SE of Toribío, Colombia",earthquake,,,,4,reviewed,us,us
1994-08-11T22:28:29.350Z,-1.983,-80.833,14.7,5.1,ms,,,,1.1,us,usp0006gv0,2014-11-07T00:56:02.468Z,"27 km N of Santa Elena, Ecuador",earthquake,,,,1,reviewed,us,us
1994-08-29T07:43:57.740Z,2.825,-75.954,41.9,4.4,mb,,,,1.1,us,usp0006hn5,2014-11-07T00:56:08.190Z,"19 km N of Belalcázar, Colombia",earthquake,,11.7,,8,reviewed,us,us
1994-09-16T21:19:26.250Z,-2.928,-77.444,89.8,4.6,mb,,,,1.3,us,usp0006jjh,2014-11-07T00:56:18.058Z,"96 km ESE of Sucúa, Ecuador",earthquake,,,,13,reviewed,us,us
1994-10-01T07:33:51.060Z,-5.708,-76.956,33,4.8,mb,,,,1.1,us,usp0006k8k,2014-11-07T00:56:23.700Z,"36 km N of Moyobamba, Peru",earthquake,,,,24,reviewed,us,us
1994-10-10T18:49:12.240Z,-3.765,-77.908,22.9,4.9,mb,,,,1,us,usp0006kxj,2014-11-07T00:56:30.195Z,"84 km ESE of Gualaquiza, Ecuador",earthquake,,,,31,reviewed,us,us
1994-11-14T18:29:35.770Z,-3.877,-79.218,33,4.7,mb,,,,1.4,us,usp0006nn1,2014-11-07T00:56:47.318Z,"12 km N of Loja, Ecuador",earthquake,,,,1,reviewed,us,us
1994-11-26T02:12:42.010Z,-4.651,-80.837,37.3,5,mb,,,,0.8,us,usp0006p8f,2022-04-28T17:21:26.091Z,"28 km NW of Salitral, Peru",earthquake,,,,52,reviewed,us,us
1994-11-26T04:48:03.230Z,2.889,-79.494,10,5.3,mw,,,,0.9,us,usp0006p8k,2025-12-19T22:29:05.394Z,"123 km WNW of Mosquera, Colombia",earthquake,,,,,reviewed,us,hrv
1994-11-27T08:40:38.830Z,2.97,-79.434,33,4.6,mb,,,,0.7,us,usp0006pae,2014-11-07T00:56:50.880Z,"120 km WNW of Mosquera, Colombia",earthquake,,,,19,reviewed,us,us
1995-01-07T02:13:28.030Z,-1.57,-78.01,165.7,5.4,mb,,,,0.9,us,usp0006qz8,2022-04-29T17:45:20.862Z,"9 km S of Puyo, Ecuador",earthquake,,,,118,reviewed,us,us
1995-01-09T19:14:32.600Z,1.146,-78.873,33,4.4,mb,,,,1.2,us,usp0006r3s,2014-11-07T00:57:07.111Z,"16 km SSW of San Lorenzo de Esmeraldas, Ecuador",earthquake,,,,4,reviewed,us,us
1995-01-13T19:13:03.550Z,-0.078,-78.571,13.9,4.6,mb,,,,1.4,us,usp0006r9k,2014-11-07T00:57:07.928Z,"17 km NNW of Quito, Ecuador",earthquake,,,,14,reviewed,us,us
1995-02-02T22:10:07.290Z,-2.717,-77.825,100,4.4,mb,,,,1.1,us,usp0006s9j,2014-11-07T00:57:16.180Z,"47 km SE of Sucúa, Ecuador",earthquake,,,,3,reviewed,us,us
1995-02-09T15:22:34.980Z,-2.136,-77.451,33,4.3,mb,,,,0.6,us,usp0006snr,2014-11-07T00:57:18.494Z,"74 km SE of Palora, Ecuador",earthquake,,,,4,reviewed,us,us
1995-02-12T01:02:07.240Z,-5.762,-76.109,22.3,5.6,mw,,,,0.9,us,usp0006ssc,2022-04-29T17:39:34.138Z,"15 km N of Yurimaguas, Peru",earthquake,,,,,reviewed,us,hrv
1995-02-12T23:19:53.780Z,-1.102,-77.41,187.2,4.2,mb,,,,1.3,us,usp0006su1,2014-11-07T00:57:19.208Z,"46 km ESE of Tena, Ecuador",earthquake,,40.4,,4,reviewed,us,us
1995-02-14T12:25:37.040Z,-1.436,-80.407,33,4.6,mb,,,,0.9,us,usp0006sxx,2014-11-07T00:57:19.926Z,"13 km N of Paján, Ecuador",earthquake,,,,10,reviewed,us,us
1995-02-16T09:35:17.940Z,-5.789,-76.142,18.6,5,mw,,,,1,us,usp0006t1r,2022-04-29T17:40:35.502Z,"12 km N of Yurimaguas, Peru",earthquake,,,,,reviewed,us,hrv
1995-03-04T23:23:40.680Z,1.282,-77.307,5,4.4,mb,,,,1.2,us,usp0006tts,2021-10-20T17:29:56.868Z,"5 km E of Nariño, Colombia",earthquake,,,,11,reviewed,us,us
1995-03-13T03:54:30.760Z,-3.604,-80.857,35.2,4.6,mb,,,,1.1,us,usp0006u4e,2014-11-07T00:57:30.083Z,"21 km WNW of Zorritos, Peru",earthquake,,,,15,reviewed,us,us
1995-03-26T15:12:31.760Z,-2.05,-79.492,90.6,5.6,mw,,,,0.9,us,usp0006usa,2022-04-29T17:33:28.362Z,"13 km NNW of Naranjito, Ecuador",earthquake,,,,,reviewed,us,hrv
1995-04-12T18:22:33.030Z,2.752,-78.351,46.7,5.1,mw,,,,0.9,us,usp0006vjf,2022-04-29T17:23:14.267Z,"29 km NNE of Mosquera, Colombia",earthquake,,,,,reviewed,us,hrv
1995-04-14T14:12:59.810Z,-1.837,-77.507,164.6,5.5,mb,,,,0.9,us,usp0006vns,2022-04-29T17:24:26.185Z,"53 km ESE of Palora, Ecuador",earthquake,,,,126,reviewed,us,us
1995-05-01T16:55:42.910Z,-3.884,-76.267,115.5,4.4,mb,,,,1.1,us,usp0006wp7,2014-11-07T00:57:50.122Z,"48 km SSE of Alianza Cristiana, Peru",earthquake,,,,12,reviewed,us,us
1995-05-02T06:06:05.690Z,-3.792,-76.917,97,6.7,mw,,,,1,us,usp0006wq1,2022-04-29T16:45:55.106Z,"64 km WSW of Alianza Cristiana, Peru",earthquake,,,,,reviewed,us,hrv
1995-05-31T00:07:41.690Z,-1.677,-77.966,179.9,4.1,mb,,,,0.8,us,usp0006ybv,2014-11-07T00:58:01.315Z,"2 km N of Palora, Ecuador",earthquake,,18.8,,11,reviewed,us,us
1995-06-09T20:46:13.940Z,-4.389,-80.341,33,3.8,mb,,,,1.7,us,usp0006yv5,2014-11-07T00:58:07.710Z,"31 km NNW of Las Lomas, Peru",earthquake,,,,3,reviewed,us,us
1995-06-14T17:32:01.050Z,-2.95,-79.794,33,4.9,mb,,,,1,us,usp0006z2t,2014-11-07T00:58:08.830Z,"4 km SSE of Baláo, Ecuador",earthquake,,,,26,reviewed,us,us
1995-06-18T00:49:27.630Z,-1.328,-80.896,33,4.1,mb,,,,1.4,us,usp0006zaj,2014-11-07T00:58:09.698Z,"35 km W of Jipijapa, Ecuador",earthquake,,,,7,reviewed,us,us
1995-06-27T00:37:29.750Z,-2.82,-79.16,33,4.9,mb,,,,0.6,us,usp0006zrs,2014-11-07T00:58:11.997Z,"19 km WNW of Cuenca, Ecuador",earthquake,,,,4,reviewed,us,us
1995-07-02T03:03:36.770Z,-4.483,-77.769,150,3.9,mb,,,,1.5,us,usp000700n,2014-11-07T00:58:16.120Z,"127 km WNW of Barranca, Peru",earthquake,,,,2,reviewed,us,us
1995-07-06T13:41:17.540Z,-1.515,-77.905,147.4,4.5,mb,,,,1.1,us,usp000707y,2014-11-07T00:58:18.668Z,"11 km ESE of Puyo, Ecuador",earthquake,,24.3,,4,reviewed,us,us
1995-07-17T15:51:40.950Z,-4.183,-81.012,33,4.1,mb,,,,1.2,us,usp00070pn,2014-11-07T00:58:21.749Z,"9 km SSE of Máncora, Peru",earthquake,,,,7,reviewed,us,us
1995-07-20T11:13:37.960Z,0.522,-80.091,33,5,mb,,,,1.1,us,usp00070sz,2014-11-07T00:58:22.362Z,"12 km SW of Muisne, Ecuador",earthquake,,,,53,reviewed,us,us
1995-07-26T15:11:58.820Z,2.741,-79.926,10,4.3,mb,,,,1.3,us,usp000710f,2014-11-07T00:58:23.290Z,"160 km WNW of Salahonda, Colombia",earthquake,,,,11,reviewed,us,us
1995-08-02T10:34:54.790Z,-3.375,-76.515,100,4.4,mb,,,,0.8,us,usp00071be,2014-11-07T00:58:27.926Z,"14 km NW of Alianza Cristiana, Peru",earthquake,,,,4,reviewed,us,us
1995-08-12T05:04:14.240Z,-1.353,-77.874,139.5,4.3,mb,,,,0.9,us,usp00071r7,2014-11-07T00:58:31.159Z,"20 km NE of Puyo, Ecuador",earthquake,,19.5,,35,reviewed,us,us
1995-08-13T15:53:56.650Z,-2.508,-80.276,33,4.6,mb,,,,1,us,usp00071t5,2014-11-07T00:58:31.414Z,"18 km NE of Playas, Ecuador",earthquake,,,,16,reviewed,us,us
1995-08-17T04:03:21.150Z,-5.631,-76.101,33,4.1,mb,,,,1.5,us,usp00071y4,2014-11-07T00:58:32.761Z,"30 km N of Yurimaguas, Peru",earthquake,,,,6,reviewed,us,us
1995-09-26T06:43:13.930Z,2.973,-77.754,84.5,4.5,mb,,,,1.2,us,usp000740f,2014-11-07T00:58:47.244Z,"24 km NNW of Timbiquí, Colombia",earthquake,,8.1,,16,reviewed,us,us
1995-10-03T01:51:23.900Z,-2.75,-77.881,24.4,7,mw,,,,0.9,us,usp00074c4,2022-04-29T19:54:23.781Z,"45 km SE of Sucúa, Ecuador",earthquake,,,,,reviewed,us,hrv
1995-10-03T01:57:03.490Z,-2.614,-77.777,33,5.6,mb,,,,0.8,us,usp00074c5,2022-04-29T19:54:24.909Z,"47 km ESE of Sucúa, Ecuador",earthquake,,,,63,reviewed,us,us
1995-10-03T02:10:46.080Z,-2.726,-77.987,33,4.9,mb,,,,1.3,us,usp00074c7,2014-11-07T00:58:52.737Z,"35 km SE of Sucúa, Ecuador",earthquake,,,,25,reviewed,us,us
1995-10-03T02:33:53.780Z,-2.597,-77.763,33,5.1,mb,,,,1,us,usp00074c8,2022-04-29T19:54:26.079Z,"47 km ESE of Sucúa, Ecuador",earthquake,,,,50,reviewed,us,us
1995-10-03T04:15:12.960Z,-3.156,-79.321,33,4.7,mb,,,,0.8,us,usp00074cc,2014-11-07T00:58:52.806Z,"45 km SW of Cuenca, Ecuador",earthquake,,,,3,reviewed,us,us
1995-10-03T04:26:23.720Z,-2.579,-77.543,33,4.5,mb,,,,1.1,us,usp00074cd,2014-11-07T00:58:52.809Z,"69 km ESE of Macas, Ecuador",earthquake,,,,2,reviewed,us,us
1995-10-03T04:32:52.650Z,-2.234,-77.492,33,4,mb,,,,1.1,us,usp00074ce,2014-11-07T00:58:52.814Z,"69 km E of Macas, Ecuador",earthquake,,,,3,reviewed,us,us
1995-10-03T04:46:33.680Z,-2.814,-77.595,33,4.5,mb,,,,1.4,us,usp00074cg,2014-11-07T00:58:52.827Z,"75 km ESE of Sucúa, Ecuador",earthquake,,,,3,reviewed,us,us
1995-10-03T04:58:19.810Z,-2.541,-77.674,33,4.6,mb,,,,0.9,us,usp00074ch,2014-11-07T00:58:52.830Z,"55 km ESE of Macas, Ecuador",earthquake,,,,9,reviewed,us,us
1995-10-03T05:20:26.390Z,-2.822,-77.821,33,5,mb,,,,0.9,us,usp00074cj,2022-04-29T19:54:28.349Z,"55 km SE of Sucúa, Ecuador",earthquake,,,,53,reviewed,us,us
1995-10-03T05:52:42.790Z,-2.4,-77.365,33,3.3,mb,,,,1.2,us,usp00074cp,2014-11-07T00:58:52.863Z,"83 km E of Macas, Ecuador",earthquake,,,,1,reviewed,us,us
1995-10-03T06:19:10.370Z,-2.582,-77.679,33,3.9,mb,,,,1.2,us,usp00074cr,2014-11-07T00:58:52.872Z,"56 km ESE of Sucúa, Ecuador",earthquake,,,,1,reviewed,us,us
1995-10-03T06:27:24.110Z,-2.896,-77.916,18.9,5.2,mb,,,,0.9,us,usp00074cs,2022-04-29T19:54:29.521Z,"56 km SSE of Sucúa, Ecuador",earthquake,,,,87,reviewed,us,us
1995-10-03T06:31:47.570Z,-2.679,-77.803,33,4.8,mb,,,,1,us,usp00074cu,2014-11-07T00:58:52.907Z,"47 km ESE of Sucúa, Ecuador",earthquake,,,,28,reviewed,us,us
1995-10-03T06:43:30.220Z,-2.255,-77.479,33,4.4,mb,,,,0.5,us,usp00074cv,2014-11-07T00:58:52.916Z,"70 km E of Macas, Ecuador",earthquake,,,,6,reviewed,us,us
1995-10-03T07:05:14.030Z,-2.479,-77.966,33,4.3,mb,,,,1.5,us,usp00074cw,2014-11-07T00:58:52.919Z,"22 km E of Sucúa, Ecuador",earthquake,,,,2,reviewed,us,us
1995-10-03T07:10:16.350Z,-2.849,-77.978,33,4.4,mb,,,,1.2,us,usp00074cx,2014-11-07T00:58:52.921Z,"48 km SSE of Sucúa, Ecuador",earthquake,,,,11,reviewed,us,us
1995-10-03T07:38:18.870Z,-2.226,-77.334,33,4.1,mb,,,,1.3,us,usp00074d0,2014-11-07T00:58:52.955Z,"86 km E of Macas, Ecuador",earthquake,,,,3,reviewed,us,us
1995-10-03T09:30:52.350Z,-2.999,-77.976,33,4.7,mb,,,,1.2,us,usp00074d3,2014-11-07T00:58:53.011Z,"63 km SSE of Sucúa, Ecuador",earthquake,,,,25,reviewed,us,us
1995-10-03T10:06:59.050Z,-2.809,-77.825,27.4,4.7,mb,,,,1.1,us,usp00074d6,2014-11-07T00:58:53.042Z,"54 km SE of Sucúa, Ecuador",earthquake,,8.1,,26,reviewed,us,us
1995-10-03T11:12:21.640Z,-2.568,-77.692,33,4.6,mb,,,,1,us,usp00074d9,2014-11-07T00:58:53.064Z,"54 km ESE of Sucúa, Ecuador",earthquake,,,,13,reviewed,us,us
1995-10-03T11:40:16.080Z,-2.672,-77.785,33,4.9,mb,,,,0.9,us,usp00074da,2014-11-07T00:58:53.071Z,"49 km ESE of Sucúa, Ecuador",earthquake,,,,43,reviewed,us,us
1995-10-03T12:44:58.090Z,-2.778,-77.851,16.7,6.5,mw,,,,1,us,usp00074de,2022-04-29T19:54:30.684Z,"50 km SE of Sucúa, Ecuador",earthquake,,,,,reviewed,us,hrv
1995-10-03T13:12:31.120Z,-2.568,-77.449,33,4.4,mb,,,,1,us,usp00074dg,2014-11-07T00:58:53.228Z,"79 km ESE of Macas, Ecuador",earthquake,,,,7,reviewed,us,us
1995-10-03T13:21:11.810Z,-2.465,-77.552,33,4.5,mb,,,,1.3,us,usp00074dh,2014-11-07T00:58:53.232Z,"64 km ESE of Macas, Ecuador",earthquake,,,,7,reviewed,us,us
1995-10-03T13:47:46.600Z,-2.512,-77.675,33,4.2,mb,,,,1.3,us,usp00074dm,2014-11-07T00:58:53.240Z,"53 km ESE of Macas, Ecuador",earthquake,,,,1,reviewed,us,us
1995-10-03T14:17:31.860Z,-2.73,-77.92,33,4.2,mb,,,,0.7,us,usp00074dp,2014-11-07T00:58:53.246Z,"41 km SE of Sucúa, Ecuador",earthquake,,,,4,reviewed,us,us
1995-10-03T14:29:27.960Z,-2.927,-77.899,33,4.7,mb,,,,1,us,usp00074dr,2014-11-07T00:58:53.255Z,"60 km SSE of Sucúa, Ecuador",earthquake,,12.6,,24,reviewed,us,us
1995-10-03T14:54:26.510Z,-2.742,-77.708,33,4.3,mb,,,,0.7,us,usp00074ds,2014-11-07T00:58:53.261Z,"60 km ESE of Sucúa, Ecuador",earthquake,,,,6,reviewed,us,us
1995-10-03T15:07:51.460Z,-2.683,-77.815,33,4.4,mb,,,,0.8,us,usp00074dt,2014-11-07T00:58:53.263Z,"46 km ESE of Sucúa, Ecuador",earthquake,,,,7,reviewed,us,us
1995-10-03T17:01:00.920Z,-2.883,-77.903,33,4.9,mb,,,,1,us,usp00074e0,2014-11-07T00:58:53.309Z,"55 km SSE of Sucúa, Ecuador",earthquake,,,,54,reviewed,us,us
1995-10-03T18:04:27.660Z,-2.976,-77.731,45.7,4.7,mb,,,,1.2,us,usp00074e4,2014-11-07T00:58:53.329Z,"75 km SE of Sucúa, Ecuador",earthquake,,,,21,reviewed,us,us
1995-10-03T18:13:57.400Z,-2.42,-77.448,33,4.4,mb,,,,1.5,us,usp00074e5,2014-11-07T00:58:53.336Z,"74 km E of Macas, Ecuador",earthquake,,,,7,reviewed,us,us
1995-10-03T20:08:59.060Z,-2.682,-77.786,33,4.6,mb,,,,0.9,us,usp00074ed,2014-11-07T00:58:53.389Z,"49 km ESE of Sucúa, Ecuador",earthquake,,,,25,reviewed,us,us
1995-10-03T20:43:13.780Z,-2.535,-77.944,33,4.3,mb,,,,1.5,us,usp00074ef,2014-11-07T00:58:53.399Z,"26 km ESE of Sucúa, Ecuador",earthquake,,,,2,reviewed,us,us
1995-10-04T01:14:48.160Z,-2.851,-77.432,33,3.8,mb,,,,1,us,usp00074ex,2014-11-07T00:58:53.468Z,"Peru-Ecuador border region",earthquake,,,,3,reviewed,us,us
1995-10-04T05:08:28.250Z,-2.485,-77.484,33,4.1,mb,,,,1.3,us,usp00074fa,2014-11-07T00:58:53.562Z,"Peru-Ecuador border region",earthquake,,,,5,reviewed,us,us
1995-10-04T06:18:57.390Z,-2.835,-77.811,33,4.5,mb,,,,1.2,us,usp00074fc,2014-11-07T00:58:53.566Z,"57 km SE of Sucúa, Ecuador",earthquake,,,,10,reviewed,us,us
1995-10-04T06:33:49.520Z,-2.923,-77.853,33,4,mb,,,,1.1,us,usp00074fd,2014-11-07T00:58:53.569Z,"Peru-Ecuador border region",earthquake,,,,3,reviewed,us,us
1995-10-04T07:23:15.000Z,-2.305,-77.416,33,4.3,mb,,,,0.9,us,usp00074ff,2014-11-07T00:58:53.573Z,"77 km E of Macas, Ecuador",earthquake,,,,7,reviewed,us,us
1995-10-04T08:38:12.730Z,-2.635,-77.801,59.9,5.3,mw,,,,0.9,us,usp00074fq,2022-04-29T19:54:43.301Z,"45 km ESE of Sucúa, Ecuador",earthquake,,7.4,,,reviewed,us,hrv
1995-10-04T12:41:07.760Z,-2.656,-77.458,33,4.3,mb,,,,1.3,us,usp00074g7,2014-11-07T00:58:53.678Z,"82 km ESE of Macas, Ecuador",earthquake,,,,4,reviewed,us,us
1995-10-04T12:56:37.780Z,-2.403,-77.18,20,4.6,mb,,,,1.1,us,usp00074ga,2014-11-07T00:58:53.684Z,"104 km E of Macas, Ecuador",earthquake,,,,9,reviewed,us,us
1995-10-04T22:46:21.890Z,-2.693,-77.742,33,4.4,mb,,,,0.8,us,usp00074h2,2014-11-07T00:58:53.809Z,"54 km ESE of Sucúa, Ecuador",earthquake,,,,5,reviewed,us,us
1995-10-04T23:59:50.040Z,-2.969,-77.868,33,4.6,mb,,,,1.5,us,usp00074h4,2014-11-07T00:58:53.814Z,"65 km SSE of Sucúa, Ecuador",earthquake,,,,6,reviewed,us,us
1995-10-05T00:17:51.670Z,-2.464,-77.336,33,4.4,mb,,,,0.9,us,usp00074h6,2014-11-07T00:58:53.822Z,"87 km E of Macas, Ecuador",earthquake,,,,2,reviewed,us,us
1995-10-05T01:13:15.220Z,-2.996,-77.891,33,4.3,mb,,,,1.4,us,usp00074h9,2014-11-07T00:58:53.831Z,"67 km SSE of Sucúa, Ecuador",earthquake,,,,11,reviewed,us,us
1995-10-05T01:36:55.610Z,-2.724,-77.884,33,5.3,mw,,,,1.2,us,usp00074hb,2022-04-29T19:54:50.918Z,"43 km SE of Sucúa, Ecuador",earthquake,,,,,reviewed,us,hrv
1995-10-05T02:45:18.260Z,-2.818,-77.851,33,4.9,mb,,,,1.2,us,usp00074hd,2014-11-07T00:58:53.851Z,"53 km SE of Sucúa, Ecuador",earthquake,,,,46,reviewed,us,us
1995-10-05T12:04:28.440Z,-2.85,-77.85,33,4.6,mb,,,,1.1,us,usp00074j7,2014-11-07T00:58:53.970Z,"56 km SE of Sucúa, Ecuador",earthquake,,,,11,reviewed,us,us
1995-10-06T00:14:45.540Z,-2.908,-77.983,33,4.6,mb,,,,1.3,us,usp00074k8,2014-11-07T00:58:54.116Z,"53 km SSE of Sucúa, Ecuador",earthquake,,,,14,reviewed,us,us
1995-10-06T18:05:54.920Z,-2.736,-77.811,33,4.8,mb,,,,0.8,us,usp00074pg,2014-11-07T00:58:54.627Z,"50 km SE of Sucúa, Ecuador",earthquake,,,,27,reviewed,us,us
1995-10-06T23:12:27.080Z,-2.813,-77.749,33,4.5,mb,,,,1.2,us,usp00074pz,2014-11-07T00:58:54.735Z,"61 km SE of Sucúa, Ecuador",earthquake,,,,7,reviewed,us,us
1995-10-06T23:16:29.760Z,-2.676,-77.834,33,4.4,mb,,,,1,us,usp00074q0,2014-11-07T00:58:54.736Z,"Peru-Ecuador border region",earthquake,,,,6,reviewed,us,us
1995-10-07T05:53:52.610Z,-2.847,-77.81,33,4.5,mb,,,,1,us,usp00074qk,2014-11-07T00:58:54.814Z,"58 km SE of Sucúa, Ecuador",earthquake,,,,12,reviewed,us,us
1995-10-07T09:15:24.930Z,-2.794,-77.829,33,4.7,mb,,,,1.1,us,usp00074qu,2014-11-07T00:58:54.841Z,"53 km SE of Sucúa, Ecuador",earthquake,,,,33,reviewed,us,us
1995-10-07T09:58:53.780Z,-2.802,-77.878,33,4.5,mb,,,,0.6,us,usp00074qw,2014-11-07T00:58:54.850Z,"50 km SE of Sucúa, Ecuador",earthquake,,,,11,reviewed,us,us
1995-10-07T11:02:15.460Z,-2.69,-77.56,33,4.3,mb,,,,0.6,us,usp00074r1,2014-11-07T00:58:54.867Z,"72 km ESE of Sucúa, Ecuador",earthquake,,,,4,reviewed,us,us
1995-10-07T14:15:36.640Z,-2.773,-77.907,33,4.6,mb,,,,1.4,us,usp00074r9,2014-11-07T00:58:54.891Z,"45 km SE of Sucúa, Ecuador",earthquake,,,,4,reviewed,us,us
1995-10-07T21:19:49.500Z,-2.828,-77.706,33,4.8,mb,,,,1,us,usp00074rt,2014-11-07T00:58:54.942Z,"65 km SE of Sucúa, Ecuador",earthquake,,,,28,reviewed,us,us
1995-10-07T21:28:03.100Z,-2.775,-77.823,12.3,5.8,mw,,,,0.8,us,usp00074ru,2022-04-29T19:55:06.098Z,"52 km SE of Sucúa, Ecuador",earthquake,,,,,reviewed,us,hrv
1995-10-07T21:37:15.580Z,-2.675,-77.691,33,4.7,mb,,,,0.8,us,usp00074rw,2014-11-07T00:58:54.996Z,"58 km ESE of Sucúa, Ecuador",earthquake,,,,18,reviewed,us,us
1995-10-08T00:01:06.950Z,-2.764,-77.64,33,4.3,mb,,,,1.3,us,usp00074s8,2014-11-07T00:58:55.043Z,"68 km ESE of Sucúa, Ecuador",earthquake,,,,2,reviewed,us,us
1995-10-08T10:27:39.150Z,-2.581,-77.835,33,5.4,mw,,,,0.9,us,usp00074tc,2022-04-29T19:55:08.351Z,"Peru-Ecuador border region",earthquake,,,,,reviewed,us,hrv
1995-10-08T10:39:44.310Z,-2.868,-78.072,33,4.4,mb,,,,1,us,usp00074td,2014-11-07T00:58:55.247Z,"46 km SSE of Sucúa, Ecuador",earthquake,,,,4,reviewed,us,us
1995-10-08T11:06:01.230Z,-2.558,-77.756,33,4.4,mb,,,,1.1,us,usp00074te,2014-11-07T00:58:55.249Z,"47 km ESE of Sucúa, Ecuador",earthquake,,,,13,reviewed,us,us
1995-10-10T14:49:47.000Z,-2.905,-77.822,33,4.4,mb,,,,1.4,us,usp00074xh,2014-11-07T00:58:56.471Z,"Peru-Ecuador border region",earthquake,,,,3,reviewed,us,us
1995-10-10T17:29:23.470Z,1.123,-79.3,55.5,5.1,mw,,,,0.9,us,usp00074xv,2022-04-29T19:55:13.965Z,"37 km WSW of Valdez, Ecuador",earthquake,,,,,reviewed,us,hrv
1995-10-11T09:52:48.440Z,-2.905,-77.847,33,4.4,mb,,,,1.1,us,usp00074yv,2014-11-07T00:58:56.636Z,"61 km SE of Sucúa, Ecuador",earthquake,,,,4,reviewed,us,us
1995-10-15T03:46:34.370Z,-2.79,-77.793,33,4.2,mb,,,,1.3,us,usp0007564,2014-11-07T00:58:57.717Z,"55 km SE of Sucúa, Ecuador",earthquake,,,,9,reviewed,us,us
1995-10-18T02:25:35.870Z,-2.843,-77.953,33,4.7,mb,,,,1.2,us,usp00075au,2014-11-07T00:58:58.658Z,"48 km SSE of Sucúa, Ecuador",earthquake,,,,5,reviewed,us,us
1995-10-19T08:51:17.180Z,-2.693,-77.599,33,4.5,mb,,,,0.7,us,usp00075dn,2014-11-07T00:58:59.381Z,"68 km ESE of Sucúa, Ecuador",earthquake,,,,6,reviewed,us,us
1995-10-19T09:13:40.930Z,-2.916,-77.871,33,4.6,mb,,,,1,us,usp00075dq,2014-11-07T00:58:59.385Z,"60 km SSE of Sucúa, Ecuador",earthquake,,,,13,reviewed,us,us
1995-10-20T12:30:11.340Z,-2.965,-77.945,33,4.2,mb,,,,1,us,usp00075fs,2014-11-07T00:58:59.652Z,"61 km SSE of Sucúa, Ecuador",earthquake,,,,3,reviewed,us,us
1995-10-20T20:18:56.000Z,-2.819,-77.822,33,4.9,mb,,,,0.9,us,usp00075g8,2014-11-07T00:58:59.719Z,"55 km SE of Sucúa, Ecuador",earthquake,,,,36,reviewed,us,us
1995-10-21T15:36:18.920Z,-2.893,-77.935,33,5,mb,,,,1,us,usp00075h3,2014-11-07T00:58:59.880Z,"54 km SSE of Sucúa, Ecuador",earthquake,,,,21,reviewed,us,us
1995-10-23T00:42:10.890Z,-2.802,-77.796,33,4.8,mb,,,,1,us,usp00075kc,2014-11-07T00:59:00.116Z,"56 km SE of Sucúa, Ecuador",earthquake,,,,47,reviewed,us,us
1995-10-23T03:46:23.840Z,-3.007,-77.979,33,4.2,mb,,,,1.4,us,usp00075kh,2014-11-07T00:59:00.135Z,"64 km SSE of Sucúa, Ecuador",earthquake,,,,4,reviewed,us,us
1995-10-28T00:12:58.050Z,-4.682,-80.318,33,4.8,mb,,,,1,us,usp00075vt,2014-11-07T00:59:01.713Z,"8 km WSW of Las Lomas, Peru",earthquake,,,,19,reviewed,us,us
1995-10-28T01:26:57.170Z,2.733,-79.65,33,4.7,mb,,,,0.8,us,usp00075vy,2014-11-07T00:59:01.728Z,"134 km NW of Salahonda, Colombia",earthquake,,,,18,reviewed,us,us
1995-10-28T06:09:52.020Z,-2.073,-80.258,33,4.5,mb,,,,1.1,us,usp00075w9,2014-11-07T00:59:01.765Z,"28 km SW of Lomas de Sargentillo, Ecuador",earthquake,,,,17,reviewed,us,us
1995-10-29T05:28:48.500Z,-2.701,-77.833,33,5.1,mw,,,,1,us,usp00075xr,2022-04-29T19:56:02.622Z,"46 km SE of Sucúa, Ecuador",earthquake,,,,,reviewed,us,hrv
1995-10-29T05:50:22.340Z,-2.666,-77.679,33,4.1,mb,,,,1,us,usp00075xu,2014-11-07T00:59:01.954Z,"59 km ESE of Sucúa, Ecuador",earthquake,,,,4,reviewed,us,us
1995-11-05T09:24:22.820Z,-2.825,-78.839,33,5.2,mw,,,,0.9,us,usp00076ar,2025-12-19T23:06:04.735Z,"6 km NE of Llacao, Ecuador",earthquake,,,,,reviewed,us,hrv
1995-11-07T04:04:24.030Z,-2.357,-77.676,33,5.1,mw,,,,0.8,us,usp00076dz,2022-04-29T19:52:15.673Z,"48 km E of Macas, Ecuador",earthquake,,,,,reviewed,us,hrv
1995-11-09T06:15:23.450Z,-1.848,-77.211,33,4.4,mb,,,,0.9,us,usp00076hb,2014-11-07T00:59:08.681Z,"85 km E of Palora, Ecuador",earthquake,,,,11,reviewed,us,us
1995-11-13T12:36:53.520Z,2.94,-79.414,10,5.4,mw,,,,1.1,us,usp00076sn,2025-12-19T23:06:26.042Z,"117 km WNW of Mosquera, Colombia",earthquake,,,,,reviewed,us,hrv
1995-11-14T06:25:45.360Z,-2.897,-77.769,25.5,5.1,ms,,,,1.2,us,usp00076u5,2014-11-07T00:59:10.780Z,"65 km SE of Sucúa, Ecuador",earthquake,,,,1,reviewed,us,us
1995-11-30T18:00:30.090Z,-5.97,-81.702,33,5.6,mw,,,,1.1,us,usp00077u7,2022-04-29T19:54:15.781Z,"107 km WSW of Sechura, Peru",earthquake,,,,,reviewed,us,hrv
1995-12-07T04:55:25.010Z,-4.208,-79.472,91.8,4.9,mb,,,,1,us,usp00078g1,2014-11-07T00:59:23.513Z,"16 km NE of Cariamanga, Ecuador",earthquake,,,,40,reviewed,us,us
1995-12-16T10:35:41.410Z,-5.58,-78.657,33,4.5,mb,,,,1.4,us,usp0007930,2014-11-07T00:59:26.684Z,"9 km NNE of Bellavista, Peru",earthquake,,,,18,reviewed,us,us
1995-12-24T06:58:00.150Z,-4.886,-80.988,33,4.4,mb,,,,1,us,usp00079gr,2014-11-07T00:59:28.818Z,"4 km NW of La Huaca, Peru",earthquake,,,,10,reviewed,us,us
1995-12-28T13:44:03.360Z,-4.017,-77.329,117.2,4.3,mb,,,,0.9,us,usp00079s8,2014-11-07T00:59:30.017Z,"115 km NW of Barranca, Peru",earthquake,,,,13,reviewed,us,us
1996-01-04T11:17:23.290Z,-5.555,-75.535,32.9,4.3,mb,,,,0.9,us,usp0007ab9,2014-11-07T00:59:36.623Z,"39 km SSE of Lagunas, Peru",earthquake,,,,9,reviewed,us,us
1996-01-09T23:45:03.670Z,-2.893,-77.93,33,4.1,mb,,,,1.3,us,usp0007arx,2014-11-07T00:59:38.662Z,"55 km SSE of Sucúa, Ecuador",earthquake,,,,7,reviewed,us,us
1996-01-11T01:55:29.720Z,-2.074,-79.767,100,4.2,mb,,,,1.1,us,usp0007av1,2014-11-07T00:59:39.075Z,"8 km WNW of Yaguachi Nuevo, Ecuador",earthquake,,,,9,reviewed,us,us
1996-01-15T00:51:13.830Z,-3.042,-77.72,33,3.8,mb,,,,1.3,us,usp0007b3d,2014-11-07T00:59:40.460Z,"81 km SE of Sucúa, Ecuador",earthquake,,,,6,reviewed,us,us
1996-01-17T16:41:29.810Z,-0.023,-78.419,10,4.4,md,,,,0.5,us,usp0007b8z,2014-11-07T00:59:41.367Z,"25 km NNE of Quito, Ecuador",earthquake,,,,,reviewed,us,qui
1996-01-17T19:46:01.280Z,-0.01,-78.96,24.6,4.8,mb,,,,1,us,usp0007b98,2014-11-07T00:59:41.393Z,"36 km NE of Santo Domingo de los Colorados, Ecuador",earthquake,,4.8,,53,reviewed,us,us
1996-01-21T11:07:52.680Z,-2.587,-77.859,33,4.1,mb,,,,1.2,us,usp0007bff,2014-11-07T00:59:42.342Z,"37 km ESE of Sucúa, Ecuador",earthquake,,,,8,reviewed,us,us
1996-01-26T10:55:48.960Z,-4.308,-78.788,33,4,mb,,,,1.4,us,usp0007brt,2014-11-07T00:59:43.644Z,"32 km SE of Zamora, Ecuador",earthquake,,,,7,reviewed,us,us
1996-01-27T00:36:54.170Z,-2.784,-77.847,33,4.5,mb,,,,0.9,us,usp0007bt5,2014-11-07T00:59:43.787Z,"50 km SE of Sucúa, Ecuador",earthquake,,,,22,reviewed,us,us
1996-01-28T00:28:30.730Z,-1.971,-77.637,155.1,5.3,mw,,,,0.8,us,usp0007bv2,2025-12-19T23:27:26.843Z,"47 km SE of Palora, Ecuador",earthquake,,,,,reviewed,us,hrv
1996-02-03T12:26:49.800Z,2.717,-79.84,33,5,mb,,,,1,us,usp0007c7y,2014-11-07T00:59:49.677Z,"151 km WNW of Salahonda, Colombia",earthquake,,,,62,reviewed,us,us
1996-02-03T12:44:30.310Z,2.818,-79.76,33,4.8,mb,,,,1,us,usp0007c83,2014-11-07T00:59:49.717Z,"149 km WNW of Mosquera, Colombia",earthquake,,,,53,reviewed,us,us
1996-02-05T08:46:11.670Z,-2.306,-77.549,33,4.4,mb,,,,1.3,us,usp0007ccn,2014-11-07T00:59:50.836Z,"62 km E of Macas, Ecuador",earthquake,,,,7,reviewed,us,us
1996-02-19T01:26:49.870Z,-1.521,-77.554,200,3.9,mb,,,,1.2,us,usp0007de0,2014-11-07T00:59:55.976Z,"49 km ENE of Palora, Ecuador",earthquake,,,,12,reviewed,us,us
1996-02-21T14:00:59.060Z,-5.128,-77.174,33,4.1,mb,,,,0.7,us,usp0007dmm,2014-11-07T00:59:56.973Z,"64 km WSW of Barranca, Peru",earthquake,,,,3,reviewed,us,us
1996-02-21T22:16:21.610Z,-1.888,-80.926,33,4.6,mb,,,,1,us,usp0007dnd,2014-11-07T00:59:57.050Z,"36 km N of Salinas, Ecuador",earthquake,,,,28,reviewed,us,us
1996-03-14T03:12:02.450Z,-3.244,-77.817,33,4.4,mb,,,,1.2,us,usp0007epy,2014-11-07T01:00:05.910Z,"86 km ENE of Gualaquiza, Ecuador",earthquake,,,,14,reviewed,us,us
1996-03-26T05:54:49.970Z,2.181,-74.595,61.5,3.9,mb,,,,1.1,us,usp0007fa5,2014-11-07T01:00:08.589Z,"69 km ENE of Puerto Rico, Colombia",earthquake,,24.2,,2,reviewed,us,us
1996-03-26T13:02:07.880Z,-1.4,-77.974,33,4.3,mb,,,,1,us,usp0007fau,2014-11-07T01:00:08.659Z,"9 km NNE of Puyo, Ecuador",earthquake,,,,11,reviewed,us,us
1996-03-28T23:03:49.810Z,-1.036,-78.737,33,6,mwb,,,,0.8,us,usp0007feq,2022-04-29T20:15:34.678Z,"9 km SSW of Pujilí, Ecuador",earthquake,,,,,reviewed,us,us
1996-03-29T13:57:24.480Z,-1.262,-78.54,33,4.3,mb,,,,1.2,us,usp0007ffq,2014-11-07T01:00:09.457Z,"7 km N of Pelileo, Ecuador",earthquake,,,,2,reviewed,us,us
1996-04-01T21:37:53.050Z,-2.524,-77.721,33,4.6,mb,,,,0.9,us,usp0007fmg,2014-11-07T01:00:13.123Z,"Peru-Ecuador border region",earthquake,,,,22,reviewed,us,us
1996-04-19T02:13:01.190Z,-3.781,-80.113,91.5,4,mb,,,,1.3,us,usp0007gbm,2014-11-07T01:00:18.074Z,"14 km SE of Matapalo, Peru",earthquake,,21,,9,reviewed,us,us
1996-04-26T06:54:55.820Z,-3.418,-77.364,33,3.8,mb,,,,0.9,us,usp0007gma,2014-11-07T01:00:19.183Z,"103 km W of Alianza Cristiana, Peru",earthquake,,,,2,reviewed,us,us
1996-04-27T08:40:41.850Z,2.368,-79.341,10,6.2,mwb,,,,1.3,us,usp0007gns,2022-04-29T20:18:27.498Z,"84 km WNW of Salahonda, Colombia",earthquake,,,,,reviewed,us,us
1996-05-02T10:22:48.540Z,2.462,-79.206,33,4.5,mb,,,,1,us,usp0007gve,2014-11-07T01:00:23.920Z,"76 km NW of Salahonda, Colombia",earthquake,,,,15,reviewed,us,us
1996-05-06T18:30:57.350Z,-5.731,-77.107,22.7,4.5,mb,,,,1.1,us,usp0007h1e,2014-11-07T01:00:25.694Z,"34 km NNE of Segunda Jerusalén - Azunguillo, Peru",earthquake,,,,13,reviewed,us,us
1996-05-08T05:19:13.620Z,-2.643,-79.137,33,3.8,mb,,,,1,us,usp0007h3j,2014-11-07T01:00:26.017Z,"23 km WSW of Cañar, Ecuador",earthquake,,,,2,reviewed,us,us
1996-05-08T09:00:53.750Z,-5.7,-77.603,33,4,mb,,,,0.7,us,usp0007h3v,2014-11-07T01:00:26.037Z,"35 km E of Yambrasbamba, Peru",earthquake,,,,5,reviewed,us,us
1996-05-08T13:27:52.100Z,-2.629,-77.653,33,4.3,mb,,,,0.8,us,usp0007h45,2014-11-07T01:00:26.068Z,"60 km ESE of Sucúa, Ecuador",earthquake,,,,14,reviewed,us,us
1996-05-09T02:18:22.190Z,-0.615,-77.06,33,4.1,mb,,,,1.6,us,usp0007h4r,2014-11-07T01:00:26.150Z,"12 km NE of Boca Suno, Ecuador",earthquake,,,,9,reviewed,us,us
1996-05-10T04:35:28.290Z,-2.591,-77.649,33,4.4,mb,,,,1,us,usp0007h6g,2014-11-07T01:00:26.399Z,"59 km ESE of Sucúa, Ecuador",earthquake,,,,15,reviewed,us,us
1996-05-22T23:30:34.160Z,1.956,-79.596,33,4.3,mb,,,,1.2,us,usp0007hpv,2014-11-07T01:00:28.743Z,"91 km WNW of Tumaco, Colombia",earthquake,,,,15,reviewed,us,us
1996-05-29T11:41:26.490Z,-4.008,-80.965,67,4.4,mb,,,,1.1,us,usp0007hx6,2014-11-07T01:00:29.523Z,"14 km NE of Máncora, Peru",earthquake,,18.9,,11,reviewed,us,us
1996-06-01T22:34:29.900Z,2.889,-79.632,22.5,4,mb,,,,1.3,us,usp0007j11,2014-11-07T01:00:32.292Z,"137 km WNW of Mosquera, Colombia",earthquake,,,,10,reviewed,us,us
1996-06-02T00:45:19.640Z,-5.842,-80.972,33,4.5,mb,,,,1,us,usp0007j16,2014-11-07T01:00:32.398Z,"35 km SSW of Sechura, Peru",earthquake,,,,21,reviewed,us,us
1996-06-06T15:04:38.230Z,-2.043,-77.103,33,4.2,mb,,,,1.5,us,usp0007j7z,2014-11-07T01:00:34.784Z,"103 km ESE of Palora, Ecuador",earthquake,,,,7,reviewed,us,us
1996-06-07T18:59:38.760Z,-4.179,-80.63,33,3.7,mb,,,,1.4,us,usp0007j9c,2014-11-07T01:00:35.048Z,"16 km SE of Papayal, Peru",earthquake,,,,4,reviewed,us,us
1996-06-14T10:04:25.520Z,-3.564,-76.958,110.6,4.2,mb,,,,1.2,us,usp0007jr9,2014-11-07T01:00:37.745Z,"58 km W of Alianza Cristiana, Peru",earthquake,,,,13,reviewed,us,us
1996-06-15T12:32:05.790Z,-2.682,-81.108,50,4,mb,,,,1.4,us,usp0007jt4,2014-11-07T01:00:37.990Z,"54 km SSW of La Libertad, Ecuador",earthquake,,,,7,reviewed,us,us
1996-06-18T04:49:50.130Z,0.885,-79.9,33,4.1,mb,,,,1.3,us,usp0007jxj,2014-11-07T01:00:38.620Z,"28 km WSW of Esmeraldas, Ecuador",earthquake,,,,6,reviewed,us,us
1996-06-18T08:01:29.180Z,0.792,-79.992,33,4.3,mb,,,,1.5,us,usp0007jxu,2014-11-07T01:00:38.649Z,"20 km N of Muisne, Ecuador",earthquake,,,,16,reviewed,us,us
1996-06-22T12:50:20.510Z,-5.622,-76.967,33,4.8,mb,,,,0.2,us,usp0007k40,2014-11-07T01:00:39.335Z,"45 km N of Moyobamba, Peru",earthquake,,,,1,reviewed,us,us
1996-06-30T11:44:27.480Z,-0.58,-77.101,33,4.5,mb,,,,0.8,us,usp0007kgw,2014-11-07T01:00:41.677Z,"13 km NNE of Boca Suno, Ecuador",earthquake,,,,14,reviewed,us,us
1996-07-23T14:52:50.250Z,-2.615,-77.757,33,4.7,mb,,,,0.9,us,usp0007mg9,2014-11-07T01:00:49.934Z,"49 km ESE of Sucúa, Ecuador",earthquake,,,,19,reviewed,us,us
1996-07-29T00:28:13.210Z,1.935,-80.633,33,4,mb,,,,1.3,us,usp0007msw,2014-11-07T01:00:50.994Z,"153 km NW of Esmeraldas, Ecuador",earthquake,,,,7,reviewed,us,us
1996-08-05T09:24:56.000Z,-1.498,-80.432,33,4.2,mb,,,,0.9,us,usp0007n4m,2014-11-07T01:00:56.006Z,"6 km N of Paján, Ecuador",earthquake,,,,5,reviewed,us,us
1996-08-05T21:39:16.250Z,-1.996,-81.001,33,6.3,mwc,,,,1,us,usp0007n5h,2022-04-29T20:27:35.435Z,"24 km NNW of Salinas, Ecuador",earthquake,,,,,reviewed,us,hrv
1996-08-08T02:15:36.750Z,-2.026,-79.218,118.6,4.5,mb,,,,1.2,us,usp0007n8a,2014-11-07T01:00:56.798Z,"27 km SSE of Montalvo, Ecuador",earthquake,,13.7,,25,reviewed,us,us
1996-08-12T21:17:17.420Z,-5.54,-77.1,25,4.4,mb,,,,1,us,usp0007ng0,2014-11-07T01:00:58.550Z,"53 km NNE of Segunda Jerusalén - Azunguillo, Peru",earthquake,,,,14,reviewed,us,us
1996-08-25T14:09:03.260Z,-1.084,-78.674,50.7,5.5,mwc,,,,0.8,us,usp0007p1p,2022-04-29T20:29:55.695Z,"10 km WSW of San Miguel de Salcedo, Ecuador",earthquake,,5.1,,,reviewed,us,hrv
1996-08-27T15:01:14.710Z,-3.219,-78.395,33,4.3,mb,,,,0.95,us,usp0007p49,2014-11-07T01:01:01.911Z,"29 km NE of Gualaquiza, Ecuador",earthquake,,,,4,reviewed,us,us
1996-09-14T01:41:29.450Z,-5.286,-75.156,33,4.9,mb,,,,1.11,us,usp0007px8,2020-04-16T18:36:53.701Z,"57 km E of Lagunas, Peru",earthquake,,,,2,reviewed,us,us
1996-09-25T17:30:32.910Z,-4.041,-79.219,100.3,4.8,mb,,,,0.87,us,usp0007qfq,2014-11-07T01:01:13.233Z,"5 km SSW of Loja, Ecuador",earthquake,,,,32,reviewed,us,us
1996-10-01T21:57:38.570Z,-1.897,-77.02,150,4.6,mb,,,,0.97,us,usp0007qty,2014-11-07T01:01:18.100Z,"107 km ESE of Palora, Ecuador",earthquake,,,,3,reviewed,us,us
1996-10-06T15:25:12.390Z,-5.843,-80.998,33,4.7,mb,,,,0.8,us,usp0007r0m,2014-11-07T01:01:20.012Z,"37 km SSW of Sechura, Peru",earthquake,,,,4,reviewed,us,us
1996-11-09T09:05:08.020Z,-0.619,-80.935,33,4.9,mb,,,,0.9,us,usp0007sr5,2014-11-07T01:01:33.988Z,"45 km NNW of Manta, Ecuador",earthquake,,,,4,reviewed,us,us
1996-11-16T11:13:00.750Z,-1.461,-77.759,200,4,mb,,,,0.8,us,usp0007t3m,2014-11-07T01:01:36.002Z,"27 km E of Puyo, Ecuador",earthquake,,,,4,reviewed,us,us
1996-12-06T22:50:31.140Z,-4.341,-80.685,49.3,4.2,mb,,,,1.14,us,usp0007u22,2014-11-07T01:01:45.031Z,"24 km ESE of La Breita, Peru",earthquake,,,,2,reviewed,us,us
1996-12-09T11:01:52.510Z,-5.79,-76.088,33,4.2,mb,,,,1.19,us,usp0007u62,2014-11-07T01:01:45.828Z,"12 km NNE of Yurimaguas, Peru",earthquake,,,,3,reviewed,us,us
1996-12-09T13:06:52.660Z,-0.32,-80.649,33,4.5,mb,,,,1.24,us,usp0007u6e,2014-11-07T01:01:45.907Z,"39 km NW of Bahía de Caráquez, Ecuador",earthquake,,,,6,reviewed,us,us
1996-12-09T13:25:20.300Z,-1.703,-77.794,145.1,4.4,mb,,,,0.79,us,usp0007u6f,2014-11-07T01:01:45.910Z,"19 km E of Palora, Ecuador",earthquake,,21.6,,24,reviewed,us,us
1996-12-11T21:15:49.450Z,0.775,-79.135,33,3.8,mb,,,,1.5,us,usp0007u9t,2014-11-07T01:01:46.454Z,"55 km SSW of Valdez, Ecuador",earthquake,,,,1,reviewed,us,us
1996-12-12T02:48:15.090Z,1.597,-80.016,33,3.6,mb,,,,1.27,us,usp0007ua6,2014-11-07T01:01:46.480Z,"81 km NNW of Esmeraldas, Ecuador",earthquake,,,,2,reviewed,us,us
1996-12-14T22:18:18.430Z,-5.474,-79.828,95.9,4.7,mb,,,,0.98,us,usp0007uff,2014-11-07T01:01:47.119Z,"26 km WSW of Canchaque, Peru",earthquake,,,,4,reviewed,us,us
1996-12-14T23:25:40.330Z,-2.677,-77.728,33,4.6,mb,,,,1,us,usp0007ufh,2014-11-07T01:01:47.124Z,"54 km ESE of Sucúa, Ecuador",earthquake,,,,4,reviewed,us,us
1996-12-15T23:30:11.380Z,-0.237,-80.684,33,4.7,mb,,,,1.28,us,usp0007uh6,2014-11-07T01:01:47.617Z,"49 km NW of Bahía de Caráquez, Ecuador",earthquake,,,,9,reviewed,us,us
1996-12-16T01:46:38.320Z,-0.236,-80.727,33,5.5,mwc,,,,1.02,us,usp0007uha,2022-04-29T16:37:48.649Z,"near the coast of Ecuador",earthquake,,,,,reviewed,us,hrv
1996-12-17T07:32:53.890Z,-0.427,-80.871,33,4.6,mb,,,,1.13,us,usp0007uk3,2014-11-07T01:01:47.849Z,"53 km WNW of Bahía de Caráquez, Ecuador",earthquake,,,,8,reviewed,us,us
1996-12-19T13:46:41.920Z,2.898,-79.165,33,4.2,mb,,,,0.94,us,usp0007upb,2014-11-07T01:01:48.293Z,"90 km WNW of Mosquera, Colombia",earthquake,,,,3,reviewed,us,us
1996-12-19T17:50:52.900Z,-5.726,-81.683,33,3.3,mb,,,,0.67,us,usp0007upj,2014-11-07T01:01:48.309Z,"94 km SW of Paita, Peru",earthquake,,,,1,reviewed,us,us
1996-12-19T18:42:36.490Z,2.581,-79.144,33,3.9,mb,,,,1.23,us,usp0007upk,2014-11-07T01:01:48.310Z,"77 km W of Mosquera, Colombia",earthquake,,,,1,reviewed,us,us
1996-12-20T09:25:50.740Z,-2.236,-77.892,100,3.7,mb,,,,1.19,us,usp0007uqu,2014-11-07T01:01:48.422Z,"25 km ENE of Macas, Ecuador",earthquake,,,,1,reviewed,us,us
1996-12-23T01:44:07.040Z,0.353,-79.641,33,3.3,mb,,,,1.15,us,usp0007uv1,2014-11-07T01:01:48.922Z,"18 km W of Rosa Zarate, Ecuador",earthquake,,,,1,reviewed,us,us
1996-12-27T15:08:55.980Z,-5.839,-77.327,41.7,4.9,mb,,,,0.89,us,usp0007v2w,2014-11-07T01:01:50.405Z,"17 km NNW of Segunda Jerusalén - Azunguillo, Peru",earthquake,,,,16,reviewed,us,us
1996-12-31T03:28:11.520Z,-1.125,-80.639,50,3.7,mb,,,,1.08,us,usp0007v7j,2014-11-07T01:01:50.997Z,"9 km SSE of Montecristi, Ecuador",earthquake,,,,2,reviewed,us,us
1996-12-31T09:25:44.900Z,-1.265,-80.843,33,3.8,mb,,,,1.25,us,usp0007v81,2014-11-07T01:01:51.052Z,"30 km WNW of Jipijapa, Ecuador",earthquake,,,,1,reviewed,us,us
1997-01-07T02:12:29.690Z,-5.802,-77.265,33,4.9,mb,,,,0.62,us,usp0007vjs,2014-11-07T01:01:56.685Z,"20 km N of Segunda Jerusalén - Azunguillo, Peru",earthquake,,,,32,reviewed,us,us
1997-01-10T11:47:49.590Z,-5.808,-80.959,33,4.7,mb,,,,1.03,us,usp0007vq1,2014-11-07T01:01:57.326Z,"31 km SSW of Sechura, Peru",earthquake,,,,9,reviewed,us,us
1997-01-12T07:17:43.640Z,-3.073,-78.811,100,3.7,mb,,,,1.47,us,usp0007vse,2014-11-07T01:01:57.646Z,"17 km SSE of Nulti, Ecuador",earthquake,,,,1,reviewed,us,us
1997-02-01T23:44:14.460Z,2.225,-80.463,33,4.4,mb,,,,0.93,us,usp0007wn5,2014-11-07T01:02:03.931Z,"166 km NNW of Esmeraldas, Ecuador",earthquake,,,,4,reviewed,us,us
1997-02-04T13:14:35.120Z,-2.61,-77.822,33,4.1,mb,,,,0.82,us,usp0007wrz,2014-11-07T01:02:06.068Z,"42 km ESE of Sucúa, Ecuador",earthquake,,,,1,reviewed,us,us
1997-02-16T10:23:00.100Z,-2.949,-77.844,33,3.5,mb,,,,1.24,us,usp0007xbf,2014-11-07T01:02:09.371Z,"65 km SE of Sucúa, Ecuador",earthquake,,,,1,reviewed,us,us
1997-03-03T20:40:43.640Z,-4.624,-76.603,33,4,mb,,,,1.09,us,usp0007y7h,2014-11-07T01:02:16.626Z,"24 km NNE of Barranca, Peru",earthquake,,,,1,reviewed,us,us
1997-03-05T02:28:55.310Z,-3.687,-80.556,37.2,5.3,ms,,,,0.77,us,usp0007y9k,2022-04-29T16:44:45.154Z,"13 km E of Zorritos, Peru",earthquake,,,,2,reviewed,us,us
1997-03-15T00:56:58.550Z,-1.272,-77.531,200,3.9,mb,,,,1.09,us,usp0007yvd,2014-11-07T01:02:19.863Z,"43 km SE of Tena, Ecuador",earthquake,,,,1,reviewed,us,us
1997-03-17T19:58:38.070Z,-4.499,-75.75,100,4.3,mb,,,,1.04,us,usp0007yzp,2014-11-07T01:02:20.339Z,"80 km N of Lagunas, Peru",earthquake,,,,2,reviewed,us,us
1997-04-02T14:55:15.880Z,-5.41,-78.507,33,3.6,mb,,,,0.74,us,usp0007zv2,2014-11-07T01:02:28.255Z,"23 km NNW of La Peca, Peru",earthquake,,,,2,reviewed,us,us
1997-04-06T17:24:56.840Z,-2.788,-77.837,33,5.2,mb,,,,0.84,us,usp000802h,2022-04-29T16:48:54.777Z,"52 km SE of Sucúa, Ecuador",earthquake,,,,70,reviewed,us,us
1997-04-14T19:35:07.970Z,-5.127,-77.896,100,3.8,mb,,,,1.03,us,usp00080jz,2014-11-07T01:02:34.387Z,"67 km N of Yambrasbamba, Peru",earthquake,,,,3,reviewed,us,us
1997-05-06T15:12:35.610Z,-4.823,-81.213,33,3.7,mb,,,,1.15,us,usp00081v4,2014-11-07T01:02:44.881Z,"19 km WNW of San Lucas ( Pueblo Nuevo de Colan), Peru",earthquake,,,,1,reviewed,us,us
1997-05-20T11:15:16.560Z,-1.846,-79.149,33,3.9,mb,,,,0.73,us,usp00082k8,2014-11-07T01:02:48.257Z,"16 km ESE of Montalvo, Ecuador",earthquake,,,,1,reviewed,us,us
1997-05-21T20:42:27.360Z,-2.826,-77.998,52.3,4.3,mb,,,,1.1,us,usp00082n8,2014-11-07T01:02:48.500Z,"44 km SSE of Sucúa, Ecuador",earthquake,,15.4,,6,reviewed,us,us
1997-05-25T22:22:43.710Z,-1.946,-79.605,83.5,4.5,mb,,,,1.14,us,usp00082ue,2014-11-07T01:02:49.420Z,"10 km WSW of Alfredo Baquerizo Moreno, Ecuador",earthquake,,,,10,reviewed,us,us
1997-05-28T22:02:45.310Z,-2.845,-77.102,150,3.5,mb,,,,1.21,us,usp00082xu,2014-11-07T01:02:49.761Z,"101 km NW of Alianza Cristiana, Peru",earthquake,,,,1,reviewed,us,us
1997-06-12T11:35:27.110Z,2.552,-78.022,137.7,3.8,mb,,,,0.92,us,usp00083eb,2014-11-07T01:02:55.659Z,"12 km NNW of Iscuandé, Colombia",earthquake,,22.9,,1,reviewed,us,us
1997-06-16T09:25:22.390Z,-1.292,-77.694,187.1,4.5,mb,,,,0.82,us,usp00083k9,2014-11-07T01:02:57.012Z,"35 km SSE of Tena, Ecuador",earthquake,,,,45,reviewed,us,us
1997-06-26T01:31:10.280Z,2.027,-79.846,33,4.4,mb,,,,0.65,us,usp00083zb,2014-11-07T01:02:59.965Z,"119 km N of Esmeraldas, Ecuador",earthquake,,,,1,reviewed,us,us
1997-06-26T18:21:47.770Z,-2.522,-79.659,61.6,4.2,mb,,,,1.24,us,usp000840k,2014-11-07T01:03:00.090Z,"17 km NNW of Naranjal, Ecuador",earthquake,,,,1,reviewed,us,us
1997-06-30T18:56:27.480Z,-4.161,-80.926,33,5.8,mwc,,,,0.95,us,usp000845z,2022-04-29T16:56:43.417Z,"11 km NNW of La Breita, Peru",earthquake,,,,,reviewed,us,hrv
1997-07-11T06:14:54.190Z,2.538,-79.536,30.1,4.1,mb,,,,1.31,us,usp00084px,2014-11-07T01:03:07.934Z,"112 km WNW of Salahonda, Colombia",earthquake,,,,3,reviewed,us,us
1997-07-13T23:51:11.600Z,-1.267,-80.485,33,4.3,mb,,,,1.16,us,usp00084u5,2014-11-07T01:03:08.424Z,"7 km W of Sucre, Ecuador",earthquake,,,,3,reviewed,us,us
1997-07-31T04:43:22.320Z,-5.838,-75.364,50,4.1,mb,,,,0.64,us,usp00085m2,2014-11-07T01:03:12.049Z,"69 km NE of Navarro, Peru",earthquake,,,,1,reviewed,us,us
1997-08-09T21:19:52.680Z,-5.548,-76.878,116.4,4.4,mb,,,,0.88,us,usp000860d,2014-11-07T01:03:17.247Z,"54 km N of Moyobamba, Peru",earthquake,,,,31,reviewed,us,us
1997-08-11T12:55:04.180Z,-2.93,-77.806,35.4,5,mb,,,,0.67,us,usp0008638,2014-11-07T01:03:18.062Z,"66 km SE of Sucúa, Ecuador",earthquake,,,,37,reviewed,us,us
1997-08-15T22:53:31.260Z,-5.899,-81.03,33,5.7,mwc,,,,1.22,us,usp000869c,2022-04-29T20:03:28.066Z,"44 km SSW of Sechura, Peru",earthquake,,,,,reviewed,us,hrv
1997-08-21T23:17:36.140Z,-2.464,-77.556,33,4.3,mb,,,,1.04,us,usp00086jr,2014-11-07T01:03:19.874Z,"64 km ESE of Macas, Ecuador",earthquake,,,,4,reviewed,us,us
1997-08-26T14:27:00.910Z,-5.593,-81.327,33,4.8,mb,,,,1.05,us,usp00086r7,2014-11-07T01:03:20.872Z,"56 km W of Sechura, Peru",earthquake,,,,15,reviewed,us,us
1997-08-30T06:49:27.470Z,-2.783,-80.493,33,4.5,mb,,,,0.77,us,usp00086w8,2014-11-07T01:03:21.527Z,"20 km SW of Playas, Ecuador",earthquake,,,,8,reviewed,us,us
1997-09-07T02:45:59.630Z,2.626,-79.821,10,4.9,mb,,,,0.83,us,usp000877w,2014-11-07T01:03:27.679Z,"144 km WNW of Salahonda, Colombia",earthquake,,,,41,reviewed,us,us
1997-09-08T14:23:55.050Z,-3.502,-81.662,33,4.4,mb,,,,0.85,us,usp00087a0,2014-11-07T01:03:27.949Z,"95 km NW of Máncora, Peru",earthquake,,,,3,reviewed,us,us
1997-09-08T20:48:26.020Z,2.644,-79.814,10,4.8,mb,,,,1.04,us,usp00087af,2014-11-07T01:03:28.001Z,"144 km WNW of Salahonda, Colombia",earthquake,,,,49,reviewed,us,us
1997-09-09T16:17:39.430Z,0.717,-80.438,33,4.1,mb,,,,0.91,us,usp00087bc,2014-11-07T01:03:28.165Z,"48 km WNW of Muisne, Ecuador",earthquake,,,,2,reviewed,us,us
1997-09-09T18:54:15.950Z,-5.75,-76.276,119,4.5,mb,,,,0.69,us,usp00087bk,2014-11-07T01:03:28.191Z,"23 km NW of Yurimaguas, Peru",earthquake,,,,15,reviewed,us,us
1997-10-05T00:54:57.870Z,2.62,-79.789,10,5.3,mwc,,,,0.91,us,usp00088j4,2025-12-19T22:20:46.471Z,"141 km WNW of Salahonda, Colombia",earthquake,,,,,reviewed,us,hrv
1997-10-18T11:06:30.600Z,2.725,-79.69,10,4.7,mb,,,,0.82,us,usp000898w,2014-11-07T01:03:42.936Z,"137 km WNW of Salahonda, Colombia",earthquake,,,,23,reviewed,us,us
1997-10-28T06:15:17.330Z,-4.368,-76.681,112,7.2,mwc,,,,0.85,us,usp00089q2,2022-04-29T17:06:05.858Z,"51 km N of Barranca, Peru",earthquake,,,,,reviewed,us,hrv
1997-11-05T10:37:52.780Z,-2.396,-78.751,107.9,4.7,mb,,,,0.9,us,usp0008a4a,2014-11-07T01:03:51.949Z,"23 km SSE of Alausí, Ecuador",earthquake,,,,29,reviewed,us,us
1998-01-17T03:17:29.490Z,-2.227,-80.02,100,5,mb,,,,1.29,us,usp0008ege,2014-11-07T01:04:20.823Z,"5 km SSW of Santa Lucía, Ecuador",earthquake,,,,5,reviewed,us,us
1998-03-02T02:35:05.640Z,-3.724,-80.899,33,3.7,mb,,,,0.68,us,usp0008gt7,2014-11-07T01:04:39.010Z,"24 km W of Zorritos, Peru",earthquake,,,,2,reviewed,us,us
1998-03-10T08:43:27.940Z,-5.93,-76.955,33,3.7,mb,,,,1.14,us,usp0008h8r,2014-11-07T01:04:44.334Z,"11 km N of Moyobamba, Peru",earthquake,,,,1,reviewed,us,us
1998-03-10T18:33:45.570Z,-4.818,-76.044,105.4,3.1,mb,,,,0.52,us,usp0008h9f,2014-11-07T01:04:44.400Z,"60 km NW of Lagunas, Peru",earthquake,,36.3,,1,reviewed,us,us
1998-03-17T10:03:28.220Z,-3.907,-77.146,100,4,mb,,,,1.12,us,usp0008hkv,2014-11-07T01:04:46.499Z,"92 km WSW of Alianza Cristiana, Peru",earthquake,,,,4,reviewed,us,us
1998-03-21T02:18:54.000Z,-4.253,-80.709,33,5,mb,,,,0.76,us,usp0008hsj,2022-04-29T17:21:31.417Z,"19 km S of Papayal, Peru",earthquake,,,,82,reviewed,us,us
1998-03-26T16:12:50.410Z,-3.119,-79.667,100,4.2,mb,,,,1.51,us,usp0008j2v,2014-11-07T01:04:50.406Z,"27 km NE of Pasaje, Ecuador",earthquake,,,,3,reviewed,us,us
1998-03-28T19:59:11.040Z,-5.791,-80.684,33,4.7,mb,,,,1.05,us,usp0008j63,2014-11-07T01:04:51.078Z,"30 km SSE of Sechura, Peru",earthquake,,,,14,reviewed,us,us
1998-04-04T14:42:52.550Z,-3.716,-77.388,114.2,5.1,mwc,,,,0.98,us,usp0008jjd,2025-12-19T22:23:04.404Z,"109 km WSW of Alianza Cristiana, Peru",earthquake,,,,,reviewed,us,hrv
1998-04-19T17:47:35.180Z,-1.482,-77.344,157.5,3.7,mb,,,,1.06,us,usp0008kjy,2014-11-07T01:05:01.347Z,"Ecuador",earthquake,,44.2,,1,reviewed,us,us
1998-05-17T09:39:43.670Z,-1.765,-78.035,200,3.9,mb,,,,1.29,us,usp0008n8r,2014-11-07T01:05:13.929Z,"10 km SW of Palora, Ecuador",earthquake,,,,1,reviewed,us,us
1998-05-26T23:30:06.050Z,-0.548,-80.418,33,4,mb,,,,0.87,us,usp0008nry,2014-11-07T01:05:16.027Z,"5 km N of Bahía de Caráquez, Ecuador",earthquake,,,,4,reviewed,us,us
1998-05-29T03:51:28.170Z,-3.575,-78.908,102.2,4.7,mb,,,,0.73,us,usp0008nx3,2014-11-07T01:05:16.727Z,"32 km NNW of Yantzaza, Ecuador",earthquake,,,,44,reviewed,us,us
1998-05-31T00:39:35.150Z,-1.14,-80.776,100,3.9,mb,,,,1.31,us,usp0008p24,2014-11-07T01:05:17.307Z,"16 km SW of Montecristi, Ecuador",earthquake,,,,3,reviewed,us,us
1998-06-22T07:03:13.270Z,2.722,-76.81,142.4,4.5,mb,,,,0.76,us,usp0008q9d,2014-11-07T01:05:26.133Z,"20 km W of Morales, Colombia",earthquake,,,,37,reviewed,us,us
1998-07-01T14:57:15.560Z,-1.222,-80.95,33,5.2,mwc,,,,0.86,us,usp0008qt1,2022-04-29T17:33:43.066Z,"37 km WSW of Montecristi, Ecuador",earthquake,,,,,reviewed,us,hrv
1998-07-03T16:41:47.580Z,-3.954,-80.259,78.9,4.6,mb,,,,0.97,us,usp0008qwn,2014-11-07T01:05:31.864Z,"30 km SSW of Matapalo, Peru",earthquake,,,,11,reviewed,us,us
1998-07-06T08:59:50.340Z,-1.887,-81.087,33,4.2,mb,,,,1.24,us,usp0008r1d,2014-11-07T01:05:33.211Z,"39 km NNW of Salinas, Ecuador",earthquake,,,,6,reviewed,us,us
1998-07-06T09:31:28.670Z,-1.585,-80.892,33,4.4,mb,,,,1.27,us,usp0008r1j,2014-11-07T01:05:33.228Z,"43 km SW of Jipijapa, Ecuador",earthquake,,,,10,reviewed,us,us
1998-07-12T08:02:10.640Z,-4.669,-79.913,33,4.3,mb,,,,1.2,us,usp0008rc7,2014-11-07T01:05:34.901Z,"14 km NNE of Sapillica, Peru",earthquake,,,,6,reviewed,us,us
1998-07-18T21:39:02.370Z,-1.777,-80.37,33,4.2,mb,,,,1.36,us,usp0008ru6,2014-11-07T01:05:37.040Z,"15 km WNW of Pedro Carbo, Ecuador",earthquake,,,,3,reviewed,us,us
1998-07-18T23:51:27.050Z,1.082,-77.993,33,4.6,mb,,,,1.41,us,usp0008ruc,2014-11-07T01:05:37.057Z,"14 km S of Ricaurte, Colombia",earthquake,,,,17,reviewed,us,us
1998-07-19T18:15:09.460Z,-5.993,-76.89,33,4.4,mb,,,,0.89,us,usp0008rvt,2014-11-07T01:05:37.277Z,"10 km ENE of Moyobamba, Peru",earthquake,,,,6,reviewed,us,us
1998-07-31T12:32:00.000Z,0.31,-80.004,33,4.4,mb,,,,0.95,us,usp0008shq,2014-11-07T01:05:39.843Z,"26 km NNE of Pedernales, Ecuador",earthquake,,,,4,reviewed,us,us
1998-08-04T17:35:04.730Z,-0.609,-80.399,33,5.4,mb,,,,1.01,us,usp0008ss4,2022-04-29T17:36:44.467Z,"3 km ESE of Bahía de Caráquez, Ecuador",earthquake,,,,112,reviewed,us,us
1998-08-04T18:59:20.100Z,-0.593,-80.393,33,7.2,mwc,,,,0.94,us,usp0008ssb,2022-04-29T17:36:52.006Z,"3 km E of Bahía de Caráquez, Ecuador",earthquake,,,,,reviewed,us,hrv
1998-08-04T20:04:09.570Z,-0.853,-79.92,33,4.6,mb,,,,1.12,us,usp0008sse,2014-11-07T01:05:46.675Z,"25 km SE of Chone, Ecuador",earthquake,,,,1,reviewed,us,us
1998-08-04T22:55:28.160Z,-0.319,-80.319,33,4.4,mb,,,,0.72,us,usp0008ssn,2014-11-07T01:05:46.693Z,"32 km NNE of Bahía de Caráquez, Ecuador",earthquake,,,,3,reviewed,us,us
1998-08-06T11:02:28.900Z,-0.069,-80.405,33,4,mb,,,,0.94,us,usp0008sv6,2014-11-07T01:05:47.337Z,"42 km WSW of Pedernales, Ecuador",earthquake,,,,2,reviewed,us,us
1998-08-07T03:06:39.000Z,-0.916,-80.881,33,4.1,mb,,,,0.88,us,usp0008sw6,2014-11-07T01:05:47.468Z,"19 km WNW of Manta, Ecuador",earthquake,,,,3,reviewed,us,us
1998-08-07T05:50:42.080Z,-0.811,-80.417,33,4.6,mb,,,,1.19,us,usp0008swe,2014-11-07T01:05:47.503Z,"12 km NNE of Rocafuerte, Ecuador",earthquake,,,,12,reviewed,us,us
1998-08-09T22:35:24.880Z,-0.798,-80.985,33,4.5,mb,,,,1.01,us,usp0008t1c,2014-11-07T01:05:48.088Z,"35 km WNW of Manta, Ecuador",earthquake,,,,5,reviewed,us,us
1998-08-20T20:46:24.110Z,-5.508,-77.464,33,4.2,mb,,,,0.91,us,usp0008tkk,2014-11-07T01:05:51.654Z,"56 km ENE of Yambrasbamba, Peru",earthquake,,,,3,reviewed,us,us
1998-08-22T00:27:29.200Z,0.913,-79.199,33,4.3,mb,,,,1.05,us,usp0008tnt,2014-11-07T01:05:52.083Z,"44 km SSW of Valdez, Ecuador",earthquake,,,,4,reviewed,us,us
1998-09-07T20:55:19.510Z,-3.908,-76.929,103.1,4.6,mb,,,,0.8,us,usp0008ukf,2014-11-07T01:06:01.235Z,"72 km SW of Alianza Cristiana, Peru",earthquake,,,,12,reviewed,us,us
1998-09-13T05:12:32.720Z,-1.285,-81.662,33,4.3,mb,,,,1.04,us,usp0008uv9,2014-11-07T01:06:02.182Z,"111 km WSW of Manta, Ecuador",earthquake,,,,2,reviewed,us,us
1998-09-16T11:28:56.110Z,-3.242,-79.348,104.2,4.9,mb,,,,0.82,us,usp0008v0z,2014-11-07T01:06:03.975Z,"51 km E of Pasaje, Ecuador",earthquake,,,,30,reviewed,us,us
1998-09-21T03:02:23.840Z,-2.139,-77.166,176.6,4.1,mb,,,,0.37,us,usp0008v9f,2014-11-07T01:06:04.830Z,"101 km ESE of Palora, Ecuador",earthquake,,14.9,,3,reviewed,us,us
1998-09-23T09:35:41.960Z,-5.379,-76.768,33,4.8,mb,,,,0.9,us,usp0008vd3,2014-11-07T01:06:05.618Z,"61 km S of Barranca, Peru",earthquake,,,,20,reviewed,us,us
1998-09-24T09:35:15.990Z,2.308,-79.447,33,3.9,mb,,,,1.18,us,usp0008vey,2014-11-07T01:06:05.800Z,"92 km WNW of Salahonda, Colombia",earthquake,,,,3,reviewed,us,us
1998-10-07T22:46:41.300Z,-5.062,-77.874,47.7,4.6,mb,,,,0.9,us,usp0008w5d,2014-11-07T01:06:12.839Z,"74 km N of Yambrasbamba, Peru",earthquake,,11,,9,reviewed,us,us
1998-10-16T04:17:19.730Z,-1.223,-79.049,33,4.4,mb,,,,1.16,us,usp0008wk9,2014-11-07T01:06:15.028Z,"36 km SSE of La Maná, Ecuador",earthquake,,,,4,reviewed,us,us
1998-10-23T01:48:51.600Z,-2.423,-76.359,146.8,5.4,mwc,,,,0.77,us,usp0008wx4,2025-12-19T22:17:48.746Z,"116 km N of Alianza Cristiana, Peru",earthquake,,,,,reviewed,us,hrv
1998-11-15T23:54:46.760Z,-3.851,-76.803,100,4.4,mb,,,,0.59,us,usp0008y99,2014-11-07T01:06:27.378Z,"58 km SW of Alianza Cristiana, Peru",earthquake,,,,9,reviewed,us,us
1998-12-21T18:13:32.810Z,0.405,-79.665,100,4.1,mb,,,,1.53,us,usp0008zz9,2014-11-07T01:06:41.101Z,"22 km WNW of Rosa Zarate, Ecuador",earthquake,,,,3,reviewed,us,us
1998-12-30T03:32:37.360Z,-1.646,-77.881,168.6,5.4,mwc,,,,0.7,us,usp00090c3,2025-12-19T22:28:17.970Z,"11 km ENE of Palora, Ecuador",earthquake,,,,,reviewed,us,hrv
1999-02-09T11:33:29.300Z,-4.778,-77.613,33,4.1,mb,,,,0.75,us,usp00092he,2014-11-07T01:07:00.620Z,"104 km W of Barranca, Peru",earthquake,,,,5,reviewed,us,us
1999-02-18T12:02:58.610Z,-2.181,-79.595,66.6,5,mb,,,,0.87,us,usp000930x,2014-11-07T01:07:02.644Z,"5 km S of Milagro, Ecuador",earthquake,,,,26,reviewed,us,us
1999-03-11T16:56:34.670Z,2.646,-79.823,33,4.9,mwc,,,,0.81,us,usp00094aq,2016-11-09T22:03:36.481Z,"145 km WNW of Salahonda, Colombia",earthquake,,,,,reviewed,us,hrv
1999-04-01T06:16:02.050Z,-1.152,-77.247,200,3.4,mb,,,,0.92,us,usp00095kg,2014-11-07T01:07:19.782Z,"51 km SSW of Boca Suno, Ecuador",earthquake,,,,2,reviewed,us,us
1999-04-18T05:49:40.070Z,2.457,-80.037,33,4.4,mb,,,,1.17,us,usp00096gt,2014-11-07T01:07:28.966Z,"156 km WNW of Tumaco, Colombia",earthquake,,,,15,reviewed,us,us
1999-04-18T12:32:26.660Z,-1.63,-77.902,200,3.9,mb,,,,0.89,us,usp00096h6,2014-11-07T01:07:29.008Z,"10 km NE of Palora, Ecuador",earthquake,,,,7,reviewed,us,us
1999-04-21T11:29:26.660Z,-0.26,-77.307,54.4,4.2,mb,,,,0.72,us,usp00096ns,2014-11-07T01:07:29.586Z,"42 km WNW of Puerto Francisco de Orellana, Ecuador",earthquake,,16.3,,10,reviewed,us,us
1999-04-26T18:17:26.220Z,-1.648,-77.783,172.6,6,mwc,,,,0.74,us,usp00096xa,2022-04-29T18:07:10.925Z,"21 km ENE of Palora, Ecuador",earthquake,,,,,reviewed,us,hrv
1999-05-17T07:14:20.750Z,2.856,-79.713,33,4.3,mb,,,,0.87,us,usp000985j,2014-11-07T01:07:41.146Z,"145 km WNW of Mosquera, Colombia",earthquake,,,,6,reviewed,us,us
1999-05-23T10:26:53.310Z,-1.502,-77.59,204.6,4.1,mb,,,,0.67,us,usp00098kp,2014-11-07T01:07:42.683Z,"45 km E of Puyo, Ecuador",earthquake,,11.7,,15,reviewed,us,us
1999-05-25T02:15:58.570Z,-0.799,-80.348,33,4.6,mb,,,,1.26,us,usp00098pu,2014-11-07T01:07:42.963Z,"12 km W of Tosagua, Ecuador",earthquake,,,,22,reviewed,us,us
1999-05-25T02:18:11.430Z,-4.286,-80.645,33,4.7,mb,,,,0.89,us,usp00098pv,2014-11-07T01:07:43.082Z,"25 km SSE of Papayal, Peru",earthquake,,,,29,reviewed,us,us
1999-06-27T00:31:08.480Z,-5.01,-81.058,33,4.6,mb,,,,0.54,us,usp0009ama,2014-11-07T01:07:57.473Z,"2 km NNE of Salinera Colán, Peru",earthquake,,,,2,reviewed,us,us
1999-07-07T23:37:58.390Z,-3.547,-81.829,28.6,4,mb,,,,0.83,us,usp0009b8k,2014-11-07T01:08:04.412Z,"104 km NW of El Alto, Peru",earthquake,,,,3,reviewed,us,us
1999-07-28T20:05:04.120Z,2.036,-75.794,12,4.3,ml,,,,,us,usp0009c81,2014-11-07T01:08:08.742Z,"3 km SSW of Altamira, Colombia",earthquake,,,,,reviewed,rsnc,rsnc
1999-08-03T15:58:57.600Z,-3.453,-79.162,88.1,5.9,mwc,,,,0.85,us,usp0009cjc,2022-04-29T18:15:54.479Z,"56 km ENE of Zaruma, Ecuador",earthquake,,,,,reviewed,us,hrv
1999-08-06T00:53:16.810Z,0.748,-79.25,96.5,4.2,mb,,,,1.01,us,usp0009cpa,2014-11-07T01:08:14.805Z,"50 km ESE of Esmeraldas, Ecuador",earthquake,,10.5,,11,reviewed,us,us
1999-08-19T02:21:27.330Z,-2.894,-78.077,33,4.5,mb,,,,0.96,us,usp0009dac,2014-11-07T01:08:17.493Z,"49 km SSE of Sucúa, Ecuador",earthquake,,,,13,reviewed,us,us
1999-08-28T02:52:10.280Z,0.747,-80.102,33,4.6,mb,,,,0.97,us,usp0009dr2,2014-11-07T01:08:20.833Z,"17 km NNW of Muisne, Ecuador",earthquake,,,,30,reviewed,us,us
1999-08-28T12:40:06.190Z,-1.287,-77.549,196.4,6.3,mwb,,,,0.86,us,usp0009drq,2022-04-29T18:16:56.661Z,"43 km SE of Tena, Ecuador",earthquake,,,,,reviewed,us,us
1999-09-01T02:54:22.270Z,2.599,-79.802,33,4.8,mb,,,,0.87,us,usp0009dwe,2014-11-07T01:08:23.206Z,"141 km WNW of Salahonda, Colombia",earthquake,,,,45,reviewed,us,us
1999-09-10T13:48:41.260Z,-5.532,-78.131,33,4.5,mb,,,,1.34,us,usp0009e9g,2014-11-07T01:08:27.959Z,"32 km NW of Yambrasbamba, Peru",earthquake,,,,9,reviewed,us,us
1999-09-17T08:54:23.970Z,-1.076,-78.491,10,4.8,mb,,,,1.12,us,usp0009ehp,2014-11-07T01:08:29.379Z,"11 km ESE of San Miguel de Salcedo, Ecuador",earthquake,,,,21,reviewed,us,us
1999-10-12T13:09:10.810Z,-3.597,-79.455,78.2,4.9,mb,,,,0.99,us,usp0009frt,2014-11-07T01:08:41.497Z,"20 km ENE of Zaruma, Ecuador",earthquake,,,,14,reviewed,us,us
1999-10-21T06:36:16.000Z,-1.606,-78.082,166,4.8,mb,,,,0.86,us,usp0009gbs,2014-11-07T01:08:45.235Z,"16 km SSW of Puyo, Ecuador",earthquake,,,,52,reviewed,us,us
1999-11-06T16:46:00.980Z,-5.07,-80.651,44.6,4.8,mb,,,,0.61,us,usp0009h68,2014-11-07T01:08:55.421Z,"12 km N of San Martin, Peru",earthquake,,,,18,reviewed,us,us
1999-11-13T04:02:40.740Z,2.695,-79.71,33,4.3,mb,,,,1,us,usp0009hgx,2014-11-07T01:08:57.784Z,"137 km WNW of Salahonda, Colombia",earthquake,,,,7,reviewed,us,us
1999-11-14T17:14:21.920Z,-1.453,-77.672,175.7,4.2,mb,,,,1.18,us,usp0009hmz,2014-11-07T01:08:58.144Z,"36 km E of Puyo, Ecuador",earthquake,,25.3,,11,reviewed,us,us
1999-12-27T23:22:54.120Z,-2.232,-79.854,33,4.5,mb,,,,0.99,us,usp0009kch,2014-11-07T01:09:11.958Z,"5 km SE of Guayaquil, Ecuador",earthquake,,,,3,reviewed,us,us
2000-01-15T19:51:28.990Z,-5.232,-78.903,105.8,4.4,mb,,,,0.8,us,usp0009m68,2014-11-07T01:09:19.780Z,"14 km SE of San Ignacio, Peru",earthquake,,,,9,reviewed,us,us
2000-01-31T07:55:16.070Z,0.179,-80.141,33,4.4,mb,,,,0.75,us,usp0009mvt,2014-11-07T01:09:22.948Z,"15 km NW of Pedernales, Ecuador",earthquake,,,,12,reviewed,us,us
2000-01-31T10:32:13.270Z,0.214,-80.132,33,4.8,mb,,,,0.89,us,usp0009mw2,2014-11-07T01:09:22.965Z,"18 km NNW of Pedernales, Ecuador",earthquake,,,,29,reviewed,us,us
2000-01-31T23:05:22.010Z,-1.203,-80.716,33,4.5,mb,,,,0.6,us,usp0009mws,2014-11-07T01:09:23.014Z,"18 km SSW of Montecristi, Ecuador",earthquake,,,,4,reviewed,us,us
2000-02-02T23:40:20.020Z,2.082,-76.519,62,4.5,mb,,,,0.88,us,usp0009mz9,2014-11-07T01:09:25.882Z,"Colombia",earthquake,,9.9,,16,reviewed,us,us
2000-02-06T07:12:38.450Z,-4.257,-80.361,74.6,4.8,mb,,,,0.78,us,usp0009n41,2014-11-07T01:09:27.235Z,"45 km NNW of Las Lomas, Peru",earthquake,,,,29,reviewed,us,us
2000-02-08T07:09:14.240Z,-4.29,-80.381,73.9,4.7,mb,,,,0.68,us,usp0009n6u,2014-11-07T01:09:28.834Z,"42 km NNW of Las Lomas, Peru",earthquake,,,,1,reviewed,us,us
2000-02-14T17:51:55.110Z,-5.643,-77.296,33,4.8,mb,,,,0.68,us,usp0009nfj,2022-04-29T18:32:05.747Z,"38 km N of Segunda Jerusalén - Azunguillo, Peru",earthquake,,,,24,reviewed,us,us
2000-02-17T03:34:11.520Z,-4.485,-78.309,33,4.2,mb,,,,1.3,us,usp0009njn,2014-11-07T01:09:31.270Z,"85 km ESE of Zamora, Ecuador",earthquake,,,,10,reviewed,us,us
2000-02-27T22:20:15.930Z,-5.429,-80.47,100,4.2,mb,,,,1.03,us,usp0009p1n,2014-11-07T01:09:34.265Z,"29 km SE of Catacaos, Peru",earthquake,,,,6,reviewed,us,us
2000-03-23T16:58:49.320Z,-1.362,-76.398,33,4.3,mb,,,,1.04,us,usp0009q2f,2014-11-07T01:09:44.310Z,"110 km SE of Boca Suno, Ecuador",earthquake,,,,11,reviewed,us,us
2000-03-25T12:40:17.200Z,-1.562,-77.749,160.3,4,mb,,,,0.91,us,usp0009q58,2014-11-07T01:09:44.735Z,"28 km ENE of Palora, Ecuador",earthquake,,22.7,,3,reviewed,us,us
2000-03-27T09:54:18.930Z,-5.428,-79.779,76.4,4.5,mb,,,,0.99,us,usp0009q95,2014-11-07T01:09:45.259Z,"19 km WSW of Canchaque, Peru",earthquake,,17.3,,6,reviewed,us,us
2000-03-28T23:28:47.530Z,-2.639,-75.299,33,4.4,mb,,,,1.11,us,usp0009qd1,2014-11-07T01:09:45.801Z,"156 km NE of Alianza Cristiana, Peru",earthquake,,,,4,reviewed,us,us
2000-04-01T05:36:34.620Z,-3.157,-77.699,33,3.6,mb,,,,1.24,us,usp0009qm2,2014-11-07T01:09:48.461Z,"93 km SE of Sucúa, Ecuador",earthquake,,,,3,reviewed,us,us
2000-04-07T19:14:18.320Z,2.058,-79.779,10,3.9,mb,,,,1.12,us,usp0009qz0,2014-11-07T01:09:52.350Z,"113 km WNW of Tumaco, Colombia",earthquake,,,,2,reviewed,us,us
2000-04-11T03:14:13.120Z,-2.144,-75.892,33,3.9,mb,,,,0.63,us,usp0009r4b,2014-11-07T01:09:52.863Z,"152 km SSW of Pantoja, Peru",earthquake,,,,5,reviewed,us,us
2000-04-14T11:59:51.150Z,-2.991,-79.575,54.3,4.1,mb,,,,0.64,us,usp0009r9h,2014-11-07T01:09:53.928Z,"28 km ESE of Baláo, Ecuador",earthquake,,,,2,reviewed,us,us
2000-04-16T18:29:57.380Z,-3.844,-81.051,33,4.4,mb,,,,0.87,us,usp0009rd0,2014-11-07T01:09:54.363Z,"29 km N of Máncora, Peru",earthquake,,,,10,reviewed,us,us
2000-04-24T04:50:43.150Z,-1.283,-80.341,33,3.6,mb,,,,0.98,us,usp0009rsr,2014-11-07T01:09:56.129Z,"8 km E of Sucre, Ecuador",earthquake,,,,2,reviewed,us,us
2000-05-13T23:49:52.390Z,-2.617,-80.164,74.6,4.4,mb,,,,0.92,us,usp0009swu,2014-11-07T01:10:07.878Z,"24 km E of Playas, Ecuador",earthquake,,23.3,,2,reviewed,us,us
2000-05-15T22:58:04.980Z,-0.91,-78.859,33,4.5,mb,,,,1.23,us,usp0009t15,2014-11-07T01:10:08.584Z,"18 km WNW of Pujilí, Ecuador",earthquake,,,,9,reviewed,us,us
2000-05-22T13:15:08.960Z,-4.096,-81.096,33,5.8,mwc,,,,0.89,us,usp0009tb1,2022-04-29T18:39:03.663Z,"5 km WNW of Máncora, Peru",earthquake,,,,,reviewed,us,hrv
2000-05-23T16:36:46.070Z,2.122,-78.388,33,5.2,mwc,,,,0.85,us,usp0009tcs,2022-04-29T18:39:05.177Z,"31 km ENE of Salahonda, Colombia",earthquake,,,,,reviewed,us,hrv
2000-05-24T02:50:55.060Z,-1.144,-79.246,92.5,3.8,mb,,,,1.13,us,usp0009tdb,2014-11-07T01:10:11.307Z,"22 km S of La Maná, Ecuador",earthquake,,,,3,reviewed,us,us
2000-05-24T10:36:02.090Z,1.925,-80,33,4.4,mb,,,,1.15,us,usp0009tdv,2014-11-07T01:10:11.419Z,"113 km NNW of Esmeraldas, Ecuador",earthquake,,,,17,reviewed,us,us
2000-06-09T15:09:10.100Z,2.457,-79.443,33,4.7,mb,46,,,1.27,us,usp0009uan,2014-11-07T01:10:20.770Z,"98 km WNW of Salahonda, Colombia",earthquake,,,,15,reviewed,us,us
2000-06-14T04:17:48.940Z,-0.297,-79.076,33,4.3,mb,12,,,1.11,us,usp0009uj2,2014-11-07T01:10:22.324Z,"12 km ESE of Santo Domingo de los Colorados, Ecuador",earthquake,,,,3,reviewed,us,us
2000-06-26T19:43:18.730Z,-1.231,-77.316,208,4,mb,15,,,1.05,us,usp0009v5g,2014-11-07T01:10:25.100Z,"61 km ESE of Tena, Ecuador",earthquake,,27.6,,3,reviewed,us,us
2000-06-27T07:10:29.550Z,1.464,-77.414,142.7,5.2,mb,170,,,0.78,us,usp0009v6b,2014-11-07T01:10:25.194Z,"3 km ENE of El Peñol, Colombia",earthquake,,,,61,reviewed,us,us
2000-08-05T19:25:59.110Z,-5.266,-77.799,33,4.6,mb,54,,,0.8,us,usp0009xz6,2014-11-07T01:10:49.326Z,"53 km NNE of Yambrasbamba, Peru",earthquake,,,,23,reviewed,us,us
2000-08-06T05:15:41.320Z,-5.249,-77.832,33,4.9,mb,43,,,1,us,usp0009xzs,2014-11-07T01:10:49.679Z,"54 km N of Yambrasbamba, Peru",earthquake,,,,17,reviewed,us,us
2000-08-11T02:52:42.250Z,2.275,-79.501,33,4.4,ml,7,,,0.65,us,usp0009y8z,2014-11-07T01:10:50.951Z,"95 km NW of Tumaco, Colombia",earthquake,,,,,reviewed,us,rsnc
2000-08-12T02:52:47.800Z,2.301,-78.764,33,4.5,mb,32,,,1.09,us,usp0009yaa,2014-11-07T01:10:51.087Z,"31 km NNW of Salahonda, Colombia",earthquake,,,,13,reviewed,us,us
2000-08-13T04:19:02.090Z,-5.174,-77.76,33,5.1,mb,202,,,0.89,us,usp0009ybz,2022-04-29T18:48:06.233Z,"64 km NNE of Yambrasbamba, Peru",earthquake,,,,101,reviewed,us,us
2000-08-14T04:05:02.070Z,-2.159,-80.319,81.7,4.5,mb,35,,,1.09,us,usp0009ydw,2014-11-07T01:10:51.535Z,"35 km W of Santa Lucía, Ecuador",earthquake,,12.5,,11,reviewed,us,us
2000-08-19T00:50:50.420Z,-5.108,-80.856,33,4.1,mb,9,,,0.41,us,usp0009yrk,2014-11-07T01:10:53.301Z,"22 km WNW of San Martin, Peru",earthquake,,,,4,reviewed,us,us
2000-08-27T14:23:16.700Z,2.611,-76.072,10,3.9,ml,7,,,1.28,us,usp0009z8h,2014-11-07T01:10:55.317Z,"6 km N of Inzá, Colombia",earthquake,,,,,reviewed,us,rsnc
2000-09-02T04:05:11.520Z,-5.952,-78.231,100,4.4,mb,8,,,1.01,us,usp0009zja,2014-11-07T01:10:59.625Z,"25 km NW of Santa Catalina, Peru",earthquake,,,,1,reviewed,us,us
2000-09-03T07:04:17.000Z,-5.447,-77.451,44.4,4.4,mb,19,,,1.02,us,usp0009zmf,2014-11-07T01:11:01.523Z,"61 km ENE of Yambrasbamba, Peru",earthquake,,15.5,,8,reviewed,us,us
2000-09-04T05:33:44.660Z,1.9,-80.006,33,4.4,mb,26,,,1.08,us,usp0009zps,2014-11-07T01:11:02.598Z,"111 km NNW of Esmeraldas, Ecuador",earthquake,,,,12,reviewed,us,us
2000-09-08T10:26:22.780Z,-4.479,-80.85,33,4.7,mb,37,,,0.83,us,usp0009zwb,2014-11-07T01:11:03.463Z,"24 km S of La Breita, Peru",earthquake,,,,14,reviewed,us,us
2000-09-10T04:37:29.820Z,-3.398,-77.678,33,4.6,mb,43,,,1.26,us,usp0009zzm,2014-11-07T01:11:03.856Z,"100 km E of Gualaquiza, Ecuador",earthquake,,,,27,reviewed,us,us
2000-09-14T12:46:16.630Z,-0.547,-79.326,33,4.1,mb,15,,,0.7,us,usp000a08a,2014-11-07T01:11:05.099Z,"36 km SSW of Santo Domingo de los Colorados, Ecuador",earthquake,,,,10,reviewed,us,us
2000-09-18T13:07:32.860Z,-1.734,-78.139,175.1,4.1,mb,20,,,0.78,us,usp000a0fm,2014-11-07T01:11:05.930Z,"19 km W of Palora, Ecuador",earthquake,,20.2,,11,reviewed,us,us
2000-09-20T08:37:16.300Z,-1.885,-80.461,33,5.5,mwc,223,,,1.12,us,usp000a0jh,2022-04-29T18:53:21.438Z,"26 km WSW of Pedro Carbo, Ecuador",earthquake,,,,,reviewed,us,hrv
2000-09-23T02:31:54.730Z,-5.154,-76.631,33,4.6,mb,37,,,0.86,us,usp000a0ph,2014-11-07T01:11:06.906Z,"35 km S of Barranca, Peru",earthquake,,,,10,reviewed,us,us
2000-09-25T01:40:16.920Z,1.872,-78.26,33,3.9,ml,6,,,0.36,us,usp000a0s6,2014-11-07T01:11:07.234Z,"14 km NW of Payán, Colombia",earthquake,,,,,reviewed,us,rsnc
2000-09-28T05:51:23.960Z,-0.478,-80.692,33,4.4,mb,21,,,1.25,us,usp000a0xt,2014-11-07T01:11:07.985Z,"32 km WNW of Bahía de Caráquez, Ecuador",earthquake,,,,12,reviewed,us,us
2000-09-28T23:23:43.350Z,-0.215,-80.582,22.9,6.4,mwc,385,,,0.95,us,usp000a0z2,2022-04-29T18:53:42.939Z,"45 km NNW of Bahía de Caráquez, Ecuador",earthquake,,7.6,,,reviewed,us,hrv
2000-09-29T05:27:46.610Z,-2.936,-76.989,158.9,4,mb,11,,,1.14,us,usp000a0zd,2014-11-07T01:11:08.146Z,"85 km NW of Alianza Cristiana, Peru",earthquake,,32.9,,2,reviewed,us,us
2000-09-29T23:38:30.440Z,-0.333,-80.735,10,5,mb,21,,,1.36,us,usp000a10u,2014-11-07T01:11:08.331Z,"near the coast of Ecuador",earthquake,,,,6,reviewed,us,us
2000-10-01T07:12:29.900Z,-0.412,-80.902,33,4.7,mb,18,,,0.91,us,usp000a138,2014-11-07T01:11:10.358Z,"57 km WNW of Bahía de Caráquez, Ecuador",earthquake,,,,4,reviewed,us,us
2000-10-07T00:00:05.440Z,-3.166,-78.434,94.1,4.6,mb,42,,,0.84,us,usp000a1cg,2014-11-07T01:11:14.788Z,"30 km NNE of Gualaquiza, Ecuador",earthquake,,,,12,reviewed,us,us
2000-10-08T11:20:58.940Z,-0.454,-81.061,33,4.3,mb,10,,,0.84,us,usp000a1f8,2014-11-07T01:11:15.268Z,"68 km NW of Manta, Ecuador",earthquake,,,,8,reviewed,us,us
2000-10-08T20:12:32.350Z,0.383,-78.09,33,5.1,mwc,156,,,0.93,us,usp000a1g0,2022-04-29T18:54:32.736Z,"Colombia-Ecuador border region",earthquake,,,,,reviewed,us,hrv
2000-10-12T11:00:58.430Z,-0.126,-80.586,37.8,4.8,mb,57,,,0.81,us,usp000a1nt,2014-11-07T01:11:16.161Z,"55 km NNW of Bahía de Caráquez, Ecuador",earthquake,,8.5,,25,reviewed,us,us
2000-10-17T19:27:55.440Z,-0.339,-80.825,33,5.1,mb,72,,,1.12,us,usp000a1zd,2014-11-07T01:11:17.031Z,"53 km WNW of Bahía de Caráquez, Ecuador",earthquake,,,,29,reviewed,us,us
2000-11-05T17:49:19.500Z,-3.378,-77.431,33,4.2,mb,8,,,1.27,us,usp000a30j,2014-11-07T01:11:25.873Z,"111 km W of Alianza Cristiana, Peru",earthquake,,,,1,reviewed,us,us
2000-11-14T20:54:21.000Z,1.23,-77.55,30.1,4.2,ml,11,,,,us,usp000a3ma,2014-11-07T01:11:28.599Z,"5 km SW of Ancuya, Colombia",earthquake,,,,,reviewed,rsnc,rsnc
2000-11-19T15:05:18.610Z,-2.094,-76.158,43.4,4.7,mb,32,,,1.39,us,usp000a4dn,2020-04-16T18:07:38.467Z,"155 km NNE of Alianza Cristiana, Peru",earthquake,,,,7,reviewed,us,us
2000-11-24T11:29:32.130Z,-1.491,-77.609,205.3,4.9,mb,179,,,0.79,us,usp000a4ug,2014-11-07T01:11:33.510Z,"43 km E of Puyo, Ecuador",earthquake,,8.4,,80,reviewed,us,us
2000-11-30T12:08:46.050Z,2.569,-79.746,33,4.6,mb,43,,,1.02,us,usp000a58x,2014-11-07T01:11:35.726Z,"134 km WNW of Salahonda, Colombia",earthquake,,,,10,reviewed,us,us
2000-12-24T17:07:58.800Z,-4.216,-77.922,33,4.9,mb,61,,,0.83,us,usp000a6p0,2014-11-07T01:11:46.166Z,"102 km ESE of Yantzaza, Ecuador",earthquake,,,,22,reviewed,us,us
2000-12-24T19:09:52.600Z,2.275,-79.746,10,4.6,mb,42,,,0.86,us,usp000a6p8,2014-11-07T01:11:46.183Z,"118 km WNW of Tumaco, Colombia",earthquake,,,,14,reviewed,us,us
2000-12-25T04:07:57.920Z,-4.444,-80.276,63.6,4.7,mb,32,,,0.72,us,usp000a6pw,2014-11-07T01:11:46.240Z,"23 km N of Las Lomas, Peru",earthquake,,,,6,reviewed,us,us
2000-12-30T20:23:15.540Z,-0.5,-80.716,33,3.5,mb,8,,,1.08,us,usp000a6yg,2014-11-07T01:11:47.536Z,"34 km WNW of Bahía de Caráquez, Ecuador",earthquake,,,,1,reviewed,us,us
2001-01-14T02:58:49.970Z,-3.265,-80.153,33,4.1,mb,11,,,0.82,us,usp000a7ms,2014-11-07T01:11:55.618Z,"17 km W of Puerto Bolívar, Ecuador",earthquake,,,,4,reviewed,us,us
2001-01-27T23:57:01.800Z,-4.352,-76.872,117.2,5.5,mwc,308,,,0.77,us,usp000a8hg,2022-04-29T19:47:51.843Z,"57 km NNW of Barranca, Peru",earthquake,,,,,reviewed,us,hrv
2001-02-02T01:52:18.740Z,-5.966,-76.175,117.3,4.1,mb,18,,,1.05,us,usp000a8w0,2014-11-07T01:12:03.940Z,"9 km SW of Yurimaguas, Peru",earthquake,,25.5,,6,reviewed,us,us
2001-02-06T12:34:45.550Z,-1.584,-80.851,33,4.6,mb,38,,,1.14,us,usp000a95v,2014-11-07T01:12:05.985Z,"39 km SW of Jipijapa, Ecuador",earthquake,,,,21,reviewed,us,us
2001-02-21T11:54:50.510Z,1.1,-79.901,33,4.8,mb,75,,,0.94,us,usp000aa1x,2014-11-07T01:12:10.635Z,"31 km WNW of Esmeraldas, Ecuador",earthquake,,,,37,reviewed,us,us
2001-02-21T12:23:09.630Z,1.118,-79.816,33,4.5,mb,42,,,0.97,us,usp000aa1z,2014-11-07T01:12:10.645Z,"25 km NW of Esmeraldas, Ecuador",earthquake,,,,17,reviewed,us,us
2001-02-23T15:36:22.290Z,-1.693,-80.036,33,4.5,mb,15,,,0.92,us,usp000aa6s,2014-11-07T01:12:11.208Z,"16 km S of Colimes, Ecuador",earthquake,,,,6,reviewed,us,us
2001-02-28T00:45:39.470Z,-1.524,-80.969,33,4.2,mb,14,,,1.1,us,usp000aahw,2014-11-07T01:12:12.860Z,"47 km WSW of Jipijapa, Ecuador",earthquake,,,,4,reviewed,us,us
2001-03-15T08:10:53.490Z,-5.743,-76.632,33,5,mb,103,,,0.8,us,usp000aben,2022-04-29T19:31:00.912Z,"49 km NE of Moyobamba, Peru",earthquake,,,,49,reviewed,us,us
2001-03-15T11:35:59.530Z,-5.725,-76.342,33,4.4,mb,20,,,0.61,us,usp000abez,2014-11-07T01:12:21.290Z,"31 km NW of Yurimaguas, Peru",earthquake,,,,15,reviewed,us,us
2001-03-16T09:14:17.440Z,-5.702,-76.543,33,4.7,mb,55,,,0.79,us,usp000abgx,2014-11-07T01:12:21.560Z,"51 km WNW of Yurimaguas, Peru",earthquake,,,,21,reviewed,us,us
2001-03-17T03:22:02.790Z,-5.735,-76.423,33,4.6,mb,31,,,0.73,us,usp000abka,2014-11-07T01:12:21.806Z,"38 km WNW of Yurimaguas, Peru",earthquake,,,,14,reviewed,us,us
2001-03-21T03:02:11.570Z,-3.631,-74.404,59.6,4.3,mb,34,,,0.85,us,usp000absx,2014-11-07T01:12:23.239Z,"125 km W of San Juan, Peru",earthquake,,12.4,,20,reviewed,us,us
2001-03-21T11:05:02.270Z,-2.489,-78.191,33,4.1,mb,17,,,0.48,us,usp000abtm,2014-11-07T01:12:23.289Z,"3 km SSW of Sucúa, Ecuador",earthquake,,,,10,reviewed,us,us
2001-04-04T08:56:41.010Z,-2.706,-79.69,100.1,4.5,mb,39,,,0.97,us,usp000acjq,2014-11-07T01:12:31.701Z,"8 km WSW of Naranjal, Ecuador",earthquake,,12.5,,17,reviewed,us,us
2001-04-04T19:31:54.220Z,-0.994,-78.251,33,4.4,mb,25,,,1.06,us,usp000ackg,2014-11-07T01:12:31.821Z,"38 km E of San Miguel de Salcedo, Ecuador",earthquake,,,,14,reviewed,us,us
2001-04-05T23:39:12.990Z,-3.887,-75.417,138.1,4.5,mb,51,,,0.88,us,usp000acnq,2014-11-07T01:12:32.189Z,"121 km ESE of Alianza Cristiana, Peru",earthquake,,,,27,reviewed,us,us
2001-04-09T22:28:19.390Z,-2.59,-80.641,33,4.4,mb,31,,,0.98,us,usp000acwx,2014-11-07T01:12:33.522Z,"28 km W of Playas, Ecuador",earthquake,,,,21,reviewed,us,us
2001-04-10T06:34:22.820Z,-1.388,-77.578,221.8,4.2,mb,43,,,0.63,us,usp000acxw,2014-11-07T01:12:33.666Z,"48 km ENE of Puyo, Ecuador",earthquake,,9.9,,14,reviewed,us,us
2001-04-15T16:42:44.840Z,-3.049,-77.206,33,4.1,mb,11,,,1.49,us,usp000adaf,2014-11-07T01:12:35.077Z,"97 km WNW of Alianza Cristiana, Peru",earthquake,,,,4,reviewed,us,us
2001-04-17T06:57:45.900Z,-3.888,-81.004,33,4.3,mb,8,,,1.29,us,usp000ade1,2014-11-07T01:12:35.495Z,"24 km N of Máncora, Peru",earthquake,,,,3,reviewed,us,us
2001-04-20T19:28:55.990Z,-4.454,-80.84,33,4.5,mb,11,,,1.06,us,usp000adpn,2014-11-07T01:12:37.056Z,"22 km SSE of La Breita, Peru",earthquake,,,,4,reviewed,us,us
2001-05-07T23:32:43.820Z,-1.922,-77.972,149.5,3.7,mb,11,,,0.94,us,usp000aeka,2014-11-07T01:12:46.370Z,"24 km S of Palora, Ecuador",earthquake,,12.7,,3,reviewed,us,us
2001-05-09T10:36:37.150Z,-5.08,-77.984,33,4.1,mb,16,,,1.15,us,usp000aep2,2014-11-07T01:12:46.707Z,"72 km N of Yambrasbamba, Peru",earthquake,,,,5,reviewed,us,us
2001-05-11T16:16:25.580Z,-5.652,-75.648,33,3.7,mb,7,,,0.66,us,usp000aesr,2014-11-07T01:12:47.209Z,"47 km S of Lagunas, Peru",earthquake,,,,1,reviewed,us,us
2001-05-22T01:45:41.350Z,-4.283,-80.721,33,4.8,mb,16,,,1.1,us,usp000afay,2014-11-07T01:12:49.581Z,"18 km E of La Breita, Peru",earthquake,,,,4,reviewed,us,us
2001-05-26T20:51:08.710Z,-1.449,-78.162,33,4,mb,13,,,1.44,us,usp000afm2,2014-11-07T01:12:51.245Z,"18 km WNW of Puyo, Ecuador",earthquake,,,,5,reviewed,us,us
2001-05-28T10:00:15.250Z,-0.978,-80.24,33,4.1,mb,11,,,1.03,us,usp000afp9,2014-11-07T01:12:51.662Z,"6 km SW of Junín, Ecuador",earthquake,,,,5,reviewed,us,us
2001-06-02T03:13:07.070Z,-2.262,-78.7,77.2,4.1,mb,22,,,1.4,us,usp000afwv,2014-11-07T01:12:56.068Z,"17 km ESE of Alausí, Ecuador",earthquake,,16.8,,7,reviewed,us,us
2001-06-07T05:19:01.280Z,-1.349,-77.708,175.8,3.8,mb,13,,,0.86,us,usp000ag75,2014-11-07T01:12:59.556Z,"36 km ENE of Puyo, Ecuador",earthquake,,9.7,,4,reviewed,us,us
2001-06-16T15:23:41.020Z,-1.531,-77.929,170.5,4,mb,14,,,1.16,us,usp000agst,2014-11-07T01:13:04.555Z,"9 km ESE of Puyo, Ecuador",earthquake,,11.9,,5,reviewed,us,us
2001-06-24T00:23:55.750Z,-4.567,-81.448,34.7,4.5,mb,17,,,1.1,us,usp000ah6h,2014-11-07T01:13:07.069Z,"19 km W of Talara, Peru",earthquake,,,,3,reviewed,us,us
2001-06-24T00:28:33.990Z,-3.938,-80.881,33,5,mb,76,,,0.8,us,usp000ah6k,2014-11-07T01:13:07.073Z,"22 km NW of Papayal, Peru",earthquake,,,,33,reviewed,us,us
2001-06-24T00:49:33.430Z,-3.968,-80.866,30.5,5.1,mb,46,,,0.84,us,usp000ah6s,2022-04-29T19:24:11.377Z,"18 km NW of Papayal, Peru",earthquake,,,,20,reviewed,us,us
2001-06-27T08:54:45.930Z,2.692,-79.875,33,4.2,mb,12,,,0.95,us,usp000ahjn,2014-11-07T01:13:08.503Z,"153 km WNW of Salahonda, Colombia",earthquake,,,,4,reviewed,us,us
2001-06-29T03:11:28.320Z,-3.958,-80.861,33,5.3,mwc,154,,,0.86,us,usp000ahnw,2022-04-29T19:24:41.022Z,"19 km NW of Papayal, Peru",earthquake,,,,,reviewed,us,hrv
2001-07-19T05:15:22.980Z,2.759,-79.444,10,4.4,mb,21,,,1.08,us,usp000ajtu,2014-11-07T01:13:18.746Z,"113 km WNW of Mosquera, Colombia",earthquake,,,,9,reviewed,us,us
2001-07-29T13:34:02.730Z,-2.136,-78.071,250,4,mb,9,,,1.22,us,usp000akeu,2014-11-07T01:13:22.925Z,"19 km NNE of Macas, Ecuador",earthquake,,,,3,reviewed,us,us
2001-08-12T02:42:42.120Z,-5.438,-80.618,33,4.3,mb,38,,,0.95,us,usp000am9n,2014-11-07T01:13:31.886Z,"14 km ESE of La Unión, Peru",earthquake,,,,13,reviewed,us,us
2001-08-18T05:35:39.690Z,-3.039,-77.621,33,4.7,mb,64,,,1.13,us,usp000amn6,2014-11-07T01:13:34.365Z,"88 km SE of Sucúa, Ecuador",earthquake,,,,34,reviewed,us,us
2001-08-29T11:36:32.100Z,-1.573,-77.517,164.8,4.4,mb,38,,,0.72,us,usp000an8h,2014-11-07T01:13:39.055Z,"51 km ENE of Palora, Ecuador",earthquake,,13.6,,15,reviewed,us,us
2001-09-15T02:25:43.490Z,-1.283,-77.119,150,3.9,mb,11,,,1.04,us,usp000ap6y,2014-11-07T01:13:48.167Z,"64 km S of Boca Suno, Ecuador",earthquake,,,,3,reviewed,us,us
2001-09-23T04:06:34.990Z,-1.915,-79.468,86.4,4.7,mb,110,,,0.85,us,usp000apmz,2014-11-07T01:13:50.000Z,"5 km E of Alfredo Baquerizo Moreno, Ecuador",earthquake,,,,41,reviewed,us,us
2001-09-30T11:02:43.390Z,0.372,-78.365,100,4,mb,8,,,0.91,us,usp000aq1c,2014-11-07T01:13:51.907Z,"13 km NW of Cotacachi, Ecuador",earthquake,,,,1,reviewed,us,us
2001-10-19T18:26:01.350Z,-1.803,-77.622,157.2,4.6,mb,41,,,0.77,us,usp000ar8e,2014-11-07T01:14:00.984Z,"39 km ESE of Palora, Ecuador",earthquake,,,,13,reviewed,us,us
2001-10-21T13:29:15.960Z,2.415,-79.807,33,4.3,mb,17,,,1.37,us,usp000arbs,2014-11-07T01:14:01.339Z,"132 km WNW of Tumaco, Colombia",earthquake,,,,7,reviewed,us,us
2001-10-31T04:14:09.700Z,-5.097,-77.392,38.2,4.4,mb,31,,,0.9,us,usp000aryq,2014-11-07T01:14:05.294Z,"84 km WSW of Barranca, Peru",earthquake,,,,10,reviewed,us,us
2001-11-15T07:22:46.720Z,-4.111,-80.766,33.4,4.1,mb,28,,,0.98,us,usp000asxf,2014-11-07T01:14:15.238Z,"4 km SW of Papayal, Peru",earthquake,,,,6,reviewed,us,us
2001-11-17T16:30:55.290Z,-3.332,-77.793,101.9,5.1,mwc,193,,,0.88,us,usp000at14,2022-04-29T19:41:34.009Z,"87 km E of Gualaquiza, Ecuador",earthquake,,,,,reviewed,us,hrv
2001-12-05T09:36:27.310Z,-3.807,-78.402,33,3.8,mb,13,,,0.94,us,usp000au1s,2014-11-07T01:14:26.201Z,"39 km E of Yantzaza, Ecuador",earthquake,,,,5,reviewed,us,us
2002-01-12T02:21:31.730Z,-4.773,-80.769,37.5,4.1,mb,16,,,1.23,us,usp000aw9f,2014-11-07T01:14:40.853Z,"Peru-Ecuador border region",earthquake,,,,3,reviewed,us,us
2002-01-14T06:21:23.050Z,-0.994,-77.957,10,4.7,mb,66,,,1.1,us,usp000awen,2014-11-07T01:14:41.665Z,"16 km W of Tena, Ecuador",earthquake,,,,31,reviewed,us,us
2002-02-03T18:00:57.440Z,-4.053,-80.922,33,4,mb,13,,,1.17,us,usp000axqm,2014-11-07T01:14:51.780Z,"15 km ENE of Máncora, Peru",earthquake,,,,2,reviewed,us,us
2002-02-10T00:50:52.820Z,-5.623,-77.142,49,4.4,mb,9,,,0.72,us,usp000ay3w,2014-11-07T01:14:53.743Z,"43 km NNE of Segunda Jerusalén - Azunguillo, Peru",earthquake,,13.6,,3,reviewed,us,us
2002-02-18T14:55:29.470Z,-2.997,-75.55,130.3,3.9,mb,12,,,1.04,us,usp000ayqg,2014-11-07T01:14:56.189Z,"111 km ENE of Alianza Cristiana, Peru",earthquake,,15.3,,2,reviewed,us,us
2002-02-23T04:00:14.010Z,-1.348,-77.375,207.2,3.9,mb,16,,,1.01,us,usp000az06,2014-11-07T01:14:57.408Z,"62 km SE of Tena, Ecuador",earthquake,,9.6,,5,reviewed,us,us
2002-03-16T04:22:26.430Z,-2.638,-77.128,167.5,4.8,mb,10,,,1.3,us,usp000b0dz,2014-11-07T01:15:09.993Z,"115 km ESE of Macas, Ecuador",earthquake,,13.2,,2,reviewed,us,us
2002-03-17T12:09:30.620Z,2.669,-79.741,10,4.8,mb,100,,,1.05,us,usp000b0gx,2014-11-07T01:15:11.364Z,"138 km WNW of Salahonda, Colombia",earthquake,,,,51,reviewed,us,us
2002-03-17T15:50:17.040Z,-4.331,-80.622,50.6,4.3,mb,22,,,0.77,us,usp000b0h8,2014-11-07T01:15:11.405Z,"30 km ESE of La Breita, Peru",earthquake,,,,10,reviewed,us,us
2002-03-17T20:22:09.630Z,-3.048,-79.671,69,5.1,mb,149,,,0.93,us,usp000b0hg,2014-11-07T01:15:11.455Z,"21 km SE of Baláo, Ecuador",earthquake,,,,60,reviewed,us,us
2002-03-29T07:08:55.110Z,-1.238,-77.347,201.2,4,mb,33,,,1.15,us,usp000b19v,2014-11-07T01:15:15.300Z,"58 km ESE of Tena, Ecuador",earthquake,,9.8,,11,reviewed,us,us
2002-03-31T12:53:20.150Z,-1.092,-80.8,33,4.6,mb,14,,,0.94,us,usp000b1eh,2014-11-07T01:15:16.619Z,"16 km WSW of Montecristi, Ecuador",earthquake,,,,2,reviewed,us,us
2002-04-06T14:41:25.790Z,-2.914,-79.753,41.3,4.5,mb,40,,,0.86,us,usp000b1vk,2014-11-07T01:15:21.929Z,"6 km E of Baláo, Ecuador",earthquake,,,,12,reviewed,us,us
2002-04-16T06:33:30.130Z,-0.992,-81.09,10,4.3,mb,28,,,1,us,usp000b2gj,2014-11-07T01:15:25.609Z,"42 km W of Manta, Ecuador",earthquake,,,,7,reviewed,us,us
2002-04-21T22:24:07.190Z,-5.784,-81.033,33,5.9,mwc,148,,,1.02,us,usp000b2xm,2022-05-02T15:50:43.390Z,"34 km SW of Sechura, Peru",earthquake,,,,,reviewed,us,hrv
2002-04-22T04:12:35.910Z,-5.866,-81.001,33,4.5,mb,47,,,0.78,us,usp000b2xz,2014-11-07T01:15:27.364Z,"39 km SSW of Sechura, Peru",earthquake,,,,10,reviewed,us,us
2002-04-27T03:41:35.400Z,1.099,-79.565,23.9,4.6,mb,50,,,0.95,us,usp000b38p,2014-11-07T01:15:28.998Z,"18 km NNE of Esmeraldas, Ecuador",earthquake,,,,16,reviewed,us,us
2002-04-27T03:45:27.490Z,1.125,-79.583,23.9,4.4,mb,31,,,1.13,us,usp000b38q,2014-11-07T01:15:29.003Z,"19 km NNE of Esmeraldas, Ecuador",earthquake,,,,14,reviewed,us,us
2002-05-05T11:35:06.330Z,-1.04,-78.292,10,4.7,mb,82,,,0.92,us,usp000b3sr,2014-11-07T01:15:34.945Z,"32 km ENE of Píllaro, Ecuador",earthquake,,,,27,reviewed,us,us
2002-06-11T08:04:07.710Z,-1.602,-77.665,161.1,4,mb,31,,,0.94,us,usp000b5yk,2014-11-07T01:15:48.922Z,"35 km ENE of Palora, Ecuador",earthquake,,8.7,,19,reviewed,us,us
2002-06-13T16:18:05.200Z,-1.472,-77.418,177,4.2,mb,52,,,0.81,us,usp000b63e,2014-11-07T01:15:49.666Z,"65 km E of Puyo, Ecuador",earthquake,,7,,23,reviewed,us,us
2002-06-15T10:26:19.490Z,-1.156,-81.062,33,4.2,mb,23,,,1.14,us,usp000b675,2014-11-07T01:15:50.188Z,"44 km WSW of Manta, Ecuador",earthquake,,,,11,reviewed,us,us
2002-06-29T19:17:52.900Z,-5.473,-76.731,33,4.8,mb,71,,,0.79,us,usp000b768,2022-05-02T16:02:07.053Z,"67 km NNE of Moyobamba, Peru",earthquake,,,,42,reviewed,us,us
2002-06-30T06:23:48.150Z,-5.558,-76.911,33,4.7,mb,104,,,0.74,us,usp000b779,2014-11-07T01:15:55.253Z,"53 km N of Moyobamba, Peru",earthquake,,,,49,reviewed,us,us
2002-07-01T18:32:32.920Z,-5.595,-76.61,33,4.7,mb,29,,,0.66,us,usp000b7af,2014-11-07T01:15:58.144Z,"62 km NE of Moyobamba, Peru",earthquake,,,,8,reviewed,us,us
2002-07-06T02:10:38.290Z,-5.297,-76.699,54.4,4.3,mb,20,,,0.65,us,usp000b7k4,2014-11-07T01:16:01.173Z,"51 km S of Barranca, Peru",earthquake,,12.9,,11,reviewed,us,us
2002-07-10T16:32:35.850Z,-5.374,-77.978,33,4.2,mb,17,,,0.93,us,usp000b7w3,2014-11-07T01:16:02.457Z,"40 km N of Yambrasbamba, Peru",earthquake,,,,7,reviewed,us,us
2002-07-14T14:43:42.160Z,-5.365,-78.82,44.4,5,mb,92,,,0.84,us,usp000b83f,2014-11-07T01:16:03.868Z,"29 km N of Las Pirias, Peru",earthquake,,9.3,,33,reviewed,us,us
2002-07-19T03:10:24.800Z,-5.719,-77.132,33,4.5,mb,48,,,1.01,us,usp000b8cc,2014-11-07T01:16:04.956Z,"33 km NNE of Segunda Jerusalén - Azunguillo, Peru",earthquake,,,,19,reviewed,us,us
2002-07-22T07:01:30.990Z,-4.25,-80.803,33,3.7,mb,11,,,0.86,us,usp000b8jd,2014-11-07T01:16:05.973Z,"9 km E of La Breita, Peru",earthquake,,,,1,reviewed,us,us
2002-07-27T05:03:38.830Z,-1.429,-80.541,33,4.3,mb,16,,,1.17,us,usp000b8va,2014-11-07T01:16:07.022Z,"9 km SSE of Jipijapa, Ecuador",earthquake,,,,9,reviewed,us,us
2002-08-06T14:26:12.200Z,-5.355,-76.616,106.8,5.3,mwb,214,,,0.7,us,usp000b9dq,2025-12-19T22:36:43.725Z,"58 km S of Barranca, Peru",earthquake,,,,,reviewed,us,us
2002-08-15T05:39:13.090Z,-1.607,-77.812,167.2,3.9,mb,16,,,0.91,us,usp000b9xs,2014-11-07T01:16:16.146Z,"19 km ENE of Palora, Ecuador",earthquake,,9.1,,7,reviewed,us,us
2002-08-23T03:40:24.120Z,-1.196,-77.275,150,4,mb,29,,,0.85,us,usp000baf6,2014-11-07T01:16:19.448Z,"57 km SSW of Boca Suno, Ecuador",earthquake,,,,15,reviewed,us,us
2002-09-05T09:19:42.650Z,-2.124,-78.941,33,4.4,mb,41,,,1.28,us,usp000bb9s,2014-11-07T01:16:26.820Z,"13 km NW of Alausí, Ecuador",earthquake,,,,17,reviewed,us,us
2002-09-13T10:23:02.640Z,-4.956,-80.651,42.7,5.1,mb,93,,,0.77,us,usp000bc4s,2022-05-02T16:08:42.340Z,"6 km SSE of Sullana, Peru",earthquake,,,,28,reviewed,us,us
2002-09-29T02:52:35.230Z,-4.907,-80.679,39.7,5,mb,131,,,0.66,us,usp000bdcu,2022-05-02T16:10:15.312Z,"0 km ESE of Sullana, Peru",earthquake,,,,52,reviewed,us,us
2002-10-04T21:34:32.780Z,-5.316,-76.507,33,4.4,mb,38,,,0.9,us,usp000bdtm,2014-11-07T01:16:42.132Z,"56 km SSE of Barranca, Peru",earthquake,,,,20,reviewed,us,us
2002-10-05T05:52:22.570Z,-5.801,-76.633,115,4.7,mb,109,,,0.77,us,usp000bduj,2014-11-07T01:16:42.247Z,"45 km NE of Moyobamba, Peru",earthquake,,,,45,reviewed,us,us
2002-11-01T07:02:17.430Z,-5.304,-77.654,33,4.2,mb,33,,,0.78,us,usp000bfsn,2014-11-07T01:16:53.730Z,"56 km NNE of Yambrasbamba, Peru",earthquake,,,,14,reviewed,us,us
2002-11-09T21:51:35.310Z,-3.792,-80.521,68.5,4.7,mb,30,,,1.17,us,usp000bh83,2014-11-07T01:17:05.882Z,"21 km SE of Zorritos, Peru",earthquake,,17.6,,10,reviewed,us,us
2002-11-11T23:53:11.240Z,-2.428,-80.078,33,5.1,mb,151,,,0.86,us,usp000bhfv,2014-11-07T01:17:06.849Z,"28 km SSW of Santa Lucía, Ecuador",earthquake,,,,61,reviewed,us,us
2002-11-13T03:19:02.300Z,-4.813,-78.375,33,5,mb,89,,,1.1,us,usp000bhk1,2022-05-02T16:16:32.849Z,"78 km ENE of San Ignacio, Peru",earthquake,,,,46,reviewed,us,us
2002-11-20T01:14:55.190Z,-1.553,-77.859,143.8,4.1,mb,48,,,0.79,us,usp000bj0w,2014-11-07T01:17:09.589Z,"17 km ESE of Puyo, Ecuador",earthquake,,13.6,,16,reviewed,us,us
2002-12-03T18:48:27.940Z,-4.448,-77.528,33,4.4,mb,28,,,1.28,us,usp000bk1r,2014-11-07T01:17:18.272Z,"103 km WNW of Barranca, Peru",earthquake,,,,10,reviewed,us,us
2002-12-15T04:05:21.980Z,-5.477,-81.008,33,4.3,mb,12,,,1.12,us,usp000bkqw,2014-11-07T01:17:21.814Z,"22 km WNW of Sechura, Peru",earthquake,,,,4,reviewed,us,us
2002-12-24T10:08:30.280Z,0.869,-79.525,33,4.5,mb,27,,,1.22,us,usp000bman,2014-11-07T01:17:25.416Z,"17 km SE of Esmeraldas, Ecuador",earthquake,,,,15,reviewed,us,us
2003-01-17T06:01:51.080Z,-5.192,-81.179,33,4.3,mb,34,,,1.11,us,usp000bnpj,2014-11-07T01:17:35.992Z,"13 km SSW of Paita, Peru",earthquake,,,,16,reviewed,us,us
2003-01-18T11:02:21.060Z,-3.807,-76.737,111.6,4.5,mb,25,,,0.96,us,usp000bns0,2014-11-07T01:17:36.213Z,"49 km SW of Alianza Cristiana, Peru",earthquake,,,,11,reviewed,us,us
2003-01-31T16:54:33.490Z,-2.756,-77.055,111.8,5.2,mwc,134,,,0.77,us,usp000bppx,2025-12-19T23:04:48.790Z,"105 km NW of Alianza Cristiana, Peru",earthquake,,,,,reviewed,us,hrv
2003-02-07T21:46:43.700Z,-3.252,-77.207,99.9,4.7,mb,73,,,0.85,us,usp000bq7b,2014-11-07T01:17:46.155Z,"89 km WNW of Alianza Cristiana, Peru",earthquake,,,,40,reviewed,us,us
2003-03-27T12:58:28.820Z,-3.146,-76.857,111,5,mb,171,76.9,,0.74,us,usp000btmq,2014-11-07T01:18:09.062Z,"59 km NW of Alianza Cristiana, Peru",earthquake,,,,56,reviewed,us,us
2003-04-26T02:05:25.660Z,-5.547,-77.275,33,4.4,mb,40,90.3,,1.29,us,usp000bvzb,2014-11-07T01:18:26.105Z,"48 km N of Segunda Jerusalén - Azunguillo, Peru",earthquake,,,,22,reviewed,us,us
2003-05-15T12:18:37.340Z,-2.4,-80.702,64.1,3.7,mb,10,128.7,,1.07,us,usp000bx9a,2014-11-07T01:18:37.058Z,"25 km SE of Santa Elena, Ecuador",earthquake,,15.7,,3,reviewed,us,us
2003-05-24T03:56:50.220Z,-0.378,-78.073,49.3,4.5,mb,26,121.4,,0.97,us,usp000by0c,2014-11-07T01:18:41.784Z,"42 km E of Sangolquí, Ecuador",earthquake,,10.1,,7,reviewed,us,us
2003-05-25T06:45:20.600Z,2.864,-79.069,10,4.3,mb,40,97.5,,1.34,us,usp000by3f,2014-11-07T01:18:42.144Z,"79 km WNW of Mosquera, Colombia",earthquake,,,,20,reviewed,us,us
2003-05-29T03:12:42.820Z,-2.157,-76.26,160.5,4.1,mb,56,137.3,,0.73,us,usp000byeq,2014-11-07T01:18:44.224Z,"147 km N of Alianza Cristiana, Peru",earthquake,,,,38,reviewed,us,us
2003-06-03T00:02:27.500Z,-0.928,-80.638,33,3.1,mb,6,183.9,,0.49,us,usp000bywp,2014-11-07T01:18:49.466Z,"9 km ENE of Manta, Ecuador",earthquake,,,,1,reviewed,us,us
2003-06-03T12:18:35.510Z,-2.637,-79.017,89.3,4.4,mb,25,82.6,,0.94,us,usp000byyg,2014-11-07T01:18:49.797Z,"12 km SW of Cañar, Ecuador",earthquake,,,,9,reviewed,us,us
2003-06-10T04:51:32.120Z,-1.855,-74.856,33,3.6,mb,9,140,,1.35,us,usp000bzhm,2014-11-07T01:18:53.580Z,"104 km SSE of Pantoja, Peru",earthquake,,,,2,reviewed,us,us
2003-06-23T23:00:46.240Z,-1.402,-77.718,175.2,4.1,mb,11,89.3,,0.9,us,usp000c0ss,2014-11-07T01:18:59.349Z,"Ecuador",earthquake,,10.8,,2,reviewed,us,us
2003-07-28T09:32:08.350Z,-2.959,-77.149,33,4.4,mb,44,126,,0.9,us,usp000c3k3,2014-11-07T01:19:19.143Z,"97 km NW of Alianza Cristiana, Peru",earthquake,,,,19,reviewed,us,us
2003-08-03T12:36:25.060Z,-4.03,-80.768,31.3,4.1,mb,16,118.2,,0.93,us,usp000c3zu,2014-11-07T01:19:26.721Z,"6 km NNW of Papayal, Peru",earthquake,,,,4,reviewed,us,us
2003-08-12T05:37:06.630Z,2.855,-75.011,60.2,4.4,mb,43,130.6,,0.92,us,usp000c4p4,2014-11-07T01:19:30.223Z,"27 km SSE of Tello, Colombia",earthquake,,7.9,,19,reviewed,us,us
2003-08-15T10:26:52.860Z,-1.063,-80.547,33,4.4,mb,24,95.2,,1.43,us,usp000c4yp,2014-11-07T01:19:31.668Z,"10 km W of Portoviejo, Ecuador",earthquake,,,,7,reviewed,us,us
2003-08-16T05:00:02.470Z,0.235,-79.272,112.7,4.5,mb,7,174.6,,1.52,us,usp000c51z,2014-11-07T01:19:31.944Z,"24 km ESE of Rosa Zarate, Ecuador",earthquake,,49.9,,1,reviewed,us,us
2003-08-20T10:06:04.780Z,-0.982,-77.642,119.7,4.4,mb,47,157.7,,0.7,us,usp000c5ej,2014-11-07T01:19:33.331Z,"19 km E of Tena, Ecuador",earthquake,,18.9,,20,reviewed,us,us
2003-08-30T13:07:41.030Z,-4.728,-80.148,100,4.2,mb,23,115,,1.29,us,usp000c69k,2014-11-07T01:19:37.017Z,"13 km SE of Las Lomas, Peru",earthquake,,,,11,reviewed,us,us
2003-09-01T23:20:44.100Z,-3.327,-78.843,89.2,5.1,mb,149,90.9,,0.84,us,usp000c6ga,2014-11-07T01:19:41.364Z,"30 km WNW of Gualaquiza, Ecuador",earthquake,,,,63,reviewed,us,us
2003-09-06T12:12:17.790Z,-4.149,-80.299,69.6,4.6,mb,65,102.4,,0.82,us,usp000c6wq,2014-11-07T01:19:46.210Z,"38 km W of Celica, Ecuador",earthquake,,,,19,reviewed,us,us
2003-09-07T02:11:33.380Z,-2.415,-77.599,33,4.1,mb,6,175,,1.52,us,usp000c6ye,2014-11-07T01:19:46.901Z,"58 km ESE of Macas, Ecuador",earthquake,,,,1,reviewed,us,us
2003-09-13T18:33:13.270Z,-0.983,-78.33,33,5.3,mwc,121,87.3,,1.01,us,usp000c7en,2022-05-02T16:43:18.824Z,"29 km ENE of San Miguel de Salcedo, Ecuador",earthquake,,,,,reviewed,us,hrv
2003-09-20T05:19:16.850Z,-2.705,-79.46,33,4.5,mb,20,93.2,,1.08,us,usp000c82f,2014-11-07T01:19:52.515Z,"17 km E of Naranjal, Ecuador",earthquake,,,,5,reviewed,us,us
2003-09-27T07:48:58.840Z,-1.678,-77.837,161,4.5,mb,87,140.1,,0.75,us,usp000c8sj,2014-11-07T01:19:57.630Z,"14 km E of Palora, Ecuador",earthquake,,9,,53,reviewed,us,us
2003-10-03T15:30:34.310Z,-5.411,-80.817,113.1,4.9,mb,71,124.1,,1.22,us,usp000c9fy,2014-11-07T01:20:07.931Z,"3 km W of Vice, Peru",earthquake,,,,48,reviewed,us,us
2003-10-05T12:29:30.680Z,-2.946,-78.008,94.9,4.9,mb,118,58.8,,0.9,us,usp000c9p1,2014-11-07T01:20:08.671Z,"56 km SSE of Sucúa, Ecuador",earthquake,,,,62,reviewed,us,us
2003-11-13T05:55:57.620Z,-1.485,-77.747,178.3,4.3,mb,75,91.3,,0.88,us,usp000ccrw,2014-11-07T01:20:28.031Z,"28 km E of Puyo, Ecuador",earthquake,,,,35,reviewed,us,us
2003-11-22T04:44:41.000Z,-5.812,-80.932,33,4.4,mb,22,92.3,,1.42,us,usp000cdn0,2014-11-07T01:20:32.513Z,"30 km SSW of Sechura, Peru",earthquake,,,,10,reviewed,us,us
2003-11-26T07:42:31.100Z,-1.908,-75.723,183.5,5.5,mwc,420,37.8,,0.73,us,usp000cdx7,2022-05-02T16:54:43.306Z,"120 km SSW of Pantoja, Peru",earthquake,,,,,reviewed,us,hrv
2003-12-01T20:18:51.270Z,0.39,-80.378,33,4.2,mb,9,96.3,,1.24,us,usp000cead,2014-11-07T01:20:38.869Z,"46 km WSW of Muisne, Ecuador",earthquake,,,,1,reviewed,us,us
2003-12-09T08:38:55.080Z,-5.885,-80.083,100,4.6,mb,19,118,,0.91,us,usp000cevs,2014-11-07T01:20:43.444Z,"28 km SW of Pueblo Nuevo, Peru",earthquake,,,,4,reviewed,us,us
2003-12-14T18:43:42.210Z,-1.567,-77.505,188.5,4.5,mb,42,117.1,,0.9,us,usp000cf9a,2014-11-07T01:20:45.209Z,"53 km ENE of Palora, Ecuador",earthquake,,8.5,,14,reviewed,us,us
2003-12-25T14:22:54.060Z,-3.68,-77.204,99.5,4.2,mb,21,176.6,,0.86,us,usp000cg0r,2014-11-07T01:20:49.166Z,"88 km WSW of Alianza Cristiana, Peru",earthquake,,14.5,,9,reviewed,us,us
2004-01-01T12:06:54.060Z,2.925,-79.169,10,4.5,mb,29,84.7,,1.08,us,usp000cgrk,2014-11-07T01:20:55.390Z,"92 km WNW of Mosquera, Colombia",earthquake,,,,12,reviewed,us,us
2004-01-04T16:13:55.620Z,-3.594,-77.477,0.8,5,mb,97,79.4,,0.69,us,usp000ch3z,2022-05-02T16:58:41.726Z,"116 km W of Alianza Cristiana, Peru",earthquake,,15.6,,48,reviewed,us,us
2004-01-08T00:03:01.410Z,-0.553,-77.918,10,4.6,mb,42,111.9,,1.57,us,usp000chdm,2014-11-07T01:21:00.110Z,"41 km NNW of Archidona, Ecuador",earthquake,,,,14,reviewed,us,us
2004-01-08T21:19:39.520Z,-3.952,-80.168,73.4,4.9,mwc,111,54.3,,0.81,us,usp000chfm,2016-11-10T00:22:52.515Z,"28 km NW of Celica, Ecuador",earthquake,,,,,reviewed,us,hrv
2004-01-16T10:38:09.070Z,-3.534,-77.689,110.8,4.2,mb,23,177.1,,0.54,us,usp000cj09,2014-11-07T01:21:05.134Z,"100 km E of Gualaquiza, Ecuador",earthquake,,12.6,,5,reviewed,us,us
2004-01-29T09:14:35.950Z,-4.846,-80.65,29.3,4.6,mb,41,116.9,,0.87,us,usp000cjxr,2014-11-07T01:21:10.150Z,"1 km SSW of Querecotillo, Peru",earthquake,,22.6,,17,reviewed,us,us
2004-01-29T21:17:43.580Z,-4.241,-79.239,98.3,4.6,mb,26,90.5,,0.85,us,usp000cjyw,2014-11-07T01:21:10.279Z,"27 km S of Loja, Ecuador",earthquake,,16.9,,13,reviewed,us,us
2004-02-01T21:50:53.590Z,-2.285,-76.507,151.4,4.5,mb,118,142.1,,1.08,us,usp000ck6x,2014-11-07T01:21:15.697Z,"131 km N of Alianza Cristiana, Peru",earthquake,,,,70,reviewed,us,us
2004-03-18T03:18:30.160Z,-0.765,-76.904,144.4,4,mb,12,151.6,,1.19,us,usp000cq7n,2014-11-07T01:21:44.041Z,"27 km ESE of Boca Suno, Ecuador",earthquake,,12.8,,4,reviewed,us,us
2004-03-20T23:15:19.670Z,-0.545,-80.799,10,4.1,mb,12,169.6,,0.81,us,usp000cqg8,2014-11-07T01:21:45.554Z,"near the coast of Ecuador",earthquake,,,,6,reviewed,us,us
2004-03-28T08:41:14.420Z,-1.042,-78.335,12.6,5.3,mwc,171,67.4,,0.9,us,usp000cr3v,2022-05-02T17:07:15.967Z,"27 km ENE of Píllaro, Ecuador",earthquake,,15.1,,,reviewed,us,hrv
2004-04-05T12:59:02.060Z,-4.372,-76.674,124.5,4.3,mb,15,125.2,,1.03,us,usp000crs2,2014-11-07T01:21:54.867Z,"50 km N of Barranca, Peru",earthquake,,11.1,,2,reviewed,us,us
2004-04-15T19:06:31.110Z,-1.018,-78.394,10,5,mwc,80,85,,0.81,us,usp000csjy,2016-11-10T00:31:33.518Z,"22 km E of San Miguel de Salcedo, Ecuador",earthquake,,,,,reviewed,us,hrv
2004-04-26T18:37:59.110Z,-4.326,-75.513,18.7,4.5,mb,32,171.9,,0.73,us,usp000ctgd,2020-04-16T17:40:35.820Z,"101 km N of Lagunas, Peru",earthquake,,16.6,,18,reviewed,us,us
2004-04-27T06:48:27.870Z,-0.092,-80.578,10,4.2,mb,8,93.7,,1.27,us,usp000cthq,2014-11-07T01:22:06.655Z,"58 km NNW of Bahía de Caráquez, Ecuador",earthquake,,,,3,reviewed,us,us
2004-05-07T19:00:08.260Z,1.633,-78.582,47.4,4.5,mb,27,140.1,,1.06,us,usp000cud1,2014-11-07T01:22:15.683Z,"29 km SE of Tumaco, Colombia",earthquake,,13.8,,9,reviewed,us,us
2004-05-08T13:05:06.370Z,-5.141,-78.445,111.1,4.3,mb,17,91.8,,0.95,us,usp000cufd,2014-11-07T01:22:15.976Z,"51 km N of La Peca, Peru",earthquake,,25.2,,2,reviewed,us,us
2004-05-25T10:04:20.180Z,-4.485,-80.084,60.9,4.9,mwc,180,79.4,,0.76,us,usp000cw61,2016-11-10T00:35:58.135Z,"9 km WNW of Suyo, Peru",earthquake,,,,,reviewed,us,hrv
2004-05-26T22:14:03.780Z,-3.079,-76.191,35,4.4,mb,12,158.9,,1.2,us,usp000cwar,2014-11-07T01:22:24.585Z,"51 km NNE of Alianza Cristiana, Peru",earthquake,,,,5,reviewed,us,us
2004-06-01T15:52:39.330Z,0.706,-79.744,23.7,5.4,mwc,207,69.3,,0.85,us,usp000cwuq,2022-05-02T17:13:11.743Z,"29 km SSW of Esmeraldas, Ecuador",earthquake,,,,,reviewed,us,hrv
2004-06-15T11:55:49.180Z,-3.576,-76.512,112.3,4.7,mb,63,80.2,,0.99,us,usp000cxyn,2014-11-07T01:22:37.993Z,"14 km SW of Alianza Cristiana, Peru",earthquake,,,,19,reviewed,us,us
2004-06-19T12:45:43.590Z,-1.318,-80.642,23.7,3.6,mb,8,90.3,,1.26,us,usp000cy8n,2014-11-07T01:22:39.013Z,"7 km WNW of Jipijapa, Ecuador",earthquake,,29.4,,2,reviewed,us,us
2004-06-23T03:31:13.970Z,2.173,-78.273,104.6,4.2,mb,10,129.5,,1.47,us,usp000cyjj,2014-11-07T01:22:40.678Z,"26 km SSW of La Tola, Colombia",earthquake,,19.6,,1,reviewed,us,us
2004-06-23T18:10:40.140Z,-2.933,-80.42,30,3.8,mb,12,88.6,,0.91,us,usp000cykj,2014-11-07T01:22:40.763Z,"33 km S of Playas, Ecuador",earthquake,,,,3,reviewed,us,us
2004-06-24T04:08:14.950Z,-1.896,-77.348,154.2,4.2,mb,50,141.1,,0.84,us,usp000cymx,2014-11-07T01:22:40.944Z,"71 km ESE of Palora, Ecuador",earthquake,,8.6,,26,reviewed,us,us
2004-07-04T19:43:44.290Z,1.438,-79.964,60.3,3.7,mb,9,82.4,,1.43,us,usp000czjg,2014-11-07T01:22:50.738Z,"63 km NNW of Esmeraldas, Ecuador",earthquake,,34.9,,2,reviewed,us,us
2004-07-14T01:11:04.360Z,-2.202,-77.253,125.2,4.1,mb,12,149.3,,1.29,us,usp000d04k,2014-11-07T01:22:53.792Z,"96 km E of Macas, Ecuador",earthquake,,13.8,,1,reviewed,us,us
2004-07-18T07:38:52.770Z,-1.355,-77.448,204.9,4.1,mb,22,77.1,,1.23,us,usp000d0dp,2014-11-07T01:22:55.544Z,"Ecuador",earthquake,,10.4,,5,reviewed,us,us
2004-07-18T07:55:02.970Z,-1.674,-77.75,163.2,4.5,mb,88,76.4,,0.73,us,usp000d0dr,2014-11-07T01:22:55.551Z,"24 km E of Palora, Ecuador",earthquake,,,,19,reviewed,us,us
2004-07-20T05:22:17.370Z,2.597,-79.54,10,4.4,mb,14,90.2,,1.29,us,usp000d0hg,2014-11-07T01:22:56.129Z,"115 km WNW of Salahonda, Colombia",earthquake,,,,4,reviewed,us,us
2004-07-25T06:51:53.500Z,-3.844,-80.79,42.9,4.4,mb,33,156.7,,0.71,us,usp000d0uj,2014-11-07T01:22:58.917Z,"18 km NW of Cañaveral, Peru",earthquake,,,,14,reviewed,us,us
2004-07-27T14:24:46.020Z,-5.421,-78.664,65.3,4.6,mb,19,132.4,,0.85,us,usp000d0yq,2014-11-07T01:22:59.457Z,"26 km N of Bellavista, Peru",earthquake,,11.6,,6,reviewed,us,us
2004-08-11T06:36:01.690Z,-2.708,-75.428,126.4,3.8,mb,10,140,,1.07,us,usp000d1xp,2014-11-07T01:23:10.990Z,"140 km NE of Alianza Cristiana, Peru",earthquake,,14.1,,2,reviewed,us,us
2004-08-11T23:02:24.640Z,-3.079,-80.801,42.1,5.3,mwc,250,49,,0.81,us,usp000d1z2,2022-05-02T17:22:38.989Z,"66 km NW of Tumbes, Peru",earthquake,,,,,reviewed,us,hrv
2004-08-12T22:52:45.220Z,-2.257,-75.93,168.5,4.2,mb,19,129.2,,1.01,us,usp000d21d,2014-11-07T01:23:12.208Z,"145 km NNE of Alianza Cristiana, Peru",earthquake,,9.3,,6,reviewed,us,us
2004-08-14T02:44:42.850Z,-2.019,-78.466,139.4,3.8,mb,13,96.1,,1.22,us,usp000d23x,2014-11-07T01:23:12.445Z,"43 km SSE of Riobamba, Ecuador",earthquake,,16.2,,2,reviewed,us,us
2004-08-17T02:52:01.750Z,-3.134,-77.585,103.4,4.2,mb,11,144,,1.24,us,usp000d2a5,2014-11-07T01:23:13.460Z,"99 km SE of Sucúa, Ecuador",earthquake,,13.6,,4,reviewed,us,us
2004-08-18T05:31:49.750Z,-2.699,-76.321,145.6,3.8,mb,21,95.4,,1.06,us,usp000d2c5,2014-11-07T01:23:13.710Z,"86 km N of Alianza Cristiana, Peru",earthquake,,9.9,,8,reviewed,us,us
2004-08-18T07:06:52.430Z,2.265,-76.595,26.5,5.1,mwc,208,77.6,,1.11,us,usp000d2cd,2022-05-02T17:22:48.563Z,"2 km ENE of Paispamba, Colombia",earthquake,,13,,,reviewed,us,hrv
2004-08-19T08:05:14.670Z,-2.153,-77.288,10,4.5,mb,22,141.1,,1.12,us,usp000d2et,2014-11-07T01:23:14.113Z,"90 km ESE of Palora, Ecuador",earthquake,,0,,12,reviewed,us,us
2004-09-29T18:38:11.100Z,-5.598,-77.089,27,5.2,mwc,294,65.2,,0.75,us,usp000d5b3,2022-05-02T17:28:35.682Z,"48 km NNE of Segunda Jerusalén - Azunguillo, Peru",earthquake,,,,,reviewed,us,hrv
2004-11-20T13:53:59.870Z,-5.4,-78.587,51.9,4.6,mb,20,92.1,,1.29,us,usp000d8u2,2014-11-07T01:24:03.207Z,"28 km NW of La Peca, Peru",earthquake,,14.4,,1,reviewed,us,us
2004-11-21T06:11:37.470Z,2.264,-79.677,10,4.2,mb,18,82.4,,1.14,us,usp000d8vn,2014-11-07T01:24:03.515Z,"111 km WNW of Tumaco, Colombia",earthquake,,,,5,reviewed,us,us
2004-11-21T12:48:59.070Z,-3.802,-76.573,102.8,4.2,mb,14,148.9,,1.09,us,usp000d8wn,2014-11-07T01:24:03.725Z,"39 km SSW of Alianza Cristiana, Peru",earthquake,,12.3,,4,reviewed,us,us
2004-11-24T16:19:50.790Z,-0.874,-80.42,23.8,5.1,mwc,136,84.4,,1.07,us,usp000d941,2022-05-02T17:34:23.655Z,"6 km NNE of Rocafuerte, Ecuador",earthquake,,,,,reviewed,us,hrv
2004-12-19T02:30:07.340Z,-4.179,-76.294,49.9,4.9,mb,174,78.4,,0.76,us,usp000dazy,2022-05-02T15:55:45.097Z,"79 km SSE of Alianza Cristiana, Peru",earthquake,,,,80,reviewed,us,us
2005-01-09T02:36:11.900Z,-1.476,-80.949,40.2,4.1,mb,26,118.1,,0.74,us,usp000dcuz,2014-11-07T01:24:36.024Z,"43 km WSW of Jipijapa, Ecuador",earthquake,,8,,9,reviewed,us,us
2005-01-15T11:40:37.250Z,-3.582,-80.688,34,5.1,mwc,118,52.1,,0.99,us,usp000ddcp,2022-05-02T17:42:44.458Z,"10 km N of Zorritos, Peru",earthquake,,,,,reviewed,us,hrv
2005-01-15T14:02:14.700Z,-3.726,-80.793,38.6,5,mwc,62,53.7,,0.92,us,usp000ddd0,2016-11-10T00:58:26.299Z,"13 km WSW of Zorritos, Peru",earthquake,,7.7,,,reviewed,us,hrv
2005-01-15T17:22:33.350Z,-3.677,-80.885,18.7,4.4,mb,18,54.4,,1.25,us,usp000ddd7,2014-11-07T01:24:39.550Z,"22 km W of Zorritos, Peru",earthquake,,26.7,,5,reviewed,us,us
2005-01-16T10:14:18.880Z,-1.551,-78.315,58.6,4.1,mb,20,104.3,,1.23,us,usp000ddfd,2014-11-07T01:24:39.844Z,"20 km SE of Baños, Ecuador",earthquake,,13.9,,9,reviewed,us,us
2005-01-20T16:45:28.860Z,-1.074,-80.897,21.5,4.5,mb,14,100.2,,0.98,us,usp000ddvv,2014-11-07T01:24:42.277Z,"23 km WSW of Manta, Ecuador",earthquake,,23.8,,6,reviewed,us,us
2005-01-20T19:07:16.090Z,-1.162,-80.957,20.7,4.6,mb,37,50.4,,0.99,us,usp000ddw3,2014-11-07T01:24:42.318Z,"35 km SW of Manta, Ecuador",earthquake,,18,,21,reviewed,us,us
2005-01-21T04:30:29.010Z,-1.188,-80.841,10,5.4,mwc,151,46.8,,0.94,us,usp000ddx2,2022-05-02T17:43:47.605Z,"25 km SW of Montecristi, Ecuador",earthquake,,,,,reviewed,us,hrv
2005-01-21T10:18:05.560Z,-1.186,-80.874,10,4.4,mb,45,63.7,,0.81,us,usp000ddxk,2014-11-07T01:24:42.504Z,"28 km WSW of Montecristi, Ecuador",earthquake,,,,21,reviewed,us,us
2005-01-21T13:45:14.060Z,-1.134,-80.829,10,6,mwb,149,41.5,,1.11,us,usp000ddxx,2022-07-14T18:35:58.250Z,"21 km WSW of Montecristi, Ecuador",earthquake,,,,,reviewed,us,us
2005-01-21T15:26:31.980Z,-1.221,-80.896,10,4.8,mb,106,46.8,,1.09,us,usp000ddy5,2014-11-07T01:24:42.611Z,"32 km SW of Montecristi, Ecuador",earthquake,,,,46,reviewed,us,us
2005-01-21T16:15:05.010Z,-1.274,-80.757,10,4.6,mb,60,51.4,,0.93,us,usp000ddy9,2014-11-07T01:24:42.624Z,"21 km WNW of Jipijapa, Ecuador",earthquake,,,,28,reviewed,us,us
2005-01-21T16:47:00.550Z,-1.178,-80.869,10,5,mwc,78,105.1,,1.08,us,usp000ddya,2022-05-02T17:44:01.412Z,"27 km WSW of Montecristi, Ecuador",earthquake,,,,,reviewed,us,hrv
2005-01-22T00:16:42.070Z,-1.133,-80.736,22.5,4.7,mb,133,55.5,,1.06,us,usp000ddz7,2014-11-07T01:24:42.746Z,"12 km SW of Montecristi, Ecuador",earthquake,,12.9,,44,reviewed,us,us
2005-01-22T01:12:14.480Z,-1.2,-80.792,26.1,5.2,mwc,91,49.4,,0.91,us,usp000ddz9,2022-05-02T17:44:09.571Z,"22 km SW of Montecristi, Ecuador",earthquake,,12.5,,,reviewed,us,hrv
2005-01-22T17:15:37.950Z,0.656,-80.277,10,4.8,mb,88,71.2,,0.92,us,usp000de11,2014-11-07T01:24:42.994Z,"29 km W of Muisne, Ecuador",earthquake,,,,41,reviewed,us,us
2005-01-22T18:52:36.820Z,0.466,-80.373,10,4.6,mb,27,83.7,,1.25,us,usp000de16,2014-11-07T01:24:43.035Z,"42 km WSW of Muisne, Ecuador",earthquake,,,,16,reviewed,us,us
2005-01-23T05:24:06.160Z,-1.116,-80.992,10,4.3,mb,20,151.8,,1.07,us,usp000de2a,2014-11-07T01:24:43.207Z,"35 km WSW of Manta, Ecuador",earthquake,,,,1,reviewed,us,us
2005-01-23T09:50:34.570Z,-1.375,-80.84,10,4,mb,9,133.6,,1.41,us,usp000de2v,2014-11-07T01:24:43.266Z,"29 km W of Jipijapa, Ecuador",earthquake,,,,2,reviewed,us,us
2005-01-23T10:06:07.740Z,-1.202,-80.796,15.9,5,mwc,184,46.8,,0.86,us,usp000de2y,2022-05-02T17:44:40.260Z,"23 km SW of Montecristi, Ecuador",earthquake,,,,,reviewed,us,hrv
2005-01-23T17:06:14.870Z,-1.223,-80.896,10,4.2,mb,19,151.8,,1.17,us,usp000de43,2014-11-07T01:24:43.390Z,"32 km SW of Montecristi, Ecuador",earthquake,,,,4,reviewed,us,us
2005-01-23T18:25:34.570Z,-1.006,-81.144,10,4,mb,14,81.4,,1.45,us,usp000de48,2014-11-07T01:24:43.399Z,"48 km W of Manta, Ecuador",earthquake,,,,4,reviewed,us,us
2005-01-24T06:11:52.300Z,-2.332,-80.646,28.5,5.6,mwc,124,48.7,,0.9,us,usp000de60,2022-07-14T18:30:07.753Z,"26 km ESE of Santa Elena, Ecuador",earthquake,,,,,reviewed,us,hrv
2005-01-24T15:01:56.390Z,-3.438,-77.71,108.7,4.7,mb,72,88.8,,0.69,us,usp000de7e,2014-11-07T01:24:44.052Z,"96 km E of Gualaquiza, Ecuador",earthquake,,6.1,,31,reviewed,us,us
2005-01-24T23:18:25.740Z,-1.431,-80.683,10,3.9,mb,15,166.5,,1.43,us,usp000de8p,2014-11-07T01:24:44.187Z,"14 km SW of Jipijapa, Ecuador",earthquake,,,,4,reviewed,us,us
2005-01-24T23:23:26.120Z,-1.364,-80.785,16.9,6.1,mwb,309,29.6,,1.19,us,usp000de8s,2022-07-14T18:28:25.015Z,"23 km W of Jipijapa, Ecuador",earthquake,,14.5,,,reviewed,us,us
2005-01-24T23:26:50.320Z,-1.398,-80.91,10,5.8,mwc,220,47.5,,1,us,usp000de8u,2022-07-14T18:31:50.158Z,"37 km W of Jipijapa, Ecuador",earthquake,,,,,reviewed,us,hrv
2005-01-24T23:37:59.510Z,-1.559,-80.72,10,3.7,mb,10,174.7,,0.55,us,usp000de8v,2014-11-07T01:24:44.242Z,"28 km SW of Jipijapa, Ecuador",earthquake,,,,3,reviewed,us,us
2005-01-24T23:38:30.090Z,-3.562,-79.894,36.5,3.7,mb,9,163,,1.23,us,usp000de8w,2014-11-07T01:24:44.244Z,"14 km SSE of Santa Rosa, Ecuador",earthquake,,28.2,,2,reviewed,us,us
2005-01-24T23:59:32.100Z,-1.427,-80.874,15,5.1,mwc,66,47.5,,0.84,us,usp000de8y,2022-05-02T17:45:20.826Z,"33 km WSW of Jipijapa, Ecuador",earthquake,,,,,reviewed,us,hrv
2005-01-25T01:21:04.610Z,-1.427,-80.887,10,4.2,mb,30,68.8,,1.22,us,usp000de91,2014-11-07T01:24:44.259Z,"35 km WSW of Jipijapa, Ecuador",earthquake,,,,6,reviewed,us,us
2005-01-25T03:54:21.350Z,-1.464,-80.772,10,4.2,mb,9,155.1,,1.09,us,usp000de9d,2014-11-07T01:24:44.289Z,"25 km WSW of Jipijapa, Ecuador",earthquake,,,,2,reviewed,us,us
2005-01-25T06:11:56.530Z,-1.47,-80.639,10,3.9,mb,13,91.7,,0.52,us,usp000de9n,2014-11-07T01:24:44.306Z,"14 km SSW of Jipijapa, Ecuador",earthquake,,,,2,reviewed,us,us
2005-01-25T10:28:09.160Z,-1.425,-80.927,10.4,4.4,mb,24,83.9,,1.03,us,usp000deac,2014-11-07T01:24:44.422Z,"39 km WSW of Jipijapa, Ecuador",earthquake,,23.8,,5,reviewed,us,us
2005-01-28T09:26:18.830Z,-1.183,-81.499,10,6.1,mwb,166,73.3,,0.99,us,usp000dewk,2022-07-14T18:24:38.923Z,"90 km WSW of Manta, Ecuador",earthquake,,,,,reviewed,us,us
2005-01-28T15:46:45.270Z,-1.089,-81.157,10,6.2,mwb,207,45.8,,0.98,us,usp000deyj,2022-07-14T18:22:58.187Z,"51 km WSW of Manta, Ecuador",earthquake,,,,,reviewed,us,us
2005-01-29T00:31:16.010Z,-0.661,-80.957,10,3.8,mb,7,158.5,,1.41,us,usp000df1d,2014-11-07T01:24:48.779Z,"42 km NW of Manta, Ecuador",earthquake,,,,2,reviewed,us,us
2005-01-29T01:06:38.050Z,-1.032,-80.944,10,3.8,mb,10,158.2,,0.8,us,usp000df1h,2014-11-07T01:24:48.796Z,"26 km WSW of Manta, Ecuador",earthquake,,,,2,reviewed,us,us
2005-01-30T06:49:29.850Z,-0.862,-80.983,10,4.3,mb,17,111.3,,1.27,us,usp000df72,2014-11-07T01:24:49.674Z,"32 km WNW of Manta, Ecuador",earthquake,,,,13,reviewed,us,us
2005-01-30T07:06:49.200Z,-0.793,-81.065,28.6,5.7,mwc,144,113.8,,0.97,us,usp000df75,2022-05-02T17:47:08.432Z,"43 km WNW of Manta, Ecuador",earthquake,,,,,reviewed,us,hrv
2005-01-30T11:37:48.110Z,-0.754,-80.826,10,4.3,mb,10,102.4,,1.44,us,usp000df7q,2014-11-07T01:24:49.804Z,"26 km NNW of Manta, Ecuador",earthquake,,,,7,reviewed,us,us
2005-01-30T18:20:04.500Z,-0.939,-81.001,10,4.5,mb,18,103.8,,0.92,us,usp000df87,2014-11-07T01:24:49.922Z,"32 km W of Manta, Ecuador",earthquake,,0,,11,reviewed,us,us
2005-02-01T06:40:01.880Z,-0.942,-80.826,10,4.4,mb,11,111.2,,1.12,us,usp000dfb2,2014-11-07T01:24:52.622Z,"12 km W of Manta, Ecuador",earthquake,,,,6,reviewed,us,us
2005-02-15T02:27:50.100Z,-1.531,-80.819,10,4.3,mb,16,115.7,,1.38,us,usp000dg5u,2014-11-07T01:24:59.798Z,"33 km SW of Jipijapa, Ecuador",earthquake,,,,6,reviewed,us,us
2005-02-16T09:01:05.090Z,-1.121,-81.022,28.2,4.5,mb,44,104.9,,0.98,us,usp000dg95,2014-11-07T01:25:00.279Z,"38 km WSW of Manta, Ecuador",earthquake,,16.2,,16,reviewed,us,us
2005-02-16T18:16:46.130Z,-1.268,-81.028,10,4.2,mb,17,63.9,,1.37,us,usp000dga4,2014-11-07T01:25:00.395Z,"47 km WSW of Montecristi, Ecuador",earthquake,,,,3,reviewed,us,us
2005-02-17T02:34:29.000Z,-1.116,-81.015,10,4.5,mb,26,101.5,,1.1,us,usp000dgb7,2014-11-07T01:25:00.563Z,"37 km WSW of Manta, Ecuador",earthquake,,,,14,reviewed,us,us
2005-02-17T08:12:17.170Z,-1.202,-80.991,10,4.6,mb,33,105.4,,1.12,us,usp000dgbq,2014-11-07T01:25:00.703Z,"near the coast of Ecuador",earthquake,,,,22,reviewed,us,us
2005-02-17T20:42:57.640Z,-1.768,-81.046,10,5.5,mwc,98,44.4,,1.24,us,usp000dgcx,2022-05-02T17:49:08.335Z,"50 km NNW of Salinas, Ecuador",earthquake,,,,,reviewed,us,hrv
2005-02-17T23:40:28.210Z,-0.935,-81.258,10,4.3,mb,30,104.1,,1.23,us,usp000dgd5,2014-11-07T01:25:00.859Z,"60 km W of Manta, Ecuador",earthquake,,,,18,reviewed,us,us
2005-02-19T06:15:45.960Z,-1.498,-80.881,73.3,3.7,mb,12,155.3,,0.71,us,usp000dggf,2014-11-07T01:25:01.304Z,"37 km WSW of Jipijapa, Ecuador",earthquake,,33.5,,1,reviewed,us,us
2005-02-19T10:30:31.920Z,-2.925,-76.714,126.9,3.4,mb,11,142.2,,0.79,us,usp000dggw,2014-11-07T01:25:01.348Z,"68 km NNW of Alianza Cristiana, Peru",earthquake,,10.6,,3,reviewed,us,us
2005-02-20T07:46:08.070Z,-1.489,-77.618,180.6,4,mb,10,150.2,,1.1,us,usp000dgjh,2014-11-07T01:25:01.523Z,"42 km E of Puyo, Ecuador",earthquake,,10.5,,1,reviewed,us,us
2005-02-22T07:14:09.290Z,-0.974,-81.258,10,3.8,mb,8,256.3,,0.87,us,usp000dgqm,2014-11-07T01:25:02.538Z,"60 km W of Manta, Ecuador",earthquake,,,,2,reviewed,us,us
2005-02-24T01:23:23.750Z,-4.755,-76.973,116.3,4.5,mb,56,140.5,,0.8,us,usp000dguq,2014-11-07T01:25:03.089Z,"34 km WNW of Barranca, Peru",earthquake,,,,31,reviewed,us,us
2005-03-02T09:45:36.930Z,-1.526,-77.59,216.5,4.1,mb,13,94.1,,1.17,us,usp000dhbx,2014-11-07T01:25:09.459Z,"46 km ENE of Palora, Ecuador",earthquake,,16.4,,3,reviewed,us,us
2005-03-03T08:39:40.790Z,-1.507,-77.541,204.3,4,mb,23,101.9,,0.76,us,usp000dhdx,2014-11-07T01:25:10.185Z,"51 km E of Puyo, Ecuador",earthquake,,10.5,,12,reviewed,us,us
2005-03-10T03:40:04.140Z,-0.655,-81.248,10,4.1,mb,6,155.3,,1.43,us,usp000dhwx,2014-11-07T01:25:13.042Z,"68 km WNW of Manta, Ecuador",earthquake,,,,2,reviewed,us,us
2005-03-16T06:17:57.690Z,-0.976,-78.575,10,4.3,md,12,107.7,,1.39,us,usp000djad,2014-11-07T01:25:14.870Z,"6 km SE of Latacunga, Ecuador",earthquake,,,,,reviewed,us,qui
2005-03-26T06:31:22.740Z,-2.353,-76.571,139.3,4.4,mb,58,142.5,,0.68,us,usp000dk3a,2014-11-07T01:25:19.548Z,"125 km N of Alianza Cristiana, Peru",earthquake,,,,31,reviewed,us,us
2005-03-27T08:03:36.150Z,-1.189,-80.771,18.2,5.1,mwc,161,45.8,,0.66,us,usp000dk5c,2022-05-02T17:51:03.044Z,"20 km SW of Montecristi, Ecuador",earthquake,,,,,reviewed,us,hrv
2005-04-09T13:32:21.030Z,-4.286,-80.423,68.7,4.8,mb,66,78.6,,0.96,us,usp000dmqm,2014-11-07T01:25:31.628Z,"41 km ESE of Papayal, Peru",earthquake,,,,21,reviewed,us,us
2005-04-09T22:22:05.050Z,0.118,-80.004,99,4.2,mb,9,176.9,,1.27,us,usp000dms4,2014-11-07T01:25:31.821Z,"7 km NE of Pedernales, Ecuador",earthquake,,34.2,,5,reviewed,us,us
2005-04-10T03:53:28.580Z,-4.128,-80.323,38.8,4.2,mb,19,90.2,,1.32,us,usp000dmsu,2014-11-07T01:25:31.879Z,"40 km W of Celica, Ecuador",earthquake,,,,3,reviewed,us,us
2005-04-18T11:58:33.310Z,-1.585,-77.665,182.1,4.4,md,23,94.5,,0.95,us,usp000dnp6,2014-11-07T01:25:37.809Z,"35 km ENE of Palora, Ecuador",earthquake,,8.2,,,reviewed,us,qui
2005-04-25T20:26:33.410Z,-2.761,-75.044,35,4.6,mb,35,85.7,,1.22,us,usp000dp7p,2014-11-07T01:25:41.012Z,"173 km ENE of Alianza Cristiana, Peru",earthquake,,17.1,,7,reviewed,us,us
2005-04-29T10:21:47.910Z,-5.902,-77.242,124.1,4.2,mb,22,146.4,,0.92,us,usp000dpgd,2014-11-07T01:25:42.206Z,"10 km NNE of Segunda Jerusalén - Azunguillo, Peru",earthquake,,10.5,,7,reviewed,us,us
2005-05-09T20:21:22.770Z,0.728,-77.589,10,4.2,md,7,97.9,,0.64,us,usp000dqax,2014-11-07T01:25:50.750Z,"8 km SSW of Potosí, Colombia",earthquake,,,,,reviewed,us,qui
2005-05-13T19:17:59.640Z,-3.789,-80.554,38.7,5,mwc,207,76.7,,0.84,us,usp000dqqv,2022-05-02T17:20:06.756Z,"18 km SE of Zorritos, Peru",earthquake,,,,,reviewed,us,hrv
2005-05-15T07:16:48.020Z,-2.966,-79.415,83.5,4.6,mb,97,78.5,,0.8,us,usp000dqv8,2014-11-07T01:25:54.651Z,"39 km SE of Naranjal, Ecuador",earthquake,,7,,33,reviewed,us,us
2005-05-18T21:37:26.150Z,1.67,-76.221,23.3,4.6,mb,24,81.6,,0.74,us,usp000dr49,2014-11-07T01:25:55.780Z,"11 km WSW of Palestina, Colombia",earthquake,,,,8,reviewed,us,us
2005-05-19T01:25:51.790Z,-1.227,-80.897,38.3,4.5,mb,39,63.7,,0.8,us,usp000dr4q,2014-11-07T01:25:55.876Z,"33 km SW of Montecristi, Ecuador",earthquake,,8.4,,18,reviewed,us,us
2005-05-21T05:11:35.390Z,-3.286,-80.987,39.5,6.3,mwb,487,27.4,,0.98,us,usp000dr94,2022-07-14T16:03:12.503Z,"55 km NW of Zorritos, Peru",earthquake,,,,,reviewed,us,us
2005-05-21T11:59:28.610Z,-3.205,-81.006,40.6,4.7,mb,32,93.9,,0.95,us,usp000dr9j,2014-11-07T01:25:56.645Z,"63 km NW of Zorritos, Peru",earthquake,,11.1,,7,reviewed,us,us
2005-05-22T18:08:29.510Z,-4.262,-80.441,73.3,4.2,mb,32,90.3,,1.05,us,usp000drck,2014-11-07T01:25:57.313Z,"38 km ESE of Papayal, Peru",earthquake,,,,9,reviewed,us,us
2005-05-25T12:57:11.540Z,-3.2,-81.008,39,4.3,mb,26,88.9,,0.91,us,usp000drj6,2014-11-07T01:25:58.073Z,"64 km NW of Zorritos, Peru",earthquake,,11.8,,8,reviewed,us,us
2005-05-29T17:52:17.710Z,-3.251,-80.934,33.5,5,mwc,202,87.8,,0.79,us,usp000drue,2025-12-19T23:15:29.012Z,"Peru-Ecuador border region",earthquake,,,,,reviewed,us,hrv
2005-06-02T08:24:31.940Z,-2.418,-78.99,114.9,4.2,mb,24,76.6,,0.86,us,usp000ds22,2014-11-07T01:26:04.514Z,"16 km NNW of Cañar, Ecuador",earthquake,,7.8,,16,reviewed,us,us
2005-06-04T23:49:48.960Z,-4.47,-79.953,84.8,4.4,mb,39,107.3,,0.91,us,usp000ds7z,2014-11-07T01:26:06.283Z,"7 km NE of Suyo, Peru",earthquake,,12.5,,22,reviewed,us,us
2005-06-13T16:42:17.280Z,-5.316,-80.291,68.5,4.3,mb,20,160.1,,1,us,usp000dsvc,2014-11-07T01:26:11.599Z,"24 km WSW of La Matanza, Peru",earthquake,,18.8,,11,reviewed,us,us
2005-06-20T17:58:16.990Z,-1.533,-77.577,190.3,4.1,md,25,143.9,,0.99,us,usp000dtj6,2014-11-07T01:26:15.854Z,"47 km ENE of Palora, Ecuador",earthquake,,8.2,,,reviewed,us,qui
2005-06-21T10:03:52.180Z,-1.744,-77.815,162.6,5,mwc,294,73.6,,0.78,us,usp000dtks,2025-12-19T23:08:52.391Z,"17 km ESE of Palora, Ecuador",earthquake,,,,,reviewed,us,hrv
2005-06-24T13:11:48.180Z,-5.885,-81.033,25.4,5.3,mwc,107,83.2,,0.77,us,usp000dtty,2022-05-02T16:49:05.988Z,"43 km SSW of Sechura, Peru",earthquake,,,,,reviewed,us,hrv
2005-06-30T11:27:38.690Z,-1.623,-77.554,175.7,4.5,mb,144,43.5,,0.76,us,usp000du7y,2014-11-07T01:26:18.632Z,"46 km E of Palora, Ecuador",earthquake,,,,66,reviewed,us,us
2005-07-12T05:43:27.590Z,-4.6,-77.181,150,3.7,mb,8,181.3,,1.65,us,usp000dv1n,2014-11-07T01:26:28.781Z,"61 km WNW of Barranca, Peru",earthquake,,,,1,reviewed,us,us
2005-07-15T17:34:56.020Z,-1.384,-80.451,113.7,4.3,mb,25,153.8,,1,us,usp000dv92,2014-11-07T01:26:30.017Z,"12 km SSW of Sucre, Ecuador",earthquake,,25.5,,17,reviewed,us,us
2005-08-03T21:20:50.460Z,2.616,-79.398,28.6,4.9,mwc,123,82.9,,0.82,us,usp000dwkp,2016-11-10T01:09:51.466Z,"103 km NW of Salahonda, Colombia",earthquake,,,,,reviewed,us,hrv
2005-08-08T21:11:22.390Z,-2.259,-78.683,98.7,4.4,mb,31,147.3,,0.73,us,usp000dwz6,2014-11-07T01:26:47.402Z,"19 km ESE of Alausí, Ecuador",earthquake,,8.4,,11,reviewed,us,us
2005-08-23T06:32:25.340Z,-4.946,-80.412,54.7,4.8,mb,91,53,,0.86,us,usp000dxvz,2014-11-07T01:26:51.653Z,"7 km WSW of Tambo Grande, Peru",earthquake,,,,31,reviewed,us,us
2005-08-25T08:47:10.510Z,-5.165,-80.15,74.9,4.1,mb,14,108.2,,1.11,us,usp000dy0h,2014-11-07T01:26:52.277Z,"8 km S of Chulucanas, Peru",earthquake,,14.8,,6,reviewed,us,us
2005-08-26T08:55:57.440Z,-1.231,-77.532,158.7,4.2,md,25,170.9,,0.49,us,usp000dy32,2014-11-07T01:26:52.779Z,"40 km SE of Tena, Ecuador",earthquake,,28.7,,,reviewed,us,qui
2005-08-28T03:04:20.080Z,-1.34,-77.629,209,3.8,mb,16,88.5,,0.74,us,usp000dy6d,2014-11-07T01:26:53.433Z,"43 km SSE of Tena, Ecuador",earthquake,,19,,5,reviewed,us,us
2005-09-03T15:50:44.100Z,-4.197,-77.737,100.7,4,mb,16,162.7,,0.96,us,usp000dypm,2014-11-07T01:26:59.942Z,"120 km ESE of Yantzaza, Ecuador",earthquake,,20.8,,3,reviewed,us,us
2005-09-21T00:09:13.040Z,-3.197,-77.655,76.2,4.5,mb,34,91.2,,1.02,us,usp000dzuj,2014-11-07T01:27:06.695Z,"99 km SE of Sucúa, Ecuador",earthquake,,14,,11,reviewed,us,us
2005-09-26T01:55:37.670Z,-5.678,-76.398,115,7.5,mwb,696,26.2,,0.88,us,usp000e09h,2022-07-14T14:40:30.080Z,"39 km NW of Yurimaguas, Peru",earthquake,,,,,reviewed,us,us
2005-10-13T22:05:08.290Z,-1.616,-77.326,234.7,4.2,mb,11,157.4,,1.13,us,usp000e1s2,2014-11-07T01:27:23.242Z,"71 km E of Palora, Ecuador",earthquake,,26.7,,6,reviewed,us,us
2005-10-24T17:35:33.830Z,-0.507,-77.745,35,4.8,mb,28,140.7,,0.83,us,usp000e2rg,2021-10-20T18:09:49.258Z,"45 km N of Archidona, Ecuador",earthquake,,,,9,reviewed,us,us
2005-10-26T22:40:21.490Z,-1.975,-77.827,139,4,mb,19,93.2,,1.08,us,usp000e2wp,2014-11-07T01:27:29.393Z,"33 km SSE of Palora, Ecuador",earthquake,,14.3,,3,reviewed,us,us
2005-10-31T02:10:28.700Z,-5.852,-78.704,40,5.4,mwb,287,78.8,,0.86,us,usp000e369,2022-07-14T13:45:00.485Z,"5 km NNW of Choros, Peru",earthquake,,,,,reviewed,us,us
2005-10-31T09:27:12.620Z,-5.985,-78.597,68,4.4,mb,27,99,,1.13,us,usp000e372,2014-11-07T01:27:30.752Z,"14 km SE of Choros, Peru",earthquake,,13.8,,7,reviewed,us,us
2005-11-04T17:40:52.990Z,-1.584,-77.751,193.4,4,mb,9,92.6,,0.91,us,usp000e3ge,2014-11-07T01:27:35.894Z,"27 km ENE of Palora, Ecuador",earthquake,,19.2,,2,reviewed,us,us
2005-11-05T09:11:03.070Z,-1.99,-80.331,67.3,5.1,mwc,82,50.9,,0.91,us,usp000e3j4,2022-05-02T18:05:36.380Z,"22 km SSW of Pedro Carbo, Ecuador",earthquake,,6.6,,,reviewed,us,hrv
2005-11-09T11:33:13.190Z,-1.024,-76.943,248.3,5.9,mwb,492,19.3,,0.84,us,usp000e3u8,2022-07-14T13:41:36.811Z,"42 km SSE of Boca Suno, Ecuador",earthquake,,,,,reviewed,us,us
2005-11-11T19:10:31.890Z,-3.749,-76.998,87.8,4.8,mwc,203,93.2,,0.72,us,usp000e3z9,2016-11-10T01:14:21.442Z,"69 km WSW of Alianza Cristiana, Peru",earthquake,,,,,reviewed,us,hrv
2005-11-12T23:04:25.860Z,-2.694,-80.911,38.3,4.3,mb,13,101.9,,0.65,us,usp000e41r,2014-11-07T01:27:38.948Z,"50 km S of La Libertad, Ecuador",earthquake,,11.9,,3,reviewed,us,us
2005-11-14T22:16:29.070Z,-5.243,-76.62,31.8,4.9,mb,83,97,,0.64,us,usp000e464,2014-11-07T01:27:39.455Z,"45 km S of Barranca, Peru",earthquake,,9.3,,22,reviewed,us,us
2005-11-14T23:43:46.660Z,-5.02,-76.513,35,3.8,mb,12,141.6,,1.64,us,usp000e46a,2014-11-07T01:27:39.473Z,"27 km SE of Barranca, Peru",earthquake,,,,1,reviewed,us,us
2005-11-22T14:31:45.410Z,-3.288,-79.98,10,4.4,mb,8,162.9,,1.29,us,usp000e4qb,2014-11-07T01:27:42.318Z,"3 km SE of Puerto Bolívar, Ecuador",earthquake,,,,2,reviewed,us,us
2005-11-24T23:56:51.760Z,-2.398,-77.125,130.1,4.2,mb,22,142.9,,1.55,us,usp000e4uk,2014-11-07T01:27:43.140Z,"110 km E of Macas, Ecuador",earthquake,,20.5,,15,reviewed,us,us
2005-11-30T19:03:48.400Z,-3.057,-75.435,150.8,4.3,mb,18,128.4,,1.3,us,usp000e58a,2014-11-07T01:27:45.292Z,"120 km ENE of Alianza Cristiana, Peru",earthquake,,11,,1,reviewed,us,us
2005-12-07T09:32:08.590Z,-1.586,-77.649,189.6,4.3,mb,15,149.6,,0.99,us,usp000e5q5,2014-11-07T01:27:51.499Z,"37 km ENE of Palora, Ecuador",earthquake,,18.1,,1,reviewed,us,us
2005-12-12T21:07:35.670Z,-1.941,-79.993,29.5,4.3,mb,23,87.2,,1.12,us,usp000e61r,2014-11-07T01:27:53.173Z,"3 km WSW of El Triunfo, Ecuador",earthquake,,,,2,reviewed,us,us
2005-12-17T23:12:37.420Z,-2.001,-79.473,123.6,4.4,mb,11,179.9,,0.6,us,usp000e6bh,2014-11-07T01:27:54.640Z,"10 km SSE of Alfredo Baquerizo Moreno, Ecuador",earthquake,,18.7,,3,reviewed,us,us
2005-12-19T02:09:55.180Z,-3.547,-80.911,35,4.1,mb,11,166.5,,1.27,us,usp000e6dg,2014-11-07T01:27:54.872Z,"29 km WNW of Zorritos, Peru",earthquake,,,,4,reviewed,us,us
2005-12-20T16:34:50.570Z,-1.911,-80.904,21.1,5.3,mwc,196,70.2,,0.81,us,usp000e6gu,2022-05-02T18:11:10.407Z,"33 km N of Salinas, Ecuador",earthquake,,9.7,,,reviewed,us,hrv
2005-12-23T10:08:20.080Z,-5.458,-77.407,46.1,4.3,mb,26,147.5,,0.8,us,usp000e6pd,2014-11-07T01:27:55.941Z,"60 km NNW of Segunda Jerusalén - Azunguillo, Peru",earthquake,,9.9,,10,reviewed,us,us
2005-12-23T21:47:28.000Z,-1.386,-77.517,192.9,6.1,mwb,520,39.5,,0.77,us,usp000e6qp,2022-07-14T13:04:34.256Z,"54 km SE of Tena, Ecuador",earthquake,,,,,reviewed,us,us
2005-12-27T10:39:35.890Z,-1.157,-79.712,50,3.5,mb,8,156.9,,1.68,us,usp000e70z,2014-11-07T01:27:57.533Z,"14 km SSW of Velasco Ibarra, Ecuador",earthquake,,,,2,reviewed,us,us
2006-01-01T03:37:09.440Z,0.999,-79.544,44.4,4.2,mb,23,151.2,,0.91,us,usp000e7aw,2014-11-07T01:28:00.166Z,"13 km ENE of Esmeraldas, Ecuador",earthquake,,11.7,,7,reviewed,us,us
2006-01-02T20:43:20.720Z,-1.052,-77.207,183.5,4.2,mb,9,165.9,,0.41,us,usp000e7es,2014-11-07T01:28:02.323Z,"39 km S of Boca Suno, Ecuador",earthquake,,9.6,,1,reviewed,us,us
2006-01-03T16:00:26.090Z,-5.745,-76.06,22.5,4.9,mb,21,93.2,,1.22,us,usp000e7h6,2014-11-07T01:28:03.382Z,"18 km NNE of Yurimaguas, Peru",earthquake,,,,1,reviewed,us,us
2006-01-05T09:46:20.570Z,0.375,-80.182,50.6,3.9,mb,14,176.9,,1.01,us,usp000e7n0,2014-11-07T01:28:03.988Z,"31 km SW of Muisne, Ecuador",earthquake,,29.1,,5,reviewed,us,us
2006-01-08T06:23:21.400Z,-1.484,-77.745,171.2,4.6,mb,126,148.2,,0.72,us,usp000e7tt,2014-11-07T01:28:04.758Z,"28 km E of Puyo, Ecuador",earthquake,,,,70,reviewed,us,us
2006-01-22T06:18:17.270Z,-1.541,-77.7,181.7,4.3,mb,32,98.4,,0.99,us,usp000e8na,2014-11-07T01:28:08.214Z,"34 km E of Puyo, Ecuador",earthquake,,10.3,,18,reviewed,us,us
2006-02-01T12:38:35.310Z,-3.942,-81.824,72.4,3.9,mb,14,89.8,,0.74,us,usp000e98u,2014-11-07T01:28:13.458Z,"76 km WNW of El Alto, Peru",earthquake,,37.5,,3,reviewed,us,us
2006-02-05T19:10:57.500Z,-4.393,-79.281,119.6,3.7,mb,14,90.7,,0.99,us,usp000e9jq,2014-11-07T01:28:16.675Z,"31 km ESE of Cariamanga, Ecuador",earthquake,,19.3,,3,reviewed,us,us
2006-02-18T19:51:59.710Z,-1.979,-77.341,168.5,4.3,mb,20,130.3,,1.2,us,usp000eaap,2014-11-07T01:28:20.018Z,"75 km ESE of Palora, Ecuador",earthquake,,10.1,,13,reviewed,us,us
2006-02-18T21:07:27.760Z,-4.272,-79.383,93.3,4.5,mb,42,93.6,,0.7,us,usp000eaax,2014-11-07T01:28:20.032Z,"20 km ENE of Cariamanga, Ecuador",earthquake,,,,24,reviewed,us,us
2006-02-19T20:03:46.750Z,-5.881,-81.16,38.4,3.5,mb,10,111.7,,0.64,us,usp000ead4,2014-11-07T01:28:20.259Z,"51 km SW of Sechura, Peru",earthquake,,18,,2,reviewed,us,us
2006-02-23T00:33:48.930Z,-2.828,-76.784,134.8,4.2,md,11,99.2,,0.5,us,usp000ean0,2014-11-07T01:28:21.169Z,"81 km NNW of Alianza Cristiana, Peru",earthquake,,10.1,,,reviewed,us,qui
2006-03-05T05:28:31.730Z,-3.382,-76.908,113.7,5.2,mwc,261,40.4,,0.76,us,usp000ebet,2025-12-22T14:59:54.619Z,"northern Peru",earthquake,,,,,reviewed,us,hrv
2006-03-06T09:42:55.430Z,-1.668,-77.688,171.3,4,mb,9,145.8,,0.83,us,usp000ebhm,2014-11-07T01:28:28.925Z,"31 km E of Palora, Ecuador",earthquake,,10,,2,reviewed,us,us
2006-03-08T21:54:16.030Z,-0.765,-78.927,113.4,4.1,mb,10,92.3,,1.07,us,usp000ebpt,2014-11-07T01:28:29.627Z,"30 km WNW of Saquisilí, Ecuador",earthquake,,12.1,,1,reviewed,us,us
2006-03-09T15:59:36.260Z,1.544,-76.644,48.7,3.7,mb,12,92,,1.28,us,usp000ebru,2014-11-07T01:28:29.943Z,"35 km SSE of San Sebastián, Colombia",earthquake,,12.9,,3,reviewed,us,us
2006-03-10T12:57:09.530Z,-5.434,-80.937,68.9,4.4,mb,29,91.8,,1.23,us,usp000ebw6,2014-11-07T01:28:30.482Z,"17 km W of Vice, Peru",earthquake,,24.9,,13,reviewed,us,us
2006-03-10T22:08:48.090Z,-5.052,-78.903,123.1,4.5,mb,20,91.6,,1.05,us,usp000ebx5,2014-11-07T01:28:30.618Z,"15 km NE of San Ignacio, Peru",earthquake,,,,9,reviewed,us,us
2006-03-22T18:42:58.730Z,2.573,-79.619,23,4.2,mb,17,86.7,,1.17,us,usp000ecqq,2014-11-07T01:28:34.418Z,"121 km WNW of Salahonda, Colombia",earthquake,,37.4,,4,reviewed,us,us
2006-03-29T15:13:05.950Z,-5.204,-80.879,53.1,3.8,mb,16,66.8,,0.94,us,usp000ed7b,2014-11-07T01:28:36.796Z,"22 km WNW of Catacaos, Peru",earthquake,,12.2,,2,reviewed,us,us
2006-04-07T00:44:13.750Z,-3.252,-78.194,153.3,3.6,mb,8,172.8,,0.63,us,usp000edva,2014-11-07T01:28:44.026Z,"46 km ENE of Gualaquiza, Ecuador",earthquake,,14.6,,2,reviewed,us,us
2006-04-15T01:08:48.180Z,-1.009,-78.501,5,4.1,mb,13,149,,1.4,us,usp000eej8,2014-11-07T01:28:50.461Z,"10 km ENE of San Miguel de Salcedo, Ecuador",earthquake,,,,4,reviewed,us,us
2006-04-18T07:00:14.130Z,0.962,-79.623,51.9,4.1,mb,19,151.4,,1.22,us,usp000eeug,2014-11-07T01:28:51.557Z,"3 km E of Esmeraldas, Ecuador",earthquake,,12.5,,7,reviewed,us,us
2006-05-19T17:53:46.740Z,-4.469,-80.642,47,4.4,mb,20,137.6,,1.28,us,usp000ehgr,2014-11-07T01:29:08.625Z,"35 km SE of La Breita, Peru",earthquake,,13,,6,reviewed,us,us
2006-05-29T08:35:50.010Z,-1.799,-80.451,48.3,4,mb,22,131.7,,1.02,us,usp000ej7k,2014-11-07T01:29:12.661Z,"24 km W of Pedro Carbo, Ecuador",earthquake,,12.2,,6,reviewed,us,us
2006-06-21T12:40:59.670Z,-1.859,-77.362,169.5,5.3,mwc,328,75,,0.78,us,usp000ekxy,2025-12-22T15:03:03.266Z,"69 km ESE of Palora, Ecuador",earthquake,,,,,reviewed,us,hrv
2006-06-26T19:37:49.800Z,-2.837,-79.631,27.4,4.9,mwc,75,49.2,,1.06,us,usp000embk,2016-11-10T01:24:37.226Z,"18 km S of Naranjal, Ecuador",earthquake,,13.6,,,reviewed,us,hrv
2006-06-27T13:41:15.280Z,-2.913,-79.807,25,4.9,mb,102,79.6,,1.15,us,usp000emdb,2022-05-02T18:22:33.088Z,"0 km ESE of Baláo, Ecuador",earthquake,,0,,38,reviewed,us,us
2006-07-13T15:03:23.860Z,-1.688,-81.009,48.7,5,mb,189,82,,0.77,us,usp000enhg,2014-11-07T01:29:38.425Z,"58 km N of Salinas, Ecuador",earthquake,,7,,104,reviewed,us,us
2006-07-24T15:02:39.200Z,-5.482,-81.892,33.2,4.5,mb,14,91.8,,1.5,us,usp000epg1,2014-11-07T01:29:45.617Z,"96 km WSW of Paita, Peru",earthquake,,,,2,reviewed,us,us
2006-07-26T18:06:20.690Z,-3.112,-80.119,50,4.1,mb,9,119.5,,1.34,us,usp000epn1,2014-11-07T01:29:46.767Z,"21 km NW of Puerto Bolívar, Ecuador",earthquake,,0,,2,reviewed,us,us
2006-08-02T18:41:37.730Z,-4.006,-79.885,30.8,4.3,mb,13,90.1,,1.21,us,usp000eq3q,2014-11-07T01:29:53.111Z,"13 km NE of Celica, Ecuador",earthquake,,45.6,,4,reviewed,us,us
2006-08-03T03:22:20.980Z,-5.798,-78.618,20.4,4.3,mb,16,154,,0.81,us,usp000eq4t,2014-11-07T01:29:53.432Z,"14 km NE of Choros, Peru",earthquake,,53,,10,reviewed,us,us
2006-08-06T05:33:02.880Z,-2.989,-80.198,50.8,4.7,mb,97,90.1,,0.94,us,usp000eqb9,2014-11-07T01:29:54.769Z,"37 km NW of Puerto Bolívar, Ecuador",earthquake,,10,,50,reviewed,us,us
2006-08-16T05:16:24.770Z,-1.781,-77.972,44.8,4.4,mb,42,139,,0.76,us,usp000er1f,2014-11-07T01:29:58.499Z,"8 km S of Palora, Ecuador",earthquake,,10.3,,27,reviewed,us,us
2006-08-30T15:57:56.790Z,-4.066,-76.543,114.9,3.5,mb,16,102.4,,1.4,us,usp000es3s,2014-11-07T01:30:03.328Z,"66 km S of Alianza Cristiana, Peru",earthquake,,14.8,,2,reviewed,us,us
2006-09-02T18:54:55.050Z,-2.389,-77.083,42.8,4.6,mb,18,139.8,,1.01,us,usp000esbm,2014-11-07T01:30:08.776Z,"114 km E of Macas, Ecuador",earthquake,,13.7,,7,reviewed,us,us
2006-09-04T03:21:48.590Z,-1.893,-78.491,35,4.4,mb,17,149.2,,1.05,us,usp000esen,2014-11-07T01:30:09.614Z,"30 km SE of Riobamba, Ecuador",earthquake,,,,7,reviewed,us,us
2006-09-11T15:27:52.890Z,-5.181,-76.492,17.1,4.8,mb,96,96.1,,0.63,us,usp000esx9,2014-11-07T01:30:12.001Z,"43 km SSE of Barranca, Peru",earthquake,,12,,44,reviewed,us,us
2006-09-12T04:42:42.780Z,-5.2,-76.359,35,4.9,mb,49,89.5,,1,us,usp000esy1,2020-04-16T17:21:02.158Z,"53 km SE of Barranca, Peru",earthquake,,,,12,reviewed,us,us
2006-09-19T02:33:44.380Z,2.492,-79.791,35,4.4,mb,18,84,,0.87,us,usp000etcm,2014-11-07T01:30:15.048Z,"135 km NW of Tumaco, Colombia",earthquake,,,,5,reviewed,us,us
2006-09-28T03:43:43.240Z,-0.658,-79.266,107.7,4.4,md,9,165.7,,1.4,us,usp000etz9,2014-11-07T01:30:19.132Z,"31 km N of La Maná, Ecuador",earthquake,,35.5,,,reviewed,us,qui
2006-10-12T03:18:10.790Z,2.255,-77.65,79.3,3.9,mb,12,75.9,,1.27,us,usp000euz8,2014-11-07T01:30:32.824Z,"42 km ESE of Iscuandé, Colombia",earthquake,,13.7,,3,reviewed,us,us
2006-10-15T18:59:57.790Z,-4.607,-79.926,10,4,mb,14,90.9,,1.23,us,usp000ev9b,2014-11-07T01:30:34.488Z,"13 km SE of Suyo, Peru",earthquake,,0,,2,reviewed,us,us
2006-10-16T10:11:07.290Z,1.229,-77.786,122.4,4.5,mb,35,104.2,,1.33,us,usp000evap,2014-11-07T01:30:34.619Z,"13 km NE of Piedrancha, Colombia",earthquake,,,,10,reviewed,us,us
2006-10-22T16:02:15.680Z,-5.865,-78.567,54.6,3.8,mb,17,90.8,,1.27,us,usp000evt3,2014-11-07T01:30:36.993Z,"14 km ENE of Choros, Peru",earthquake,,14.6,,1,reviewed,us,us
2006-10-31T00:28:27.880Z,-1.178,-78.132,204.9,3.7,mb,9,100.6,,0.83,us,usp000ewbg,2014-11-07T01:30:39.342Z,"36 km NNW of Puyo, Ecuador",earthquake,,9.1,,2,reviewed,us,us
2006-10-31T09:55:28.730Z,-1.392,-77.75,181.1,5.4,mwc,433,39.5,,0.76,us,usp000ewc4,2025-12-22T16:19:22.897Z,"29 km ENE of Puyo, Ecuador",earthquake,,,,,reviewed,us,gcmt
2006-11-07T07:49:58.740Z,-4.453,-80.841,50.6,4.6,mb,28,129.6,,1.12,us,usp000ewsx,2014-11-07T01:30:46.105Z,"22 km SSE of La Breita, Peru",earthquake,,,,11,reviewed,us,us
2006-11-09T09:23:18.520Z,-5.621,-76.906,43.5,5,mb,120,99.7,,1.02,us,usp000ewzf,2022-05-02T18:31:48.163Z,"46 km N of Moyobamba, Peru",earthquake,,,,74,reviewed,us,us
2006-11-23T22:27:01.720Z,-1.568,-77.933,167.4,4.4,mb,63,74.7,,0.96,us,usp000eyns,2014-11-07T01:30:56.271Z,"12 km SE of Puyo, Ecuador",earthquake,,,,21,reviewed,us,us
2006-11-25T13:50:07.390Z,1.245,-77.905,42.7,4.8,mb,90,66.4,,1.4,us,usp000eytw,2014-11-07T01:30:56.945Z,"10 km ENE of Ricaurte, Colombia",earthquake,,10,,52,reviewed,us,us
2006-11-28T00:40:38.170Z,-2.053,-78.7,141.1,4,mb,14,69.9,,1.13,us,usp000ez05,2014-11-07T01:30:58.127Z,"23 km NE of Alausí, Ecuador",earthquake,,13,,3,reviewed,us,us
2006-12-03T14:16:23.190Z,-1.629,-77.89,161.1,4.3,mb,28,77.5,,0.86,us,usp000ezen,2014-11-07T01:31:04.575Z,"11 km NE of Palora, Ecuador",earthquake,,7,,8,reviewed,us,us
2006-12-18T19:07:17.870Z,-2.968,-76.836,157.6,4.1,mb,8,143.2,,0.95,us,usp000f0gr,2014-11-07T01:31:09.800Z,"71 km NW of Alianza Cristiana, Peru",earthquake,,19.2,,2,reviewed,us,us
2006-12-20T15:10:57.660Z,-4.793,-75.368,58.4,4.8,mb,58,93.8,,0.9,us,usp000f0n9,2014-11-07T01:31:10.218Z,"58 km NE of Lagunas, Peru",earthquake,,,,21,reviewed,us,us
2006-12-31T09:55:55.990Z,-1.292,-77.786,188.3,4.2,mb,31,83.5,,1.24,us,usp000f1du,2014-11-07T01:31:13.567Z,"32 km NE of Puyo, Ecuador",earthquake,,9.1,,8,reviewed,us,us
2007-01-02T02:00:07.420Z,-5.644,-76.802,35,4.5,mb,22,84.6,,1.34,us,usp000f1hn,2014-11-07T01:31:16.653Z,"47 km NNE of Moyobamba, Peru",earthquake,,,,3,reviewed,us,us
2007-01-06T06:27:22.220Z,-1.456,-77.727,180.1,5,mwc,105,76.9,,0.84,us,usp000f1t2,2025-12-22T14:59:03.700Z,"30 km E of Puyo, Ecuador",earthquake,,,,,reviewed,us,gcmt
2007-01-23T08:57:57.670Z,-0.527,-78.41,62.6,4.3,md,6,126.6,,0.52,us,usp000f3d1,2014-11-07T01:31:26.685Z,"17 km E of Machachi, Ecuador",earthquake,,13.6,,,reviewed,us,qui
2007-01-26T19:26:42.190Z,-1.516,-77.8,168.9,4.4,mb,35,93.6,,0.97,us,usp000f3p4,2014-11-07T01:31:27.721Z,"22 km E of Puyo, Ecuador",earthquake,,,,15,reviewed,us,us
2007-02-01T03:55:31.870Z,0.397,-79.787,45.5,4,mb,12,154.8,,1.25,us,usp000f42e,2014-11-07T01:31:31.398Z,"35 km SE of Muisne, Ecuador",earthquake,,18.9,,3,reviewed,us,us
2007-02-13T14:56:43.480Z,-1.424,-77.778,174.8,5.6,mwc,366,44,,0.79,us,usp000f4tg,2022-05-02T19:54:45.330Z,"25 km ENE of Puyo, Ecuador",earthquake,,,,,reviewed,us,gcmt
2007-02-14T19:37:57.350Z,-5.339,-77.225,41.2,5,mb,52,92.2,,0.94,us,usp000f4vt,2014-11-07T01:31:37.786Z,"72 km N of Segunda Jerusalén - Azunguillo, Peru",earthquake,,10.4,,20,reviewed,us,us
2007-02-16T22:39:55.950Z,2.662,-76.876,146.7,4.3,mb,25,80.4,,1.12,us,usp000f4zt,2014-11-07T01:31:38.650Z,"16 km N of Villa Rica, Colombia",earthquake,,8.2,,2,reviewed,us,us
2007-02-20T22:24:43.360Z,-5.144,-77.284,35,4.1,mb,12,103.2,,1.22,us,usp000f58y,2014-11-07T01:31:40.381Z,"75 km WSW of Barranca, Peru",earthquake,,,,1,reviewed,us,us
2007-02-23T14:12:28.510Z,-1.436,-77.97,168.1,5,mwc,220,73.2,,0.79,us,usp000f5ff,2025-12-22T15:10:33.967Z,"6 km NE of Puyo, Ecuador",earthquake,,,,,reviewed,us,gcmt
2007-02-26T03:59:48.330Z,-4.76,-81.146,61.4,4.6,mb,26,79,,1,us,usp000f5ny,2014-11-07T01:31:42.432Z,"19 km NNW of San Lucas ( Pueblo Nuevo de Colan), Peru",earthquake,,9.5,,3,reviewed,us,us
2007-03-03T20:15:01.640Z,-3.23,-75.7,139.3,3.9,mb,15,89.9,,1.36,us,usp000f60m,2014-11-07T01:31:48.210Z,"86 km ENE of Alianza Cristiana, Peru",earthquake,,11.6,,3,reviewed,us,us
2007-03-06T13:05:12.110Z,2.082,-76.495,43.1,5.2,mwc,132,73.4,,1,us,usp000f66x,2022-05-02T20:02:02.976Z,"23 km SE of Paispamba, Colombia",earthquake,,7.6,,,reviewed,us,gcmt
2007-03-07T11:37:22.460Z,-2.459,-76.464,160,4,mb,17,142.4,,1.14,us,usp000f68u,2014-11-07T01:31:49.721Z,"112 km N of Alianza Cristiana, Peru",earthquake,,12.2,,5,reviewed,us,us
2007-03-13T14:50:50.280Z,-5.527,-77.055,37.3,5,mb,76,95.9,,0.73,us,usp000f6n4,2022-05-02T20:02:56.405Z,"56 km NNE of Segunda Jerusalén - Azunguillo, Peru",earthquake,,6.7,,24,reviewed,us,us
2007-03-28T20:57:25.940Z,-1.404,-77.569,185.9,5.3,mwc,104,73.9,,0.86,us,usp000f7r0,2025-12-22T15:13:00.902Z,"49 km E of Puyo, Ecuador",earthquake,,,,,reviewed,us,gcmt
2007-04-14T11:09:36.550Z,-0.771,-79.916,100,4.5,mb,53,154.1,,0.81,us,usp000f9pq,2014-11-07T01:32:11.925Z,"21 km ESE of Chone, Ecuador",earthquake,,12.4,,20,reviewed,us,us
2007-04-22T02:49:07.350Z,-1.059,-76.717,35.7,4,mb,15,135.3,,0.67,us,usp000faa9,2014-11-07T01:32:15.170Z,"61 km SE of Boca Suno, Ecuador",earthquake,,12.9,,4,reviewed,us,us
2007-04-22T11:57:41.180Z,-3.741,-81.227,38.2,5.4,mwc,148,85.8,,0.81,us,usp000faba,2022-05-02T19:48:32.270Z,"45 km NNW of Máncora, Peru",earthquake,,,,,reviewed,us,gcmt
2007-04-26T02:33:39.370Z,-2.687,-80.865,24.1,4.1,mb,21,91.6,,1.26,us,usp000famq,2014-11-07T01:32:17.243Z,"50 km S of La Libertad, Ecuador",earthquake,,37.6,,11,reviewed,us,us
2007-05-05T08:19:34.960Z,-0.161,-80.217,57,4.4,mb,33,153.2,,0.95,us,usp000fb9h,2014-11-07T01:32:24.464Z,"31 km SW of Pedernales, Ecuador",earthquake,,10.5,,10,reviewed,us,us
2007-05-05T18:18:45.220Z,-1.881,-77.842,163.3,4.4,mb,32,145.4,,1.31,us,usp000fbap,2014-11-07T01:32:24.635Z,"24 km SE of Palora, Ecuador",earthquake,,15.4,,23,reviewed,us,us
2007-05-12T04:58:42.590Z,-5.423,-80.363,34.1,4,mb,12,172.2,,0.42,us,usp000fbtv,2014-11-07T01:32:27.472Z,"37 km SW of La Matanza, Peru",earthquake,,,,5,reviewed,us,us
2007-06-11T00:19:38.990Z,-3.168,-79.012,72,5.1,mwc,346,39.6,,0.81,us,usp000fdt5,2025-12-22T15:23:07.436Z,"29 km S of Cuenca, Ecuador",earthquake,,5,,,reviewed,us,gcmt
2007-06-11T03:57:15.700Z,-2.17,-77.178,152.6,5.1,mwc,124,74.9,,1.12,us,usp000fdtf,2025-12-22T15:23:08.137Z,"101 km ESE of Palora, Ecuador",earthquake,,8.4,,,reviewed,us,gcmt
2007-06-23T21:35:25.530Z,-1.73,-77.163,149.3,4.1,mb,13,98.4,,1.36,us,usp000fep6,2014-11-07T01:32:45.321Z,"89 km E of Palora, Ecuador",earthquake,,12.6,,6,reviewed,us,us
2007-07-12T03:39:58.610Z,-1.326,-77.603,156.7,3.7,mb,7,174.4,,0.31,us,usp000fg0j,2014-11-07T01:32:56.691Z,"43 km SSE of Tena, Ecuador",earthquake,,10.4,,3,reviewed,us,us
2007-07-13T07:20:25.550Z,-3.987,-79.836,49.9,4.5,mb,28,155.1,,0.85,us,usp000fg2x,2021-10-20T18:12:46.134Z,"18 km NE of Celica, Ecuador",earthquake,,11.6,,9,reviewed,us,us
2007-07-21T18:58:13.840Z,-1.591,-78.027,166.9,5.2,mwc,343,42.4,,0.79,us,usp000fgtd,2025-12-22T15:27:33.518Z,"12 km SSW of Puyo, Ecuador",earthquake,,,,,reviewed,us,gcmt
2007-07-28T23:28:00.480Z,-3.926,-77.088,110.2,4.3,md,10,134.1,,0.87,us,usp000fhax,2014-11-07T01:33:04.979Z,"88 km SW of Alianza Cristiana, Peru",earthquake,,12,,,reviewed,us,qui
2007-08-02T05:26:40.260Z,-3.496,-77.362,20,4.8,mb,15,145.3,,1.32,us,usp000fhnr,2020-04-16T17:15:41.451Z,"103 km W of Alianza Cristiana, Peru",earthquake,,0,,1,reviewed,us,us
2007-08-15T12:38:49.960Z,-3.11,-80.331,60.9,4.7,mb,119,86.8,,0.7,us,usp000fjrx,2014-11-07T01:33:16.255Z,"40 km WNW of Puerto Bolívar, Ecuador",earthquake,,,,52,reviewed,us,us
2007-08-18T08:12:22.050Z,-5.861,-77.209,20,4.7,mb,82,54,,1.11,us,usp000fk3r,2014-11-07T01:33:18.873Z,"16 km NNE of Segunda Jerusalén - Azunguillo, Peru",earthquake,,,,45,reviewed,us,us
2007-08-22T03:39:05.880Z,-2.71,-79.534,78.5,4.2,mb,47,78.6,,0.89,us,usp000fkdw,2014-11-07T01:33:20.957Z,"10 km ESE of Naranjal, Ecuador",earthquake,,8.5,,15,reviewed,us,us
2007-08-28T02:17:58.820Z,1.565,-79.25,26,4.7,mb,133,145.7,,0.86,us,usp000fkv4,2022-07-14T03:37:18.849Z,"45 km NW of Valdez, Ecuador",earthquake,,,,54,reviewed,us,us
2007-08-30T00:40:03.990Z,0.157,-79.86,54.2,4.6,mb,38,84.2,,1.42,us,usp000fkz9,2014-11-07T01:33:24.429Z,"23 km ENE of Pedernales, Ecuador",earthquake,,12.4,,10,reviewed,us,us
2007-09-10T01:49:11.780Z,2.966,-77.963,15,6.8,mwc,653,17.6,,0.89,us,usp000fmtk,2022-07-14T03:12:42.806Z,"39 km WNW of Timbiquí, Colombia",earthquake,,,,,reviewed,us,gcmt
2007-09-11T00:14:42.170Z,2.8,-78.393,37.5,3.9,mb,14,80.8,,1.14,us,usp000fmvn,2014-11-07T01:33:32.560Z,"32 km NNE of Mosquera, Colombia",earthquake,,14.3,,2,reviewed,us,us
2007-09-15T13:52:43.600Z,2.922,-78.269,10,4.2,mb,26,79.8,,1.18,us,usp000fnbq,2014-11-07T01:33:35.522Z,"49 km NNE of Mosquera, Colombia",earthquake,,,,6,reviewed,us,us
2007-09-22T20:01:23.880Z,-0.993,-78.137,35,4.2,mb,13,126.7,,1.35,us,usp000fnws,2014-11-07T01:33:38.296Z,"36 km W of Tena, Ecuador",earthquake,,,,6,reviewed,us,us
2007-09-26T04:43:17.610Z,-3.918,-79.208,99.8,5.9,mwb,517,24.8,,0.89,us,usp000fp4n,2022-07-14T02:35:14.833Z,"8 km N of Loja, Ecuador",earthquake,,,,,reviewed,us,us
2007-09-28T02:42:34.360Z,-5.783,-80.943,35,4.8,mb,114,58.6,,0.79,us,usp000fpag,2014-11-07T01:33:41.498Z,"28 km SSW of Sechura, Peru",earthquake,,,,37,reviewed,us,us
2007-10-03T00:30:28.000Z,-5.383,-76.563,50.1,4.5,mb,30,92.6,,0.98,us,usp000fprf,2014-11-07T01:33:48.634Z,"62 km SSE of Barranca, Peru",earthquake,,8.9,,9,reviewed,us,us
2007-10-13T01:34:59.600Z,-5.67,-80.05,76,4.4,mb,22,92.2,,,us,usp000fqe7,2014-11-07T01:33:55.258Z,"19 km WNW of Pueblo Nuevo, Peru",earthquake,,,,6,reviewed,lim,us
2007-10-24T08:21:46.590Z,-2.068,-77.306,154.4,4.7,mb,44,143.8,,1,us,usp000fr5k,2014-11-07T01:33:58.854Z,"83 km ESE of Palora, Ecuador",earthquake,,,,21,reviewed,us,us
2007-10-27T20:38:27.850Z,-0.652,-77.602,45.2,4.9,mb,100,86.6,,1.23,us,usp000frdk,2022-05-02T20:48:45.171Z,"36 km NE of Archidona, Ecuador",earthquake,,10.9,,51,reviewed,us,us
2007-10-29T09:22:52.410Z,-1.529,-77.669,183.8,4.3,mb,33,138.1,,0.85,us,usp000frhh,2014-11-07T01:34:00.413Z,"37 km E of Puyo, Ecuador",earthquake,,6.9,,9,reviewed,us,us
2007-10-30T04:27:35.560Z,-4.958,-80.999,52.1,4.2,mb,24,161.2,,0.82,us,usp000frk8,2014-11-07T01:34:01.267Z,"6 km SW of La Huaca, Peru",earthquake,,11.5,,10,reviewed,us,us
2007-11-04T18:10:22.180Z,0.176,-79.086,35,4.8,mb,35,85.6,,1.35,us,usp000frzb,2014-11-07T01:34:07.064Z,"46 km ESE of Rosa Zarate, Ecuador",earthquake,,,,9,reviewed,us,us
2007-11-16T03:13:00.120Z,-2.312,-77.838,122.9,6.8,mwc,649,27,,0.88,us,usp000fsnz,2022-07-14T01:13:47.687Z,"30 km E of Macas, Ecuador",earthquake,,,,,reviewed,us,gcmt
2007-11-21T04:24:14.220Z,-4.567,-77.112,137.3,4,mb,25,90.6,,1.04,us,usp000ft0j,2014-11-07T01:34:13.136Z,"56 km WNW of Barranca, Peru",earthquake,,9.5,,9,reviewed,us,us
2007-12-02T05:27:53.900Z,-4.115,-76.118,27,4.3,mb,16,136.1,,0.97,us,usp000ftq6,2014-11-07T01:34:19.954Z,"78 km SSE of Alianza Cristiana, Peru",earthquake,,,,1,reviewed,us,us
2007-12-03T03:09:27.120Z,-1.501,-77.599,188.8,4.5,mb,34,142.1,,1.04,us,usp000ftru,2014-11-07T01:34:20.529Z,"44 km E of Puyo, Ecuador",earthquake,,7.9,,9,reviewed,us,us
2007-12-03T06:42:15.530Z,-2.024,-78.07,143.1,4.2,mb,20,146.5,,1.14,us,usp000fts3,2014-11-07T01:34:20.560Z,"31 km N of Macas, Ecuador",earthquake,,10.1,,3,reviewed,us,us
2007-12-04T23:05:50.580Z,0.75,-80.059,70.6,4.4,mb,34,63.5,,0.85,us,usp000ftv3,2014-11-07T01:34:21.322Z,"15 km NNW of Muisne, Ecuador",earthquake,,6.8,,11,reviewed,us,us
2007-12-05T13:52:00.380Z,0.616,-80.193,49.9,4.1,mb,12,86.6,,1.37,us,usp000ftw2,2014-11-07T01:34:21.511Z,"19 km W of Muisne, Ecuador",earthquake,,23.5,,2,reviewed,us,us
2007-12-05T14:55:52.030Z,-1.414,-80.372,65.7,4,mb,14,154.3,,1.07,us,usp000ftw4,2014-11-07T01:34:21.514Z,"15 km SSE of Sucre, Ecuador",earthquake,,13.5,,1,reviewed,us,us
2007-12-09T12:34:55.780Z,-4.793,-77.713,63.8,3.5,mb,6,152.1,,0.34,us,usp000fu4c,2014-11-07T01:34:22.758Z,"106 km NNE of Yambrasbamba, Peru",earthquake,,16,,1,reviewed,us,us
2007-12-10T18:19:07.370Z,0.589,-80.007,38.9,5.1,mwc,103,91.6,,0.94,us,usp000fu79,2022-07-14T00:08:49.725Z,"2 km SSE of Muisne, Ecuador",earthquake,,6.7,,,reviewed,us,gcmt
2007-12-11T06:54:25.840Z,0.599,-79.874,58.4,4.4,mb,17,152,,1.2,us,usp000fu8b,2014-11-07T01:34:23.678Z,"16 km E of Muisne, Ecuador",earthquake,,14.4,,4,reviewed,us,us
2007-12-23T01:16:12.950Z,-1.94,-80.797,48,4.2,mb,22,87.2,,1.1,us,usp000fv1w,2014-11-07T01:34:28.242Z,"32 km NNE of Santa Elena, Ecuador",earthquake,,14.1,,7,reviewed,us,us
2007-12-24T14:27:02.530Z,-1.568,-77.567,188.1,4.5,mb,41,77,,1.14,us,usp000fv5d,2014-11-07T01:34:28.654Z,"46 km ENE of Palora, Ecuador",earthquake,,8.2,,15,reviewed,us,us
2007-12-25T04:31:19.190Z,-3.792,-79.92,81.5,4,mb,8,167.2,,1.15,us,usp000fv6g,2014-11-07T01:34:28.802Z,"29 km WSW of Piñas, Ecuador",earthquake,,19.3,,1,reviewed,us,us
2008-01-09T23:15:39.750Z,-1.016,-80.589,20.5,4.5,mb,19,109.8,,1.28,us,usp000fwc9,2014-11-07T01:34:39.844Z,"8 km ENE of Montecristi, Ecuador",earthquake,,24.5,,7,reviewed,us,us
2008-01-17T22:55:23.710Z,-2.366,-79.992,71,4.7,md,7,160.8,,0.84,us,usp000fwx9,2014-11-07T01:34:43.254Z,"20 km S of Santa Lucía, Ecuador",earthquake,,18.2,,,reviewed,us,qui
2008-01-26T17:59:50.940Z,-2.88,-80.39,64.3,5.2,mwc,130,88.1,,1,us,usp000fxh5,2022-07-13T22:41:17.754Z,"27 km S of Playas, Ecuador",earthquake,,,,,reviewed,us,gcmt
2008-02-08T15:26:52.270Z,-3.778,-81.762,35,4.9,mb,73,54.7,,0.96,us,usp000fyf7,2014-11-07T01:34:55.018Z,"81 km NW of El Alto, Peru",earthquake,,,,31,reviewed,us,us
2008-02-25T21:38:06.340Z,-2.243,-81.221,31.7,4.2,mb,18,71.7,,1.12,us,usp000fzyq,2014-11-07T01:35:03.733Z,"30 km W of Salinas, Ecuador",earthquake,,23.9,,6,reviewed,us,us
2008-03-04T11:23:08.020Z,2.719,-76.166,68.9,4.8,mb,62,138.9,,1.28,us,usp000g0pd,2022-07-13T20:58:13.465Z,"18 km ESE of Jambaló, Colombia",earthquake,,11.8,,48,reviewed,us,us
2008-03-05T04:28:44.810Z,-1.628,-77.922,164.1,4.3,md,22,144.6,,0.86,us,usp000g0rc,2014-11-07T01:35:11.393Z,"9 km NNE of Palora, Ecuador",earthquake,,7.6,,,reviewed,us,qui
2008-03-09T19:58:39.630Z,-1.534,-77.378,180,4.2,mb,26,89.5,,1.09,us,usp000g131,2014-11-07T01:35:13.369Z,"67 km ENE of Palora, Ecuador",earthquake,,8.2,,5,reviewed,us,us
2008-03-20T06:07:29.000Z,-0.221,-78.925,12.9,4,mb,8,151.2,,,us,usp000g1ug,2014-11-07T01:35:16.854Z,"28 km E of Santo Domingo de los Colorados, Ecuador",earthquake,,,,1,reviewed,qui,us
2008-03-21T05:32:19.980Z,-3.042,-78.899,95.7,4.2,mb,15,158.1,,0.75,us,usp000g1y5,2014-11-07T01:35:17.351Z,"14 km SSW of Nulti, Ecuador",earthquake,,11,,4,reviewed,us,us
2008-03-28T15:47:31.690Z,-1.846,-78.017,20.1,4.5,mb,37,101.8,,0.9,us,usp000g2je,2014-11-07T01:35:20.214Z,"17 km SSW of Palora, Ecuador",earthquake,,15.3,,21,reviewed,us,us
2008-04-01T20:57:09.790Z,-2.868,-80.236,46.9,4.5,mb,35,88.5,,1.33,us,usp000g2x3,2014-11-07T01:35:27.034Z,"31 km SSE of Playas, Ecuador",earthquake,,,,17,reviewed,us,us
2008-04-07T18:29:22.760Z,-1.534,-77.516,166.6,3.4,mb,7,98,,1.58,us,usp000g3ae,2014-11-07T01:35:33.085Z,"53 km ENE of Palora, Ecuador",earthquake,,15.4,,1,reviewed,us,us
2008-04-15T10:35:50.320Z,-0.807,-79.855,76.7,4.2,md,7,107,,1.19,us,usp000g3z8,2014-11-07T01:35:37.537Z,"29 km ESE of Chone, Ecuador",earthquake,,25.6,,,reviewed,us,qui
2008-05-05T17:07:01.970Z,-3.885,-77.145,123.6,4.3,mb,28,96.7,,0.98,us,usp000g5jj,2014-11-07T01:35:51.430Z,"91 km WSW of Alianza Cristiana, Peru",earthquake,,8.9,,7,reviewed,us,us
2008-05-09T21:35:50.080Z,-2.799,-75.291,138.2,3.9,mb,12,124.1,,0.97,us,usp000g5ye,2014-11-07T01:35:54.570Z,"147 km ENE of Alianza Cristiana, Peru",earthquake,,16.3,,2,reviewed,us,us
2008-05-10T11:43:31.890Z,-5.482,-76.621,114.4,4.5,mb,55,98.2,,0.78,us,usp000g602,2014-11-07T01:35:54.831Z,"72 km S of Barranca, Peru",earthquake,,,,24,reviewed,us,us
2008-05-15T01:54:47.930Z,-2.713,-77.885,38.7,4.5,mb,36,146.5,,0.91,us,usp000g6td,2014-11-07T01:36:00.600Z,"42 km SE of Sucúa, Ecuador",earthquake,,9.5,,19,reviewed,us,us
2008-05-20T23:51:08.340Z,-1.327,-80.32,71.9,4.6,md,16,160.4,,1.19,us,usp000g7c5,2014-11-07T01:36:03.955Z,"12 km ESE of Sucre, Ecuador",earthquake,,17.1,,,reviewed,us,qui
2008-05-25T09:05:45.970Z,-2.287,-78.397,116.7,4.3,md,20,78.6,,0.72,us,usp000g7r6,2014-11-07T01:36:06.157Z,"31 km NW of Sucúa, Ecuador",earthquake,,8.2,,,reviewed,us,qui
2008-05-31T06:13:49.640Z,1.076,-79.129,46.2,4.4,mb,19,89,,0.87,us,usp000g86f,2014-11-07T01:36:08.235Z,"25 km SW of Valdez, Ecuador",earthquake,,11.2,,6,reviewed,us,us
2008-06-09T07:31:51.250Z,-1.333,-77.401,212.6,4.6,mb,22,145.7,,1.44,us,usp000g8zm,2014-11-07T01:36:16.839Z,"59 km SE of Tena, Ecuador",earthquake,,10.3,,3,reviewed,us,us
2008-07-04T06:02:49.520Z,-1.421,-77.582,190,5.2,mwc,225,72.3,,0.85,us,usp000gb9x,2025-12-22T15:33:28.562Z,"47 km E of Puyo, Ecuador",earthquake,,,,,reviewed,us,gcmt
2008-07-08T05:08:17.740Z,-3.34,-76.905,110.3,4.5,mb,49,139.8,,1.01,us,usp000gbmh,2014-11-07T01:36:35.610Z,"54 km WNW of Alianza Cristiana, Peru",earthquake,,9.2,,29,reviewed,us,us
2008-07-18T05:41:55.540Z,-1.976,-80.276,75.9,5,mwc,165,41.5,,0.9,us,usp000gcg4,2025-12-22T15:06:39.996Z,"18 km SSW of Pedro Carbo, Ecuador",earthquake,,5.7,,,reviewed,us,gcmt
2008-07-20T10:20:26.830Z,-2.256,-80.098,56.7,4.1,mb,18,161.2,,0.71,us,usp000gcpz,2014-11-07T01:36:40.855Z,"13 km SW of Santa Lucía, Ecuador",earthquake,,15.1,,9,reviewed,us,us
2008-08-18T00:41:31.730Z,-1.087,-77.788,29.2,4.6,mb,79,54.5,,0.87,us,usp000gexc,2014-11-07T01:36:56.109Z,"10 km SSE of Tena, Ecuador",earthquake,,15.4,,45,reviewed,us,us
2008-08-18T15:38:08.680Z,-5.845,-80.924,48.5,5.1,mwc,53,92.3,,0.65,us,usp000geym,2022-05-02T19:44:50.737Z,"33 km SSW of Sechura, Peru",earthquake,,11.5,,,reviewed,us,gcmt
2008-08-22T01:17:14.530Z,-5.674,-77.36,49.7,3.9,mb,11,92.7,,0.97,us,usp000gf76,2014-11-07T01:36:57.603Z,"36 km NNW of Segunda Jerusalén - Azunguillo, Peru",earthquake,,12.1,,2,reviewed,us,us
2008-09-02T17:21:00.270Z,2.953,-75.983,23.1,4.9,mb,170,70.4,,1.16,us,usp000gg8c,2022-05-02T19:45:04.964Z,"28 km SW of Gaitania, Colombia",earthquake,,11.9,,128,reviewed,us,us
2008-09-03T07:53:13.270Z,-1.729,-77.87,168.2,4.1,md,17,147,,1.18,us,usp000gga3,2014-11-07T01:37:07.092Z,"11 km ESE of Palora, Ecuador",earthquake,,9.7,,,reviewed,us,qui
2008-09-05T15:30:34.310Z,2.915,-75.903,25.5,4.4,mb,47,85.8,,1.04,us,usp000ggfr,2014-11-07T01:37:08.013Z,"27 km SSW of Gaitania, Colombia",earthquake,,15.9,,23,reviewed,us,us
2008-09-14T18:29:28.970Z,2.883,-76,31.1,4.1,mb,21,80,,1.34,us,usp000gh1v,2014-11-07T01:37:12.034Z,"26 km N of Belalcázar, Colombia",earthquake,,26.5,,6,reviewed,us,us
2008-09-18T02:42:48.360Z,-3.451,-80.51,56.1,3.2,mb,6,97.2,,0.9,us,usp000gh8z,2014-11-07T01:37:13.038Z,"14 km NNW of Tumbes, Peru",earthquake,,30.6,,1,reviewed,us,us
2008-09-21T23:34:50.380Z,-1.947,-77.477,144.1,4.5,mb,18,95.4,,0.62,us,usp000ghgj,2014-11-07T01:37:14.103Z,"60 km ESE of Palora, Ecuador",earthquake,,7.2,,4,reviewed,us,us
2008-09-24T23:32:20.000Z,-3.026,-79.054,14.5,4.4,md,8,153,,,us,usp000ghnq,2014-11-07T01:37:14.760Z,"14 km SSW of Cuenca, Ecuador",earthquake,,,,,reviewed,qui,qui
2008-10-10T02:20:55.950Z,-3.618,-79.502,58.4,4.3,md,7,121.3,,1.4,us,usp000gju0,2014-11-07T01:37:26.689Z,"14 km ENE of Zaruma, Ecuador",earthquake,,48.1,,,reviewed,us,qui
2008-10-18T09:42:03.430Z,-1.969,-77.193,169.4,4.4,mb,52,89.5,,0.94,us,usp000gkgu,2014-11-07T01:37:30.164Z,"90 km ESE of Palora, Ecuador",earthquake,,7.2,,26,reviewed,us,us
2008-10-18T19:22:26.010Z,-3.812,-76.523,103.3,4.3,mb,24,139.2,,1.05,us,usp000gkhs,2014-11-07T01:37:30.268Z,"38 km SSW of Alianza Cristiana, Peru",earthquake,,11.1,,9,reviewed,us,us
2008-11-12T11:42:59.260Z,-4.607,-77.625,57.1,3.9,m,14,91.3,,0.76,us,usp000gnhj,2014-11-07T01:37:43.651Z,"108 km WNW of Barranca, Peru",earthquake,,10.2,,,reviewed,us,lim
2008-11-18T16:22:44.940Z,-3.837,-80.893,79.4,4.6,mb,28,89.8,,0.88,us,usp000gp00,2014-11-07T01:37:45.842Z,"29 km WNW of Cañaveral, Peru",earthquake,,11.2,,4,reviewed,us,us
2008-11-26T00:57:12.660Z,-2.4,-76.227,145.7,4,mb,31,87.6,,0.83,us,usp000gpey,2014-11-07T01:37:48.159Z,"121 km N of Alianza Cristiana, Peru",earthquake,,7,,6,reviewed,us,us
2008-12-12T20:26:03.180Z,-3.663,-79.234,99.9,4.5,mb,32,89.7,,1.23,us,usp000gqfu,2014-11-07T01:37:57.665Z,"36 km N of Loja, Ecuador",earthquake,,10.5,,15,reviewed,us,us
2008-12-21T15:49:18.210Z,-5.466,-81.24,74.8,4.4,mb,31,91,,0.93,us,usp000gr4e,2014-11-07T01:38:00.979Z,"43 km SSW of Paita, Peru",earthquake,,13.4,,5,reviewed,us,us
2008-12-24T20:47:10.300Z,-3.765,-76.229,95.4,4.6,mb,53,98.7,,0.96,us,usp000grd8,2014-11-07T01:38:02.330Z,"39 km SE of Alianza Cristiana, Peru",earthquake,,7.9,,14,reviewed,us,us
2009-01-07T15:35:25.250Z,-2.496,-78.018,113,4.5,mb,46,135.3,,1.05,us,usp000gsb0,2014-11-07T01:38:10.803Z,"17 km ESE of Sucúa, Ecuador",earthquake,,,,16,reviewed,us,us
2009-01-28T11:53:54.040Z,-2.08,-79.406,108.1,4.2,mb,16,154,,0.87,us,usp000gt6y,2014-11-07T01:38:15.933Z,"11 km NE of Naranjito, Ecuador",earthquake,,9,,1,reviewed,us,us
2009-02-08T20:49:24.620Z,-2.532,-78.893,85.8,5,mwc,85,55.1,,1.05,us,usp000gtjn,2025-12-22T15:11:59.775Z,"6 km ENE of Cañar, Ecuador",earthquake,,,,,reviewed,us,gcmt
2009-02-14T05:24:59.160Z,-5.863,-80.75,56.6,4.6,mb,56,70.1,,1.04,us,usp000gty6,2022-07-15T02:24:05.168Z,"34 km SSE of Sechura, Peru",earthquake,,8.6,,28,reviewed,us,us
2009-02-15T10:04:49.310Z,-5.854,-80.891,21,6.1,mwc,372,36.4,,0.8,us,usp000gu0z,2022-07-15T02:20:02.173Z,"near the coast of northern Peru",earthquake,,,,,reviewed,us,us
2009-02-19T04:27:42.070Z,-2.8,-77.704,10,4.8,mb,80,131.4,,1.14,us,usp000gu66,2022-07-15T04:37:26.964Z,"64 km SE of Sucúa, Ecuador",earthquake,,0,,40,reviewed,us,us
2009-02-21T22:47:33.550Z,-2.699,-78.203,35,5,mwc,143,91.4,,1.45,us,usp000gu94,2022-05-02T20:05:56.673Z,"26 km S of Sucúa, Ecuador",earthquake,,,,,reviewed,us,gcmt
2009-03-02T00:39:19.450Z,-4.084,-80.914,40.5,4.8,mb,98,58.2,,0.99,us,usp000guhn,2022-07-15T05:03:46.781Z,"15 km E of Máncora, Peru",earthquake,,5.1,,43,reviewed,us,us
2009-03-10T21:58:28.000Z,-0.834,-79.825,93.9,4.5,mb,51,62,,,us,usp000guu6,2014-11-07T01:38:33.739Z,"31 km NW of Velasco Ibarra, Ecuador",earthquake,,,,16,reviewed,qui,us
2009-03-14T14:18:31.220Z,2.65,-79.702,15.8,4.9,mb,143,62.1,,0.91,us,usp000guzt,2014-11-07T01:38:34.997Z,"134 km WNW of Salahonda, Colombia",earthquake,,12.9,,76,reviewed,us,us
2009-03-26T17:35:14.300Z,-5.72,-81.338,10,5.8,mwc,277,41.1,,1.04,us,usp000gvet,2022-07-15T06:29:23.184Z,"59 km WSW of Sechura, Peru",earthquake,,,,,reviewed,us,gcmt
2009-04-03T15:46:48.070Z,0.677,-78.062,21.4,4.8,mb,66,78.7,,1.22,us,usp000gvqg,2014-11-07T01:38:42.898Z,"14 km WNW of El Ángel, Ecuador",earthquake,,10.9,,29,reviewed,us,us
2009-04-24T08:37:54.660Z,2.533,-79.78,10,4.5,mb,92,78.8,,1.04,us,usp000gwht,2014-11-07T01:38:49.609Z,"136 km WNW of Salahonda, Colombia",earthquake,,,,51,reviewed,us,us
2009-04-30T11:45:39.350Z,-4.737,-77.191,119.6,4.6,mb,81,109.2,,0.83,us,usp000gwpy,2022-07-15T09:10:38.906Z,"58 km W of Barranca, Peru",earthquake,,5.9,,33,reviewed,us,us
2009-05-01T00:34:10.580Z,-1.548,-77.306,191.2,5.1,mwc,303,75.9,,0.78,us,usp000gwq6,2025-12-22T15:36:25.467Z,"75 km ENE of Palora, Ecuador",earthquake,,,,,reviewed,us,gcmt
2009-05-04T02:03:14.990Z,-4.235,-78.032,47.6,4.6,mb,37,95.7,,1.32,us,usp000gwtj,2014-11-07T01:38:54.730Z,"92 km ESE of Yantzaza, Ecuador",earthquake,,11,,9,reviewed,us,us
2009-05-05T16:11:02.180Z,-3.211,-81.75,27.7,4.5,mb,39,93.9,,1.06,us,usp000gwvb,2014-11-07T01:38:55.356Z,"126 km NW of Máncora, Peru",earthquake,,,,16,reviewed,us,us
2009-05-06T10:08:10.770Z,-2.653,-79.874,88.4,4.5,mb,15,88.2,,1.07,us,usp000gwvt,2014-11-07T01:38:55.479Z,"28 km W of Naranjal, Ecuador",earthquake,,11,,2,reviewed,us,us
2009-05-25T04:12:46.530Z,-1.951,-80.868,52.1,4.8,mb,125,88.2,,0.96,us,usp000gxgh,2014-11-07T01:39:00.930Z,"near the coast of Ecuador",earthquake,,6.5,,72,reviewed,us,us
2009-05-27T12:01:56.650Z,-5.909,-75.778,36.9,4.3,mb,16,80.4,,0.58,us,usp000gxk3,2014-11-07T01:39:01.382Z,"38 km E of Yurimaguas, Peru",earthquake,,11.4,,3,reviewed,us,us
2009-06-11T16:40:48.380Z,-3.317,-80.485,77.2,4.3,mb,27,89.1,,0.86,us,usp000gy3f,2014-11-07T01:39:08.668Z,"27 km N of Tumbes, Peru",earthquake,,10.3,,7,reviewed,us,us
2009-06-24T03:38:39.000Z,-1.644,-77.692,216.6,4.6,mb,97,95.3,,,us,usp000gyhy,2022-07-15T12:20:39.077Z,"31 km ENE of Palora, Ecuador",earthquake,,,,51,reviewed,qui,us
2009-07-16T11:07:36.820Z,2.602,-79.687,24.6,4.1,mb,24,150.3,,0.77,us,usp000gzay,2014-11-07T01:39:19.874Z,"130 km WNW of Salahonda, Colombia",earthquake,,23.9,,6,reviewed,us,us
2009-07-17T09:18:45.070Z,1.195,-78.926,10,4.6,mb,108,53.6,,1.32,us,usp000gzcg,2014-11-07T01:39:20.151Z,"8 km SE of Valdez, Ecuador",earthquake,,,,68,reviewed,us,us
2009-07-19T08:35:45.380Z,-1.741,-80.366,54.9,5.4,mwc,274,42.2,,0.72,us,usp000gzef,2022-07-15T14:20:08.439Z,"16 km WNW of Pedro Carbo, Ecuador",earthquake,,4.1,,,reviewed,us,gcmt
2009-07-24T09:19:11.230Z,-3.674,-81.741,35,4.8,mb,114,47.6,,0.77,us,usp000gzk0,2014-11-07T01:39:21.128Z,"87 km NW of El Alto, Peru",earthquake,,,,62,reviewed,us,us
2009-08-04T07:13:31.890Z,-5.638,-77.599,41.2,4.2,mb,29,89.9,,0.93,us,usp000gzz1,2014-11-07T01:39:27.554Z,"37 km ENE of Yambrasbamba, Peru",earthquake,,8.9,,10,reviewed,us,us
2009-08-18T08:24:07.930Z,-1.224,-77.508,167.9,4.2,mb,43,160.5,,0.58,us,usp000h0k6,2014-11-07T01:39:32.019Z,"42 km SE of Tena, Ecuador",earthquake,,5.7,,34,reviewed,us,us
2009-08-22T18:42:26.010Z,-3.688,-80.876,35,4.2,ml,13,89.6,,1.23,us,usp000h0rx,2014-11-07T01:39:33.158Z,"21 km W of Zorritos, Peru",earthquake,,,,,reviewed,us,lim
2009-08-22T18:46:50.290Z,-3.847,-80.744,35,4.5,mb,56,89.8,,0.98,us,usp000h0ry,2014-11-07T01:39:33.160Z,"14 km NW of Cañaveral, Peru",earthquake,,,,27,reviewed,us,us
2009-08-27T14:56:41.050Z,-5.481,-81.222,37.2,5.3,mwc,121,57.5,,0.9,us,usp000h0xk,2022-07-15T16:35:10.329Z,"44 km SSW of Paita, Peru",earthquake,,7.4,,,reviewed,us,gcmt
2009-09-16T06:44:46.700Z,-2.817,-77.592,40,4.6,mb,43,128.9,,0.97,us,usp000h1jh,2014-11-07T01:39:42.552Z,"75 km ESE of Sucúa, Ecuador",earthquake,,7.5,,21,reviewed,us,us
2009-09-16T07:41:00.740Z,-1.314,-80.358,69.4,4.5,mb,33,86.9,,0.92,us,usp000h1jm,2014-11-07T01:39:42.564Z,"7 km ESE of Sucre, Ecuador",earthquake,,8.8,,9,reviewed,us,us
2009-10-09T18:11:39.930Z,-0.962,-77.817,35.2,5.2,mwc,276,46,,0.92,us,usp000h2nt,2022-07-15T18:49:01.661Z,"3 km N of Tena, Ecuador",earthquake,,5.3,,,reviewed,us,gcmt
2009-10-15T01:43:00.970Z,-4.602,-80.21,62.2,5,mb,167,87,,1,us,usp000h2z1,2022-07-15T18:53:58.435Z,"6 km NE of Las Lomas, Peru",earthquake,,4.7,,100,reviewed,us,us
2009-11-01T08:09:49.340Z,-3.72,-77.444,97.6,4.5,mb,23,161.4,,0.66,us,usp000h3mv,2014-11-07T01:40:02.166Z,"115 km WSW of Alianza Cristiana, Peru",earthquake,,13.7,,17,reviewed,us,us
2009-11-07T19:39:20.600Z,-4.143,-81.616,37.1,4.6,mb,23,90.1,,0.97,us,usp000h3ud,2014-11-07T01:40:05.100Z,"46 km WNW of El Alto, Peru",earthquake,,14.2,,6,reviewed,us,us
2009-11-26T12:18:13.040Z,-3.158,-80.407,68.5,4.7,mb,25,163.2,,0.98,us,usp000h4ev,2014-11-07T01:40:08.914Z,"40 km NNW of Aguas Verdes, Peru",earthquake,,13.1,,14,reviewed,us,us
2009-12-10T16:20:35.930Z,-1.883,-78.148,143.9,4.7,mb,128,91.8,,0.74,us,usp000h4xp,2014-11-07T01:40:15.648Z,"28 km SW of Palora, Ecuador",earthquake,,,,57,reviewed,us,us
2009-12-18T21:25:22.800Z,-1.589,-81.489,35,4.5,mb,12,179.3,,1.47,us,usp000h55r,2014-11-07T01:40:17.398Z,"91 km NW of Salinas, Ecuador",earthquake,,,,4,reviewed,us,us
2009-12-26T09:39:09.190Z,-1.678,-81.525,43.1,4.4,mb,28,96.3,,0.86,us,usp000h5cw,2014-11-07T01:40:18.792Z,"87 km NW of Salinas, Ecuador",earthquake,,8,,9,reviewed,us,us
2009-12-26T10:55:02.870Z,-1.637,-81.58,35,4.2,mb,24,71.6,,0.94,us,usp000h5cx,2014-11-07T01:40:18.795Z,"94 km NW of Salinas, Ecuador",earthquake,,,,6,reviewed,us,us
2009-12-28T23:26:08.310Z,-1.918,-81.775,35,4.3,mb,12,168.3,,0.93,us,usp000h5et,2014-11-07T01:40:19.170Z,"97 km WNW of Salinas, Ecuador",earthquake,,,,5,reviewed,us,us
2009-12-28T23:30:21.160Z,-1.577,-81.779,35,4.7,mb,12,175.6,,1.36,us,usp000h5eu,2014-11-07T01:40:19.172Z,"115 km NW of Salinas, Ecuador",earthquake,,,,3,reviewed,us,us
2010-01-02T08:26:21.620Z,-1.625,-81.516,46.4,4.2,mb,19,86.7,,0.82,us,usp000h5m4,2014-11-07T01:40:23.494Z,"90 km NW of Salinas, Ecuador",earthquake,,12.4,,7,reviewed,us,us
2010-01-04T02:33:44.600Z,-1.745,-81.566,42.3,4.8,mb,116,60,,0.82,us,usp000h5pd,2014-11-07T01:40:24.607Z,"85 km NW of Salinas, Ecuador",earthquake,,5.8,,81,reviewed,us,us
2010-02-06T08:56:59.200Z,-1.096,-77.399,218.5,4.6,mb,139,82.2,,0.91,us,usp000h70j,2014-11-07T01:40:40.563Z,"47 km ESE of Tena, Ecuador",earthquake,,4.8,,96,reviewed,us,us
2010-02-14T00:39:17.460Z,-1.26,-77.594,199.5,4.6,mb,41,96.1,,0.93,us,usp000h79j,2014-11-07T01:40:42.451Z,"38 km SE of Tena, Ecuador",earthquake,,5.9,,9,reviewed,us,us
2010-02-18T16:21:04.240Z,-4.528,-77.001,115.3,4.7,mb,106,88.6,,1.26,us,usp000h7e8,2014-11-07T01:40:43.343Z,"49 km NW of Barranca, Peru",earthquake,,,,54,reviewed,us,us
2010-02-19T11:37:27.210Z,-1.059,-79.18,98.2,4.6,mb,49,141.8,,0.91,us,usp000h7fc,2014-11-07T01:40:43.632Z,"13 km SSE of La Maná, Ecuador",earthquake,,,,25,reviewed,us,us
2010-02-26T20:06:16.550Z,-1.436,-77.824,166.7,4.6,mb,70,82.7,,1.07,us,usp000h7qs,2014-11-07T01:40:45.192Z,"20 km ENE of Puyo, Ecuador",earthquake,,,,34,reviewed,us,us
2010-02-28T10:26:51.770Z,-1.177,-80.39,35,5.2,mwc,349,69.3,,0.86,us,usp000h86k,2022-07-16T03:47:22.390Z,"3 km NNW of Santa Ana, Ecuador",earthquake,,,,,reviewed,us,gcmt
2010-03-19T19:57:03.900Z,-2.433,-78.413,116.2,4.6,mb,17,98.4,,1.08,us,usp000h9q5,2014-11-07T01:41:03.526Z,"26 km W of Sucúa, Ecuador",earthquake,,8.9,,3,reviewed,us,us
2010-03-20T19:14:53.290Z,-1.944,-79.675,107.6,4.4,md,9,156.7,,1.36,us,usp000h9rt,2014-11-07T01:41:03.865Z,"4 km E of Palestina, Ecuador",earthquake,,15.9,,,reviewed,us,qui
2010-03-22T19:06:43.570Z,-1.661,-80.447,27.4,4.8,mb,28,161.9,,1.43,us,usp000h9vb,2014-11-07T01:41:04.421Z,"12 km S of Paján, Ecuador",earthquake,,8.1,,7,reviewed,us,us
2010-03-26T01:56:37.480Z,-1.098,-78.129,10,5,mwc,144,65.2,,1.19,us,usp000h9zq,2022-07-16T08:59:08.726Z,"37 km WSW of Tena, Ecuador",earthquake,,,,,reviewed,us,gcmt
2010-03-27T23:50:18.630Z,-4.762,-80.73,50.3,4.9,mb,80,121.9,,0.9,us,usp000ha1v,2022-05-02T21:49:29.096Z,"11 km NNW of Salitral, Peru",earthquake,,5.2,,50,reviewed,us,us
2010-03-30T23:26:21.000Z,-5.57,-77.04,53,4,m,5,168,,,us,usp000ha5m,2014-11-07T01:41:06.643Z,"51 km N of Moyobamba, Peru",earthquake,,,,,reviewed,lim,lim
2010-04-10T04:20:01.560Z,-4.279,-76.425,114.2,4.4,mb,36,138.6,,1.06,us,usp000hb3d,2014-11-07T01:41:14.498Z,"67 km NNE of Barranca, Peru",earthquake,,9.5,,25,reviewed,us,us
2010-04-12T05:51:30.960Z,-4.42,-77.405,41.9,5,mb,133,62.9,,0.95,us,usp000hb89,2022-07-16T10:34:40.980Z,"92 km WNW of Barranca, Peru",earthquake,,6.9,,76,reviewed,us,us
2010-04-18T08:35:04.000Z,0.245,-78.356,5.2,4.4,mb,28,60,,,us,usp000hbks,2014-11-07T01:41:17.353Z,"10 km W of Otavalo, Ecuador",earthquake,,,,6,reviewed,qui,us
2010-04-19T00:33:07.000Z,1.131,-79.489,12,4.1,mb,29,78.9,,,us,usp000hbmx,2014-11-07T01:41:17.581Z,"26 km NE of Esmeraldas, Ecuador",earthquake,,,,4,reviewed,qui,us
2010-05-03T06:12:34.670Z,-4.121,-80.834,28.5,4.5,mb,80,90.1,,0.98,us,usp000hc8p,2022-07-16T12:32:35.920Z,"11 km WSW of Papayal, Peru",earthquake,,,,47,reviewed,us,us
2010-05-05T02:31:53.020Z,2.596,-79.731,26.5,4.4,mb,47,86,,1.26,us,usp000hcb8,2014-11-07T01:41:26.763Z,"134 km WNW of Salahonda, Colombia",earthquake,,19,,24,reviewed,us,us
2010-05-19T04:15:43.230Z,-5.083,-77.541,132,6,mwb,502,16.5,,0.75,us,usp000hcxh,2022-07-16T13:46:33.672Z,"83 km NNE of Yambrasbamba, Peru",earthquake,,,,,reviewed,us,us
2010-05-20T17:38:52.220Z,-1.89,-78.18,135.5,4.5,mb,70,94.6,,0.91,us,usp000hczk,2022-07-16T13:51:21.912Z,"31 km SW of Palora, Ecuador",earthquake,,4.9,,33,reviewed,us,us
2010-06-01T11:12:13.000Z,-1.06,-78.325,10.7,4.3,md,9,140.6,,,us,usp000hdf2,2014-11-07T01:41:36.860Z,"27 km ENE of Píllaro, Ecuador",earthquake,,,,,reviewed,qui,qui
2010-06-26T18:40:14.170Z,-4.689,-77.232,117.1,5.2,mwc,229,48.1,,0.98,us,usp000hejm,2025-12-22T15:47:46.643Z,"63 km WNW of Barranca, Peru",earthquake,,,,,reviewed,us,gcmt
2010-06-30T09:06:37.870Z,-1.479,-81.244,41.4,4.2,mb,13,111.5,,1.28,us,usp000heqr,2014-11-07T01:41:45.911Z,"75 km W of Jipijapa, Ecuador",earthquake,,18.4,,1,reviewed,us,us
2010-07-13T19:27:51.010Z,-4.11,-78.292,114.1,4.5,mb,40,88.4,,1.24,us,usp000hf89,2014-11-07T01:41:53.023Z,"60 km ESE of Yantzaza, Ecuador",earthquake,,8.7,,14,reviewed,us,us
2010-08-03T05:32:57.000Z,-2.363,-79.848,31.3,4.3,mb,5,197.2,,,us,usp000hhdu,2014-11-07T01:42:09.282Z,"18 km SSE of Guayaquil, Ecuador",earthquake,,,,1,reviewed,qui,us
2010-08-06T10:46:01.580Z,-1.598,-81.018,43.9,4.3,mb,22,86.7,,1.28,us,usp000hhnh,2014-11-07T01:42:11.672Z,"56 km WSW of Jipijapa, Ecuador",earthquake,,17,,6,reviewed,us,us
2010-08-12T11:54:15.580Z,-1.266,-77.306,206.7,7.1,mwc,672,12.4,,0.87,us,usp000hj05,2022-09-15T17:13:31.673Z,"Ecuador",earthquake,,,,,reviewed,us,us
2010-08-14T04:39:16.700Z,-1.334,-77.33,209.9,4.4,mb,89,79.7,,0.95,us,usp000hj3k,2014-11-07T01:42:14.243Z,"Ecuador",earthquake,,5.2,,49,reviewed,us,us
2010-08-17T03:22:50.840Z,-5.321,-80.003,67.2,5.2,mb,226,76.3,,0.89,us,usp000hjay,2022-07-18T18:42:05.892Z,"7 km SSW of Buenos Aires, Peru",earthquake,,,,163,reviewed,us,us
2010-08-18T07:38:46.560Z,2.363,-77.275,85,4.4,mb,41,78.1,,0.94,us,usp000hjcu,2014-11-07T01:42:15.712Z,"12 km NNW of Argelia, Colombia",earthquake,,8.2,,23,reviewed,us,us
2010-08-22T06:13:45.320Z,-5.173,-80.97,27.8,4.5,mb,37,115.3,,0.93,us,usp000hjkv,2014-11-07T01:42:17.068Z,"18 km ESE of Paita, Peru",earthquake,,,,23,reviewed,us,us
2010-08-30T18:50:09.800Z,1.22,-77.36,0,4,ml,4,172.5,,,us,usp000hjyk,2014-11-07T01:42:18.879Z,"7 km S of Nariño, Colombia",earthquake,,,,,reviewed,rsnc,rsnc
2010-09-01T13:56:36.960Z,-3.951,-80.607,109,4.4,mb,23,89.9,,1.06,us,usp000hk0w,2014-11-07T01:42:21.440Z,"4 km ESE of Cañaveral, Peru",earthquake,,13.1,,5,reviewed,us,us
2010-09-09T21:26:07.620Z,-4.808,-80.759,88.6,4.1,mb,25,91,,1.58,us,usp000hkgz,2014-11-07T01:42:25.924Z,"9 km NW of Marcavelica, Peru",earthquake,,14.5,,8,reviewed,us,us
2010-09-11T18:55:25.730Z,-4.244,-80.584,61.6,5.2,mwc,281,61.3,,0.88,us,usp000hkkb,2022-07-18T19:58:28.767Z,"Peru-Ecuador border region",earthquake,,4.2,,,reviewed,us,gcmt
2010-09-22T19:01:44.830Z,-2.81,-77.622,74.8,4,mb,10,131.2,,1.01,us,usp000hm2k,2014-11-07T01:42:30.154Z,"72 km ESE of Sucúa, Ecuador",earthquake,,12.3,,1,reviewed,us,us
2010-10-02T14:54:04.610Z,-4.225,-76.12,118.6,4.8,mb,86,157.2,,0.95,us,usp000hmg8,2014-11-07T01:42:37.097Z,"89 km SSE of Alianza Cristiana, Peru",earthquake,,,,55,reviewed,us,us
2010-10-09T14:04:47.660Z,-2.644,-76.652,123.9,5.2,mwc,220,32.8,,0.91,us,usp000hmwe,2025-12-22T15:52:51.993Z,"95 km NNW of Alianza Cristiana, Peru",earthquake,,,,,reviewed,us,gcmt
2010-10-10T04:07:52.080Z,-5.854,-81.309,39.3,4.2,mb,36,91,,0.85,us,usp000hmxg,2014-11-07T01:42:41.251Z,"63 km WSW of Sechura, Peru",earthquake,,10.3,,18,reviewed,us,us
2010-10-16T05:12:30.030Z,-1.444,-80.34,68.1,4.5,mb,31,91,,1,us,usp000hn5h,2014-11-07T01:42:42.693Z,"15 km NE of Paján, Ecuador",earthquake,,14.6,,22,reviewed,us,us
2010-10-20T01:06:00.630Z,-0.381,-80.787,48.6,4.8,mb,91,53.5,,0.9,us,usp000hnad,2014-11-07T01:42:43.952Z,"47 km WNW of Bahía de Caráquez, Ecuador",earthquake,,5.9,,54,reviewed,us,us
2010-10-20T16:05:58.840Z,-0.232,-80.559,59.6,4.7,mb,42,89.1,,0.92,us,usp000hnbf,2014-11-07T01:42:44.298Z,"43 km NNW of Bahía de Caráquez, Ecuador",earthquake,,7.5,,19,reviewed,us,us
2010-10-23T21:51:13.890Z,1.123,-78.847,39.4,4.4,mb,41,144.7,,1.1,us,usp000hnfe,2014-11-07T01:42:45.095Z,"18 km S of San Lorenzo de Esmeraldas, Ecuador",earthquake,,,,14,reviewed,us,us
2010-11-18T10:03:21.850Z,-4.846,-81.148,52.4,4.5,mb,29,91,,0.83,us,usp000hpu5,2014-11-07T01:42:56.278Z,"12 km NW of San Lucas ( Pueblo Nuevo de Colan), Peru",earthquake,,10.2,,4,reviewed,us,us
2010-11-22T10:24:14.030Z,-2.628,-79.153,101.4,4.3,mb,31,93.2,,0.92,us,usp000hpys,2014-11-07T01:42:57.066Z,"24 km WSW of Cañar, Ecuador",earthquake,,8.9,,4,reviewed,us,us
2010-11-25T04:19:41.390Z,0.443,-79.92,43.1,5.4,mwc,158,46.7,,1.27,us,usp000hq2w,2022-07-19T00:40:55.225Z,"21 km SSE of Muisne, Ecuador",earthquake,,8.6,,,reviewed,us,gcmt
2010-11-28T07:57:35.110Z,-1.281,-80.397,35,4.7,mb,48,63.5,,1.26,us,usp000hq8f,2014-11-07T01:42:58.806Z,"2 km E of Sucre, Ecuador",earthquake,,,,22,reviewed,us,us
2010-12-13T13:05:30.400Z,-2.825,-77.138,90.4,4.8,mb,82,91.4,,0.89,us,usp000hqw0,2014-11-07T01:43:06.750Z,"Peru-Ecuador border region",earthquake,,,,36,reviewed,us,us
2011-01-12T12:20:03.800Z,-2.351,-78.262,35,4.1,mb,10,140.2,,0.81,us,usp000hsz2,2014-11-07T01:43:25.685Z,"15 km NW of Sucúa, Ecuador",earthquake,,,,3,reviewed,us,us
2011-03-20T11:39:47.840Z,-0.357,-77.985,10,4.5,mb,22,148.1,,1.28,us,usp000hy1r,2014-11-07T01:44:15.541Z,"47 km SSE of Cayambe, Ecuador",earthquake,,,,23,reviewed,us,us
2011-03-28T17:08:52.480Z,-2.8,-80.486,48.8,4.5,mb,15,114.1,,0.95,us,usp000hytn,2014-11-07T01:44:21.728Z,"21 km SSW of Playas, Ecuador",earthquake,,10.6,,2,reviewed,us,us
2011-03-31T06:44:35.980Z,-1.673,-81.618,26,4.6,mb,17,121,,1.07,us,usp000hyze,2014-11-07T01:44:22.848Z,"95 km NW of Salinas, Ecuador",earthquake,,21.1,,2,reviewed,us,us
2011-04-03T23:03:21.290Z,2.536,-79.759,38.8,4.8,mb,232,64.4,,0.84,us,usp000hz7n,2014-11-07T01:44:28.135Z,"134 km WNW of Salahonda, Colombia",earthquake,,4.7,,158,reviewed,us,us
2011-04-20T22:27:59.980Z,-3.877,-79.473,103.3,4.7,mb,107,80.9,,0.75,us,usp000j0b4,2022-07-19T13:00:46.531Z,"17 km NW of Catamayo, Ecuador",earthquake,,5.3,,63,reviewed,us,us
2011-04-25T22:22:16.680Z,-2.913,-77.632,41.3,4.8,mb,122,94.2,,1.3,us,usp000j0kb,2022-04-08T21:44:30.522Z,"78 km SE of Sucúa, Ecuador",earthquake,,9.7,,115,reviewed,us,us
2011-05-12T02:36:01.610Z,-1.745,-81.628,10,5,mwc,138,64.8,,1.1,us,usp000j1fa,2025-12-22T16:02:12.921Z,"91 km NW of Salinas, Ecuador",earthquake,,,,,reviewed,us,gcmt
2011-05-15T12:15:48.880Z,-1.08,-80.263,49.6,4.6,mb,31,79.4,,1.03,us,usp000j1n1,2022-07-19T15:15:37.758Z,"17 km SSW of Junín, Ecuador",earthquake,,11,,25,reviewed,us,us
2011-05-20T14:00:49.000Z,0.509,-79.871,17.1,4.1,mb,21,83.6,,,us,usp000j1w8,2014-11-07T01:44:52.851Z,"19 km SE of Muisne, Ecuador",earthquake,,,,2,reviewed,qui,us
2011-05-21T01:34:31.640Z,-3.625,-80.318,48.8,4.3,mb,18,165.2,,1.16,us,usp000j1x8,2014-11-07T01:44:53.066Z,"14 km SSW of Zarumilla, Peru",earthquake,,21.3,,13,reviewed,us,us
2011-05-28T19:37:02.480Z,-2.369,-81.632,24.5,4.5,mb,87,64.4,,1.01,us,usp000j2cb,2022-07-19T16:23:46.651Z,"77 km WSW of Salinas, Ecuador",earthquake,,15.2,,56,reviewed,us,us
2011-06-18T22:11:23.330Z,-5.825,-80.691,69.7,4.8,mb,196,65.3,,0.9,us,usp000j3d8,2022-04-08T21:51:33.549Z,"33 km SSE of Sechura, Peru",earthquake,,5.9,,146,reviewed,us,us
2011-06-19T00:20:03.800Z,-5.963,-80.976,10,5.5,mwb,206,66.6,,1.23,us,usp000j3dg,2022-07-19T18:10:41.890Z,"48 km SSW of Sechura, Peru",earthquake,,,,,reviewed,us,us
2011-07-14T23:28:02.590Z,-3.634,-77.374,35.5,4,mb,21,92.3,,1.02,us,usp000j4xf,2014-11-07T01:45:22.016Z,"105 km W of Alianza Cristiana, Peru",earthquake,,10,,5,reviewed,us,us
2011-07-21T23:23:48.050Z,-1.812,-77.724,161.9,4.6,mb,174,83.3,,0.72,us,usp000j59n,2015-03-24T02:43:02.782Z,"29 km ESE of Palora, Ecuador",earthquake,,3.8,,113,reviewed,us,us
2011-07-22T08:20:31.770Z,-2.65,-80.313,60,4.1,mb,34,120,,0.73,us,usp000j5af,2014-11-07T01:45:25.022Z,"8 km ESE of Playas, Ecuador",earthquake,,19,,15,reviewed,us,us
2011-07-25T18:25:10.270Z,-5.348,-76.608,110.3,5.2,mwc,333,33.6,,0.83,us,usp000j5gc,2025-12-22T16:04:45.190Z,"57 km S of Barranca, Peru",earthquake,,,,,reviewed,us,gcmt
2011-07-26T20:58:29.410Z,-2.664,-76.609,123,5,mwc,409,50.3,,0.83,us,usp000j5j0,2025-12-22T16:04:50.288Z,"91 km NNW of Alianza Cristiana, Peru",earthquake,,,,,reviewed,us,gcmt
2011-08-04T16:45:52.060Z,-1.71,-81.501,35,4,mb,24,88.6,,1.31,us,usp000j5z3,2014-11-07T01:45:33.844Z,"82 km NW of Salinas, Ecuador",earthquake,,,,3,reviewed,us,us
2011-08-15T02:53:18.660Z,-1.814,-76.908,177.2,5.7,mww,536,18.5,,0.89,us,usp000j6fy,2022-04-08T21:59:00.121Z,"118 km E of Palora, Ecuador",earthquake,,,,,reviewed,us,us
2011-08-18T05:23:44.620Z,-2.925,-79.95,32.3,4.6,mb,94,150.1,,1,us,usp000j6mj,2015-03-24T02:22:57.485Z,"15 km W of Baláo, Ecuador",earthquake,,,,70,reviewed,us,us
2011-09-02T03:46:09.310Z,-3.528,-79.649,85.9,4.9,mb,110,61.7,,0.84,us,usp000j7cz,2015-03-24T01:54:00.418Z,"17 km NNE of Piñas, Ecuador",earthquake,,6,,74,reviewed,us,us
2011-09-14T17:06:09.910Z,-3.753,-80.915,55.5,4.3,mb,18,91.1,,1.17,us,usp000j81x,2014-11-07T01:45:53.669Z,"27 km WSW of Zorritos, Peru",earthquake,,14.3,,4,reviewed,us,us
2011-09-25T00:35:08.670Z,-5.962,-81.772,35.1,5.1,mwc,241,62.3,,0.94,us,usp000j8h4,2025-12-22T15:20:09.598Z,"114 km WSW of Sechura, Peru",earthquake,,6.2,,,reviewed,us,gcmt
2011-09-30T12:34:36.940Z,-2.205,-79.843,32.7,4.6,mb,20,115,,1.45,us,usp000j8s8,2015-03-24T01:21:32.098Z,"3 km SSE of Eloy Alfaro, Ecuador",earthquake,,27.4,,7,reviewed,us,us
2011-10-14T21:09:09.840Z,-4.371,-76.923,111,4.4,mb,20,88.5,,1.17,us,usp000j9bs,2014-11-07T01:46:06.803Z,"57 km NNW of Barranca, Peru",earthquake,,15.5,,8,reviewed,us,us
2011-10-17T15:22:40.660Z,-5.487,-77.327,20.7,4.7,mb,70,108.9,,0.96,us,usp000j9fk,2015-03-24T01:21:55.939Z,"55 km N of Segunda Jerusalén - Azunguillo, Peru",earthquake,,8.2,,32,reviewed,us,us
2011-10-24T18:41:48.660Z,-2.825,-75.563,56.6,4.3,mb,19,103.2,,1.32,us,usp000j9uy,2014-11-07T01:46:10.836Z,"120 km NE of Alianza Cristiana, Peru",earthquake,,10.2,,4,reviewed,us,us
2011-10-29T13:50:49.000Z,-0.13,-78.37,3,4,mb,19,86.5,,,us,usp000ja2x,2021-10-20T18:17:30.410Z,"20 km ENE of Quito, Ecuador",earthquake,,,,3,reviewed,qui,us
2011-10-29T18:24:41.140Z,0.172,-77.326,24.3,4.5,mb,67,47.4,,1.28,us,usp000ja33,2015-03-24T02:24:50.630Z,"48 km W of Nueva Loja, Ecuador",earthquake,,3.8,,36,reviewed,us,us
2011-10-29T20:45:03.200Z,-2.397,-79.236,35,4.6,mb,38,49.3,,1.24,us,usp000ja37,2014-11-07T01:46:12.403Z,"11 km ENE of La Troncal, Ecuador",earthquake,,,,24,reviewed,us,us
2011-11-09T18:22:56.440Z,-4.59,-77.475,24.4,4.9,mb,156,80.6,,0.95,us,usp000jamx,2022-04-08T22:11:19.191Z,"northern Peru",earthquake,,9.9,,85,reviewed,us,us
2011-11-14T06:24:29.960Z,-5.96,-81.851,20.5,4.5,mb,32,68.4,,1.03,us,usp000jav6,2014-11-07T01:46:21.106Z,"122 km WSW of Sechura, Peru",earthquake,,18.1,,17,reviewed,us,us
2011-11-17T01:57:05.730Z,-1.702,-81.546,26.6,6,mww,499,37.6,,0.74,us,usp000jayv,2024-06-17T18:25:40.839Z,"87 km NW of Salinas, Ecuador",earthquake,,6.1,,,reviewed,us,us
2011-11-19T06:51:39.510Z,-1.615,-81.524,46.2,4.7,mb,42,108.9,,1.07,us,usp000jb3m,2014-11-07T01:46:22.820Z,"91 km NW of Salinas, Ecuador",earthquake,,7.8,,19,reviewed,us,us
2011-11-22T05:24:17.880Z,-4.614,-80.626,75.6,4.4,mb,17,94.7,,0.71,us,usp000jb8d,2014-11-07T01:46:23.695Z,"24 km N of Querecotillo, Peru",earthquake,,10.2,,2,reviewed,us,us
2011-11-22T11:05:42.760Z,-1.644,-81.562,37.7,4.2,mb,24,89.3,,0.62,us,usp000jb8u,2014-11-07T01:46:23.769Z,"92 km NW of Salinas, Ecuador",earthquake,,10.2,,7,reviewed,us,us
2011-11-26T06:37:25.210Z,-1.615,-81.648,42.6,4.5,mb,48,83.9,,1.03,us,usp000jbdt,2014-11-07T01:46:24.859Z,"101 km NW of Salinas, Ecuador",earthquake,,11.5,,25,reviewed,us,us
2011-11-27T23:53:56.970Z,-2.814,-80.072,70.1,4.5,mb,52,91.9,,0.58,us,usp000jbgb,2014-11-07T01:46:25.254Z,"30 km WNW of Baláo, Ecuador",earthquake,,5.9,,27,reviewed,us,us
2011-11-30T02:01:58.140Z,-4.424,-77.111,38.1,4.6,mb,45,93.2,,1.04,us,usp000jbmr,2020-04-16T16:38:48.287Z,"66 km NW of Barranca, Peru",earthquake,,7.3,,16,reviewed,us,us
2011-12-08T10:04:52.700Z,-5.13,-77.942,47.4,4.4,mb,28,93.9,,1.37,us,usp000jbyq,2014-11-07T01:46:32.096Z,"67 km N of Yambrasbamba, Peru",earthquake,,10.6,,7,reviewed,us,us
2011-12-30T07:13:02.440Z,-1.958,-78.723,127.6,4.6,mb,61,81.9,,1.07,us,usp000jctz,2014-11-07T01:46:38.677Z,"30 km NNE of Alausí, Ecuador",earthquake,,7.4,,49,reviewed,us,us
2011-12-31T00:53:55.220Z,1.734,-77.294,95.7,4.7,mb,99,73.9,,0.77,us,usp000jcve,2014-11-07T01:46:38.949Z,"4 km ESE of El Rosario, Colombia",earthquake,,4.8,,83,reviewed,us,us
2012-01-10T18:07:12.990Z,-0.74,-80.28,49.5,5,mb,171,46.7,,1.07,us,usp000jdan,2022-05-03T15:26:20.594Z,"7 km NW of Tosagua, Ecuador",earthquake,,5.4,,116,reviewed,us,us
2012-01-12T06:59:02.180Z,0.551,-79.697,51.1,4.5,mb,43,93.1,,1.11,us,usp000jdcx,2014-11-07T01:46:46.559Z,"35 km NW of Rosa Zarate, Ecuador",earthquake,,7.3,,19,reviewed,us,us
2012-02-01T15:38:07.140Z,2.008,-80.153,10,4.5,mb,31,77.2,,1.18,us,usp000je8r,2014-11-07T01:46:55.323Z,"128 km NNW of Esmeraldas, Ecuador",earthquake,,,,11,reviewed,us,us
2012-02-07T02:18:25.730Z,-3.608,-77.343,41.7,4.7,mb,197,55.6,,0.74,us,usp000jemc,2015-03-24T01:25:36.926Z,"102 km W of Alianza Cristiana, Peru",earthquake,,3.9,,139,reviewed,us,us
2012-02-08T10:54:42.290Z,0.658,-79.258,64.5,5.2,mwc,450,41,,0.91,us,usp000jepf,2025-12-22T16:12:16.822Z,"near the coast of Ecuador",earthquake,,,,,reviewed,us,gcmt
2012-02-24T02:56:45.970Z,-2.319,-76.269,158.9,4.6,mb,202,40.6,,1.04,us,usp000jf9y,2015-03-24T01:26:27.842Z,"129 km N of Alianza Cristiana, Peru",earthquake,,,,138,reviewed,us,us
2012-02-24T17:40:55.920Z,-3.833,-81.049,41.8,4.8,mb,23,62.5,,0.98,us,usp000jfb0,2014-11-07T01:47:04.005Z,"30 km N of Máncora, Peru",earthquake,,9.1,,4,reviewed,us,us
2012-03-06T18:14:08.400Z,-2.748,-77.936,88.8,4.5,mb,42,93.3,,1.28,us,usp000jfvr,2014-11-07T01:47:12.085Z,"41 km SE of Sucúa, Ecuador",earthquake,,7.3,,9,reviewed,us,us
2012-03-07T20:37:05.150Z,-1.693,-77.718,186.5,4.4,mb,29,140.3,,1.37,us,usp000jfx9,2014-11-07T01:47:12.450Z,"27 km E of Palora, Ecuador",earthquake,,8.1,,4,reviewed,us,us
2012-03-19T19:59:08.530Z,-5.839,-80.6,74.3,4.8,mb,155,136.7,,0.72,us,usp000jgg5,2015-03-24T01:27:30.956Z,"39 km SE of Sechura, Peru",earthquake,,5.8,,105,reviewed,us,us
2012-03-20T19:32:17.740Z,-1.602,-77.585,182,4.5,mb,59,122.3,,0.98,us,usp000jghw,2014-11-07T01:47:17.240Z,"43 km ENE of Palora, Ecuador",earthquake,,5.2,,26,reviewed,us,us
2012-03-28T18:37:56.070Z,-1.527,-81.443,42.7,4.3,mb,19,82.4,,0.88,us,usp000jgx5,2014-11-07T01:47:20.101Z,"93 km NW of Salinas, Ecuador",earthquake,,15.5,,3,reviewed,us,us
2012-03-28T18:39:08.560Z,-1.668,-81.516,41.2,4.3,mb,21,141.5,,1.18,us,usp000jgx6,2014-11-07T01:47:20.103Z,"87 km NW of Salinas, Ecuador",earthquake,,20.2,,3,reviewed,us,us
2012-03-29T22:27:38.610Z,-5.186,-80.789,57.4,4.2,mb,13,175,,0.92,us,usp000jgyw,2014-11-07T01:47:20.372Z,"13 km W of San Martin, Peru",earthquake,,15,,3,reviewed,us,us
2012-03-29T23:57:19.210Z,-2.065,-78.584,59.9,4.7,mb,107,84.8,,0.84,us,usp000jgyy,2014-11-07T01:47:20.386Z,"33 km ENE of Alausí, Ecuador",earthquake,,5.1,,63,reviewed,us,us
2012-04-03T03:08:08.020Z,-5.18,-80.583,63.9,5.4,mb,411,62,,0.82,us,usp000jh61,2025-12-22T16:23:47.810Z,"5 km ENE of Piura, Peru",earthquake,,4.5,,299,reviewed,us,us
2012-04-03T09:17:21.430Z,-5.275,-76.57,35.8,4.4,mb,63,96.9,,1.09,us,usp000jh6d,2014-11-07T01:47:25.584Z,"50 km SSE of Barranca, Peru",earthquake,,6.6,,36,reviewed,us,us
2012-04-07T23:54:42.590Z,-3.834,-81.215,42.3,4.2,mb,23,89.7,,0.91,us,usp000jhcr,2014-11-07T01:47:27.034Z,"35 km NNW of Máncora, Peru",earthquake,,15.3,,4,reviewed,us,us
2012-04-29T00:43:21.620Z,-2.318,-79.656,85.8,4.7,mb,63,87,,1.08,us,usp000jjr8,2015-03-24T01:28:48.035Z,"21 km SSW of Milagro, Ecuador",earthquake,,4.7,,27,reviewed,us,us
2012-04-30T17:22:31.380Z,-1.971,-77.347,4.8,4.5,mb,23,138.1,,1.17,us,usp000jjtt,2014-11-07T01:47:39.054Z,"74 km ESE of Palora, Ecuador",earthquake,,27.2,,8,reviewed,us,us
2012-05-23T10:24:06.740Z,-1.765,-77.781,163.4,4.6,mb,179,85.1,,0.94,us,usp000jktk,2014-11-07T01:47:51.601Z,"21 km ESE of Palora, Ecuador",earthquake,,,,128,reviewed,us,us
2012-06-08T04:19:03.410Z,-1.657,-81.511,33.5,4.8,mb,201,109.2,,0.84,us,usp000jmgs,2025-12-22T16:29:54.558Z,"87 km NW of Salinas, Ecuador",earthquake,,8.6,,159,reviewed,us,us
2012-06-16T00:19:38.640Z,-2.213,-76.2,42.6,4.8,mb,152,76.8,,0.97,us,usp000jmtv,2022-05-03T15:42:34.906Z,"141 km N of Alianza Cristiana, Peru",earthquake,,3.4,,83,reviewed,us,us
2012-06-16T20:35:14.440Z,-3.479,-77.555,33.1,4.5,mb,72,125.4,,0.95,us,usp000jmuw,2014-11-07T01:48:06.022Z,"114 km E of Gualaquiza, Ecuador",earthquake,,12.6,,38,reviewed,us,us
2012-06-18T13:34:50.450Z,-1.029,-78.671,35,4.9,mb,182,87,,1.18,us,usp000jmxm,2022-05-03T15:42:43.554Z,"8 km SSE of Pujilí, Ecuador",earthquake,,,,130,reviewed,us,us
2012-06-20T12:31:29.400Z,2.248,-76.354,158.4,4.7,mb,282,72.8,,0.92,us,usp000jn07,2014-11-07T01:48:07.311Z,"28 km E of Paispamba, Colombia",earthquake,,4,,180,reviewed,us,us
2012-06-27T12:17:30.990Z,-1.588,-80.796,53.6,4.5,mb,65,47.2,,1.15,us,usp000jna3,2015-03-24T01:30:51.338Z,"35 km SW of Jipijapa, Ecuador",earthquake,,7.6,,34,reviewed,us,us
2012-07-03T13:47:03.190Z,-4.035,-76.15,115.4,5.1,mb,383,78.2,,0.82,us,usp000jnja,2015-03-24T02:29:01.544Z,"69 km SSE of Alianza Cristiana, Peru",earthquake,,,,257,reviewed,us,us
2012-07-15T06:51:23.830Z,-1.526,-77.714,186.5,4.5,mb,149,92.5,,0.92,us,usp000jp18,2014-11-07T01:48:20.117Z,"32 km E of Puyo, Ecuador",earthquake,,,,114,reviewed,us,us
2012-07-30T05:19:46.860Z,-1.895,-80.747,47,4.8,mb,324,32.8,,0.85,us,usp000jpmx,2022-05-03T15:44:43.688Z,"38 km NNE of Santa Elena, Ecuador",earthquake,,4.7,,263,reviewed,us,us
2012-08-13T05:32:47.660Z,-5.697,-76.895,120.1,4.9,mb,436,45.5,,0.87,us,usp000jq8h,2014-11-07T01:48:33.645Z,"38 km NNE of Moyobamba, Peru",earthquake,,4.8,,298,reviewed,us,us
2012-08-21T04:34:22.050Z,-4.95,-77.205,27,4.5,mb,64,91.8,,0.86,us,usp000jqjw,2014-11-07T01:48:36.248Z,"60 km WSW of Barranca, Peru",earthquake,,12.7,,33,reviewed,us,us
2012-08-21T07:07:45.980Z,-0.074,-78.562,10,3.9,md,8,199.5,,1.49,us,usp000jqjz,2014-11-07T01:48:36.260Z,"17 km NNW of Quito, Ecuador",earthquake,,,,,reviewed,us,qui
2012-08-30T23:00:39.310Z,-3.008,-79.426,82.4,4.6,mb,123,62.8,,0.76,us,usp000jr6c,2014-11-07T01:48:40.105Z,"42 km SSE of Naranjal, Ecuador",earthquake,,5.4,,90,reviewed,us,us
2012-09-01T07:00:16.170Z,-3.4,-80.62,64.5,4.3,mb,34,92.8,,1.11,us,usp000jrd5,2014-11-07T01:48:44.351Z,"26 km NW of Tumbes, Peru",earthquake,,14,,21,reviewed,us,us
2012-09-13T18:13:43.760Z,1.809,-79.222,10,4.3,mb,15,161.8,,1.1,us,usp000js9f,2014-11-07T01:48:51.319Z,"47 km W of Tumaco, Colombia",earthquake,,,,3,reviewed,us,us
2012-09-15T05:14:24.070Z,-3.921,-80.351,35,4.3,mb,48,78.9,,1.16,us,usp000jsbk,2014-11-07T01:48:51.744Z,"31 km SSW of Matapalo, Peru",earthquake,,,,34,reviewed,us,us
2012-09-30T16:31:35.970Z,1.929,-76.362,170,7.3,mww,934,15.5,,0.87,us,usp000jta1,2022-05-03T15:51:10.914Z,"11 km WNW of San Agustín, Colombia",earthquake,,,,,reviewed,us,us
2012-10-04T00:23:46.000Z,-1.641,-81.256,6,4.1,mb,15,86.7,,,us,usp000jtgn,2014-11-07T01:49:02.287Z,"71 km NNW of Salinas, Ecuador",earthquake,,,,1,reviewed,qui,us
2012-10-20T10:56:40.570Z,2.669,-79.738,10,4.8,mb,264,144.3,,0.88,us,usp000ju78,2014-11-07T01:49:07.177Z,"138 km WNW of Salahonda, Colombia",earthquake,,,,224,reviewed,us,us
2012-10-22T12:56:28.310Z,-3.133,-77.56,21.4,4.4,mb,13,144,,0.59,us,usp000juaj,2014-11-07T01:49:07.850Z,"100 km SE of Sucúa, Ecuador",earthquake,,8.5,,7,reviewed,us,us
2012-10-25T20:49:35.760Z,-5.919,-76.074,24.5,5.4,mb,317,60.2,,0.88,us,usp000juep,2022-05-03T15:53:26.203Z,"5 km ESE of Yurimaguas, Peru",earthquake,,,,220,reviewed,us,us
2012-10-28T04:13:34.120Z,-2.227,-79.764,77.7,4.7,mb,30,142.6,,0.96,us,usp000jujb,2015-03-24T02:21:20.822Z,"11 km ESE of Eloy Alfaro, Ecuador",earthquake,,8.6,,11,reviewed,us,us
2012-11-05T18:04:42.100Z,-2.673,-77.58,49.9,4.6,mb,19,92.5,,1.19,us,usp000jv2v,2014-11-07T01:49:18.503Z,"69 km ESE of Sucúa, Ecuador",earthquake,,11.1,,3,reviewed,us,us
2012-11-12T14:08:33.540Z,-5.243,-76.447,35,4.6,mb,23,92.4,,1.17,us,usp000jvev,2014-11-07T01:49:21.243Z,"51 km SSE of Barranca, Peru",earthquake,,,,7,reviewed,us,us
2012-11-13T01:56:46.760Z,-1.736,-81.577,47.4,5.1,mb,342,40,,0.8,us,usp000jvgg,2025-12-22T16:34:28.306Z,"87 km NW of Salinas, Ecuador",earthquake,,4,,260,reviewed,us,us
2012-11-28T03:09:48.720Z,-4.522,-76.101,118.3,5.6,mww,647,20.2,,0.85,us,usp000jw5y,2024-06-17T20:40:04.078Z,"72 km ENE of Barranca, Peru",earthquake,,3.9,,,reviewed,us,us
2012-12-10T10:50:52.380Z,2.167,-76.04,53.6,4.3,mb,22,80.9,,0.99,us,usp000jwsr,2014-11-07T01:49:35.080Z,"7 km WSW of La Argentina, Colombia",earthquake,,8.5,,4,reviewed,us,us
2012-12-11T17:13:24.540Z,-1.707,-81.578,49.6,4.4,mb,56,89.9,,0.75,us,usp000jwur,2014-11-07T01:49:35.508Z,"89 km NW of Salinas, Ecuador",earthquake,,6.5,,29,reviewed,us,us
2013-01-04T19:46:25.910Z,-1.484,-77.531,192.3,4.7,mb,130,93.2,,0.93,us,usp000jxtm,2014-11-07T01:49:46.039Z,"52 km E of Puyo, Ecuador",earthquake,,,,82,reviewed,us,us
2013-01-15T22:34:50.000Z,-5.74,-80.66,40,4.6,mb,97,64.8,,,us,usb000epnx,2022-05-03T16:03:40.239Z,"27 km SE of Sechura, Peru",earthquake,,,,59,reviewed,lim,us
2013-01-16T07:04:14.860Z,-5.822,-76.924,25.5,4.2,mb,35,90.5,,0.98,us,usp000jyfs,2014-11-07T01:49:50.735Z,"24 km NNE of Moyobamba, Peru",earthquake,,15.2,,21,reviewed,us,us
2013-01-17T13:12:49.890Z,-0.618,-80.197,36.6,4.4,mb,33,62.8,,1.02,us,usp000jyh6,2015-03-24T02:11:50.487Z,"14 km NW of Chone, Ecuador",earthquake,,7.8,,7,reviewed,us,us
2013-01-20T07:02:59.450Z,-1.366,-80.89,37.8,4.4,mb,31,63.6,,1.03,us,usp000jym2,2014-11-07T01:49:51.626Z,"34 km W of Jipijapa, Ecuador",earthquake,,8,,8,reviewed,us,us
2013-02-09T14:16:07.880Z,1.135,-77.393,145,6.9,mww,562,23.7,,0.91,us,usc000f4ij,2022-07-24T17:45:19.488Z,"2 km NNE of Yacuanquer, Colombia",earthquake,,,,,reviewed,us,us
2013-02-18T04:51:55.350Z,-3.54,-76.881,109.9,4.7,mb,189,116.6,,0.89,us,usc000f9kl,2014-11-07T01:50:09.316Z,"50 km W of Alianza Cristiana, Peru",earthquake,,5.6,,146,reviewed,us,us
2013-02-24T09:00:00.530Z,0.977,-78.464,10,4.5,mb,24,140.2,,1.14,us,usc000fcg3,2022-07-24T18:55:36.418Z,"53 km SE of San Lorenzo de Esmeraldas, Ecuador",earthquake,,,,24,reviewed,us,us
2013-02-27T15:56:09.980Z,-3.51,-78.674,93.9,4.5,mb,37,95.2,,0.98,us,us2013mdcv,2014-11-07T01:50:12.387Z,"15 km SW of Gualaquiza, Ecuador",earthquake,,,,15,reviewed,us,us
2013-03-14T21:02:45.300Z,-1.548,-81.174,35,4.2,mb,15,165.6,,1.36,us,us2013mtb7,2014-11-07T01:50:20.405Z,"69 km WSW of Jipijapa, Ecuador",earthquake,,,,2,reviewed,us,us
2013-03-15T05:34:20.730Z,-3.089,-75.656,130.6,4.3,mb,90,69.1,,1.01,us,usb000fl8p,2014-11-07T01:50:20.516Z,"96 km ENE of Alianza Cristiana, Peru",earthquake,,8.2,,74,reviewed,us,us
2013-04-05T02:19:26.830Z,-0.829,-80.699,29,4,mb,18,109.7,,1.25,us,us2013nqdu,2014-11-07T01:50:30.561Z,"14 km N of Manta, Ecuador",earthquake,,22.5,,1,reviewed,us,us
2013-04-09T00:32:25.910Z,-5.845,-80.345,62.4,4.3,mb,26,64.8,,1.48,us,usb000g2nj,2014-11-07T01:50:31.882Z,"53 km WSW of Pueblo Nuevo, Peru",earthquake,,11.4,,11,reviewed,us,us
2013-04-10T00:52:48.390Z,-2.074,-79.562,88.1,4.5,mb,54,65.9,,0.77,us,usb000g3ng,2022-07-24T23:12:34.519Z,"7 km NNE of Milagro, Ecuador",earthquake,,5.3,,29,reviewed,us,us
2013-04-23T21:15:27.390Z,-1.607,-77.767,161.8,4.3,mb,42,148.6,,0.66,us,usb000gekc,2014-11-07T01:50:38.022Z,"24 km ENE of Palora, Ecuador",earthquake,,6.6,,34,reviewed,us,us
2013-04-29T02:32:50.000Z,-3.217,-78.544,90,4.9,mb,353,48.7,,0.9,us,usb000ghc6,2014-11-07T01:50:39.444Z,"21 km NNE of Gualaquiza, Ecuador",earthquake,,5.3,,296,reviewed,us,us
2013-05-12T13:14:28.530Z,-3.119,-77.665,21,4.6,mb,101,48.1,,0.75,us,us2013qca7,2014-11-07T01:50:47.733Z,"92 km SE of Sucúa, Ecuador",earthquake,,8.4,,68,reviewed,us,us
2013-05-14T13:16:35.350Z,-1.153,-77.504,170.5,4.4,mb,43,160.4,,0.68,us,us2013qeas,2014-11-07T01:50:48.246Z,"38 km ESE of Tena, Ecuador",earthquake,,6.4,,36,reviewed,us,us
2013-05-20T06:15:17.820Z,-5.713,-78.342,63.5,4.3,mb,35,91,,0.83,us,usp000k0tx,2014-11-07T01:50:51.064Z,"9 km ENE of Cajaruro, Peru",earthquake,,7.7,,22,reviewed,us,us
2013-05-24T05:42:12.460Z,-1.653,-78.108,72.3,4.8,mb,78,79,,0.85,us,usb000h4jn,2022-07-25T02:52:47.742Z,"16 km WNW of Palora, Ecuador",earthquake,,5.9,,100,reviewed,us,us
2013-06-10T14:21:16.820Z,-5.564,-81.628,43.8,4.9,mb,231,65.7,,0.64,us,usc000hkbe,2025-12-22T16:40:52.589Z,"77 km SW of Paita, Peru",earthquake,,,,184,reviewed,us,us
2013-06-12T19:58:14.070Z,-1.318,-78.782,123.8,4.8,mb,250,137,,0.83,us,usc000hng0,2022-07-25T16:27:09.806Z,"19 km WSW of Ambato, Ecuador",earthquake,,5.7,,232,reviewed,us,us
2013-06-14T09:59:26.540Z,-4.532,-80.682,25.6,4.3,mb,98,138,,0.84,us,usc000hqkf,2014-11-07T01:51:04.304Z,"34 km N of Querecotillo, Peru",earthquake,,5.5,,91,reviewed,us,us
2013-06-26T10:51:29.400Z,-2.579,-80.424,34.8,4.5,mb,58,93,,1.13,us,usc000i0nq,2014-11-07T01:51:07.584Z,"7 km NW of Playas, Ecuador",earthquake,,3,,55,reviewed,us,us
2013-06-27T16:34:37.880Z,2.205,-79.817,19.9,4.5,mb,46,82,,0.87,us,usp000k1ha,2014-11-07T01:51:07.830Z,"122 km WNW of Tumaco, Colombia",earthquake,,5.3,,35,reviewed,us,us
2013-06-28T18:46:38.290Z,-2.786,-76.331,125.9,4.2,mb,15,93,,1.17,us,usp000k1j9,2014-11-07T01:51:08.035Z,"77 km N of Alianza Cristiana, Peru",earthquake,,9.6,,9,reviewed,us,us
2013-07-09T05:54:18.940Z,-4.633,-80.623,86.7,4.2,mb,18,171,,0.86,us,usp000k1uj,2014-11-07T01:51:14.490Z,"Peru-Ecuador border region",earthquake,,11.3,,12,reviewed,us,us
2013-07-15T02:36:51.000Z,-0.65,-81,16.8,4.3,mb,9,100,,,us,usp000k20y,2014-11-07T01:51:16.214Z,"47 km NW of Manta, Ecuador",earthquake,,,,5,reviewed,qui,us
2013-07-17T12:59:16.000Z,-5.95,-76.16,74,4.6,ml,4,100,,,us,usb000ifz9,2014-11-07T01:51:17.448Z,"6 km SW of Yurimaguas, Peru",earthquake,,,,,reviewed,lim,lim
2013-07-28T16:57:33.950Z,-5.783,-80.73,46.8,4.6,mb,110,65,,0.69,us,usc000ir62,2014-11-07T01:51:21.134Z,"27 km SSE of Sechura, Peru",earthquake,,4,,95,reviewed,us,us
2013-07-29T03:47:56.000Z,-5.6,-80.92,38,4.2,mb,10,100,,,us,usc000irdk,2014-11-07T01:51:21.237Z,"11 km WSW of Sechura, Peru",earthquake,,,,9,reviewed,lim,us
2013-07-31T10:28:08.000Z,-5.16,-80.74,56,4.5,mb,113,100,,,us,usc000itb4,2014-11-07T01:51:21.781Z,"8 km WNW of San Martin, Peru",earthquake,,,,107,reviewed,lim,us
2013-08-12T09:49:32.360Z,-5.3962,-81.9268,10,6.2,mww,,26,3.913,1.27,us,usb000j10u,2022-07-25T20:19:53.266Z,"96 km WSW of Paita, Peru",earthquake,,1.7,,,reviewed,us,us
2013-08-12T14:33:27.900Z,-5.215,-81.8787,10,4.2,mb,,195,17.406,0.43,us,usb000j7q1,2013-10-12T21:32:39.000Z,"85 km W of Paita, Peru",earthquake,,1.9,0.215,,reviewed,us,us
2013-08-15T05:48:55.090Z,-5.5284,-81.9837,41.36,4.3,mb,,66,8.184,0.62,us,usb000ja90,2013-10-19T02:41:42.000Z,"107 km WSW of Paita, Peru",earthquake,,7.1,0.099,,reviewed,us,us
2013-08-16T05:29:57.000Z,-2.8872,-78.6475,25,3.9,mb,,,,1.8,us,usb000j4te,2013-10-19T02:41:46.000Z,"14 km E of Gualaceo, Ecuador",earthquake,,2,0.193,,reviewed,us_qui,us
2013-08-22T15:50:38.550Z,-1.9051,-77.5896,159.03,4.3,mb,,100,7.464,0.82,us,usb000j9gv,2013-10-25T20:09:40.000Z,"47 km ESE of Palora, Ecuador",earthquake,,7.6,0.085,,reviewed,us,us
2013-09-07T04:22:41.940Z,-5.4003,-81.8795,37.6,4.3,mb,,88,3.869,0.89,us,usc000jwv1,2013-11-15T03:20:26.000Z,"91 km WSW of Paita, Peru",earthquake,,8.1,0.177,,reviewed,us,us
2013-09-14T17:00:08.540Z,-2.1665,-78.6629,118.83,4.5,mb,,64,2.397,0.8,us,usc000jufn,2022-07-25T22:09:03.369Z,"20 km E of Alausí, Ecuador",earthquake,,6.9,0.046,,reviewed,us,us
2013-09-15T09:59:01.320Z,-4.9142,-80.9002,59.48,4.5,mb,,78,5.672,0.56,us,usc000juuk,2013-11-19T17:38:01.000Z,"6 km E of La Huaca, Peru",earthquake,,7.9,0.097,,reviewed,us,us
2013-09-18T10:26:02.040Z,-5.3895,-81.1984,44.83,4.5,mb,,48,3.282,0.76,us,usc000jwzv,2013-12-09T21:11:07.000Z,"34 km SSW of Paita, Peru",earthquake,,6.1,0.085,,reviewed,us,us
2013-09-18T14:49:11.780Z,-2.6456,-79.773,65.24,4.3,mb,,85,3.154,0.55,us,usb000jyfl,2013-12-09T21:11:08.000Z,"17 km W of Naranjal, Ecuador",earthquake,,8.8,0.177,,reviewed,us,us
2013-09-23T07:55:52.770Z,-1.6483,-77.9096,158.73,4.5,mb,,49,1.949,0.97,us,usb000jxun,2013-12-09T21:11:13.000Z,"8 km NE of Palora, Ecuador",earthquake,,6,0.057,,reviewed,us,us
2013-09-28T15:28:58.860Z,2.6304,-79.2639,39.72,4.6,mb,,153,0.955,0.96,us,usb000k1kw,2013-12-13T09:00:35.000Z,"91 km W of Mosquera, Colombia",earthquake,,7.2,0.103,,reviewed,us,us
2013-10-16T10:24:47.590Z,0.7725,-78.0818,9.17,4.6,mb,,55,0.646,0.7,us,usb000kem8,2013-12-30T23:41:10.000Z,"22 km NW of El Ángel, Ecuador",earthquake,,4.2,0.065,,reviewed,us,us
2013-10-18T01:32:38.020Z,-1.0295,-81.3017,37.4,4.5,mb,,105,3.116,0.83,us,usb000kg5p,2022-07-25T23:56:13.724Z,"65 km W of Manta, Ecuador",earthquake,,7.4,0.064,,reviewed,us,us
2013-10-19T05:32:41.020Z,-1.6904,-81.0107,34.97,4.3,mb,,77,3.196,1.12,us,usb000kh4s,2013-12-30T23:41:14.000Z,"58 km S of Salinas, Ecuador",earthquake,,4.1,0.102,,reviewed,us,us
2013-10-24T00:37:20.000Z,-2.06,-79.79,57,4.5,mb,,,,1.63,us,usc000km1p,2022-07-26T00:24:23.709Z,"11 km WNW of Yaguachi Nuevo, Ecuador",earthquake,,5.2,0.128,,reviewed,qui,us
2013-11-01T07:30:09.820Z,0.2511,-79.9673,67.72,4.1,mb,,166,1.516,1.15,us,usb000kyeh,2014-01-10T10:03:41.000Z,"21 km NNE of Pedernales, Ecuador",earthquake,,9.3,0.197,,reviewed,us,us
2013-11-14T15:02:57.850Z,-5.7019,-78.305,56.42,4.7,mb,,122,5.901,1.46,us,usb000kxuc,2014-01-31T21:22:20.000Z,"13 km ENE of Cajaruro, Peru",earthquake,,8.7,0.076,,reviewed,us,us
2013-11-19T14:30:52.000Z,-5.99,-80.26,51,3.9,mb,,,,0.67,us,usb000l6qg,2014-02-11T02:18:50.000Z,"51 km SW of Pueblo Nuevo, Peru",earthquake,,5.9,0.194,,reviewed,lim,us
2013-11-23T20:50:18.930Z,-1.8716,-77.9259,144.26,4,mb,,136,2.159,0.63,us,usb000l7qa,2014-02-11T02:18:56.000Z,"19 km SSE of Palora, Ecuador",earthquake,,8,0.157,,reviewed,us,us
2013-11-25T19:43:01.120Z,-3.1694,-79.885,85.43,5,mb,,87,3.675,0.8,us,usb000l6bc,2014-02-11T02:18:59.000Z,"12 km NE of Machala, Ecuador",earthquake,,4.1,0.044,,reviewed,us,us
2013-11-30T16:38:54.080Z,-2.4929,-77.4392,108.35,4.8,mb,,127,2.894,0.89,us,usb000l8hl,2014-02-12T01:08:38.000Z,"77 km ESE of Macas, Ecuador",earthquake,,2.4,0.053,,reviewed,us,us
2013-12-05T17:03:02.650Z,2.4942,-79.7525,41.73,4.6,mb,,79,2.591,0.8,us,usb000lc12,2014-02-15T01:32:10.000Z,"131 km WNW of Salahonda, Colombia",earthquake,,6.2,0.079,,reviewed,us,us
2013-12-14T01:41:16.460Z,-2.8312,-80.5869,55.69,5,mb,,50,3.721,0.69,us,usc000lkg7,2014-02-21T23:00:54.000Z,"31 km SW of Playas, Ecuador",earthquake,,5.4,0.035,,reviewed,us,us
2013-12-27T21:14:25.640Z,-4.1639,-77.0478,64.72,4.5,mb,,140,4.591,1.48,us,usc000m06a,2014-02-28T08:44:10.000Z,"84 km NNW of Barranca, Peru",earthquake,,10.7,0.157,,reviewed,us,us
2014-01-06T20:05:44.800Z,-4.7987,-80.5954,45.24,4.7,mb,,87,3.19,0.77,us,usc000lxtc,2014-03-07T00:26:01.000Z,"4 km N of Huangala, Peru",earthquake,,6.3,0.053,122,reviewed,us,us
2014-01-08T15:39:17.510Z,-5.0123,-80.0008,72.1,4.6,mb,,88,2.645,0.8,us,usc000lynk,2014-03-15T03:38:37.000Z,"16 km NW of Paltashaco, Peru",earthquake,,6.4,0.091,38,reviewed,us,us
2014-01-09T11:07:35.690Z,2.9858,-75.9346,43.66,4.7,mb,,57,1.425,1.1,us,usc000lzax,2014-03-15T03:38:46.000Z,"22 km SW of Gaitania, Colombia",earthquake,,7.1,0.073,64,reviewed,us,us
2014-01-09T12:50:18.420Z,2.9737,-75.8432,26.17,5,mb,,61,1.397,0.92,us,usc000lzbq,2022-07-26T04:59:17.097Z,"19 km S of Gaitania, Colombia",earthquake,,4.3,0.033,347,reviewed,us,us
2014-01-09T14:03:30.060Z,2.9792,-75.8777,59.45,4.6,mb,,110,1.408,0.65,us,usb000m7dk,2022-07-26T07:13:27.587Z,"20 km SSW of Gaitania, Colombia",earthquake,,11,0.385,3,reviewed,us,us
2014-01-13T09:17:46.840Z,-5.2914,-78.455,49.5,4.5,mb,,97,1.832,1.14,us,usc000mdqh,2014-03-15T03:39:41.000Z,"35 km N of La Peca, Peru",earthquake,,8.9,0.241,5,reviewed,us,us
2014-01-13T20:45:29.000Z,-5.4,-80.72,38,3.9,mb,,,,1.32,us,usc000mdrf,2014-03-15T03:40:14.000Z,"2 km E of La Unión, Peru",earthquake,,8.6,0.258,5,reviewed,lim,us
2014-01-19T03:20:06.850Z,-4.2249,-77.563,10.04,4.3,mb,,126,3.007,0.89,us,usc000mgzj,2014-03-22T00:05:22.000Z,"119 km NW of Barranca, Peru",earthquake,,2.7,0.216,11,reviewed,us,us
2014-01-20T04:36:16.000Z,-1.99,-78.96,10,4.2,mb,,,,1.85,us,usc000mi05,2014-03-22T00:05:25.000Z,"26 km NNW of Alausí, Ecuador",earthquake,,1.9,0.147,13,reviewed,qui,us
2014-01-26T05:10:27.220Z,-3.8506,-80.8578,11,5.3,mwb,,26,4.081,0.99,us,usb000m8ad,2022-07-26T05:59:23.166Z,"25 km WNW of Cañaveral, Peru",earthquake,,1.6,0.071,19,reviewed,us,us
2014-02-16T16:55:59.810Z,-4.617,-78.3859,23.25,4.5,mb,,146,2.501,0.54,us,usb000myd0,2014-04-30T21:18:23.000Z,"87 km SE of Zamora, Ecuador",earthquake,,9.1,0.311,3,reviewed,us,us
2014-02-21T12:42:08.690Z,0.2182,-79.1133,41.63,4.6,mb,,85,0.662,0.52,us,usc000mvf8,2014-05-07T00:03:05.000Z,"41 km ESE of Rosa Zarate, Ecuador",earthquake,,7.5,0.064,81,reviewed,us,us
2014-02-22T15:35:49.530Z,-3.8254,-77.5038,48.59,4.3,mb,,95,3.405,1.4,us,usc000n450,2014-05-07T00:03:06.000Z,"124 km WSW of Alianza Cristiana, Peru",earthquake,,6,0.147,14,reviewed,us,us
2014-03-05T04:25:43.020Z,-3.9612,-76.3743,99.73,4.5,mb,,91,3.739,0.74,us,usb000n1c1,2014-05-15T02:23:05.000Z,"54 km S of Alianza Cristiana, Peru",earthquake,,6.1,0.122,20,reviewed,us,us
2014-03-06T02:31:21.000Z,-4.5,-79.74,65,3.6,mb,,,,0.56,us,usc000pjgn,2014-05-15T02:23:14.000Z,"11 km NE of Jilili, Peru",earthquake,,9.9,0.288,3,reviewed,lim,us
2014-03-09T02:10:58.150Z,0.3318,-77.6292,10,4.3,mb,,105,0.826,0.59,us,usc000n5qh,2014-05-15T02:23:48.000Z,"35 km E of Pimampiro, Ecuador",earthquake,,3.1,0.377,6,reviewed,us,us
2014-03-09T20:29:52.590Z,1.6575,-79.3537,6,5.6,mww,,62,1.674,0.84,us,usc000n62j,2022-07-26T08:59:44.963Z,"61 km NW of Valdez, Ecuador",earthquake,,1.1,,,reviewed,us,us
2014-03-14T20:53:53.710Z,-2.0488,-79.6126,96.28,4.9,mb,,42,2.55,0.9,us,usc000nbua,2022-07-26T09:34:17.489Z,"9 km NNW of Milagro, Ecuador",earthquake,,4.5,0.031,352,reviewed,us,us
2014-03-15T23:51:32.970Z,-5.5745,-80.9709,29,6.3,mww,,48,2.993,1.22,us,usc000nd0c,2022-07-26T09:40:12.093Z,"16 km W of Sechura, Peru",earthquake,,1.5,,,reviewed,us,us
2014-03-16T15:25:14.000Z,-5.69,-81,28,4.5,mb,,,,0.77,us,usc000ndjj,2014-05-16T21:51:43.000Z,"24 km SW of Sechura, Peru",earthquake,,2.8,0.145,18,reviewed,lim,us
2014-03-22T00:38:45.000Z,-5.43,-80.83,37,4.9,mb,,,,0.81,us,usc000nkkl,2014-05-24T00:54:38.000Z,"5 km WSW of Vice, Peru",earthquake,,3.8,0.027,468,reviewed,lim,us
2014-03-22T15:47:54.400Z,-2.7245,-79.4977,62.77,4.2,mb,,166,4.517,1.2,us,usc000nyu2,2014-05-24T00:54:40.000Z,"14 km ESE of Naranjal, Ecuador",earthquake,,8.8,0.175,10,reviewed,us,us
2014-03-25T07:21:29.000Z,-5.57,-81,36,4.1,mb,,,,0.89,us,usb000ptt2,2014-05-24T00:54:44.000Z,"19 km W of Sechura, Peru",earthquake,,7.3,0.198,8,reviewed,lim,us
2014-03-25T09:56:31.080Z,-2.2524,-79.2803,35,5.3,mb,,45,4.93,1.1,us,usc000npis,2022-07-26T10:28:45.435Z,"17 km ESE of Coronel Marcelino Maridueña, Ecuador",earthquake,,1.9,0.028,444,reviewed,us,us
2014-03-25T10:08:34.150Z,-2.1181,-79.1696,35,4.2,mb,,157,5.043,0.93,us,usc000p4qk,2014-05-24T00:54:45.000Z,"30 km ENE of Coronel Marcelino Maridueña, Ecuador",earthquake,,2,0.265,4,reviewed,us,us
2014-03-25T10:36:00.470Z,-2.1292,-79.1392,35,4.3,mb,,151,5.027,1.11,us,usc000p4pf,2014-05-24T00:54:45.000Z,"near the coast of Ecuador",earthquake,,2,0.122,19,reviewed,us,us
2014-03-25T15:11:42.840Z,-2.1922,-78.9896,31.54,4.1,mb,,149,4.009,0.58,us,usc000p4pm,2014-05-24T00:54:45.000Z,"15 km W of Alausí, Ecuador",earthquake,,7.6,0.175,10,reviewed,us,us
2014-03-26T09:16:07.520Z,-5.8758,-75.6601,80.33,4.3,mb,,77,2.991,0.77,us,usc000p59u,2014-05-29T23:32:05.000Z,"51 km E of Yurimaguas, Peru",earthquake,,6.9,0.109,27,reviewed,us,us
2014-04-14T05:23:43.040Z,0.6726,-77.9196,10,4,mb,,137,5.485,0.59,us,usb000qq3i,2014-07-01T02:38:07.000Z,"5 km NNE of El Ángel, Ecuador",earthquake,,2,0.52,1,reviewed,us,us
2014-04-29T10:57:41.610Z,0.775,-77.8322,61.93,4.4,mb,,131,5.351,0.71,us,usb000q3qw,2014-07-14T20:11:23.000Z,"13 km WSW of Tulcán, Ecuador",earthquake,,8.9,0.13,17,reviewed,us,us
2014-04-30T05:43:15.430Z,0.7311,-77.8344,49.16,4.8,mb,,77,4.154,1.05,us,usb000q4wu,2014-07-27T21:51:13.000Z,"Colombia-Ecuador border region",earthquake,,7.5,0.051,126,reviewed,us,us
2014-05-12T04:15:27.000Z,-4.21,-80.46,34,4.5,mb,,,,1.32,us,usb000qilx,2014-08-06T00:55:33.000Z,"34 km ESE of Papayal, Peru",earthquake,,2.5,0.096,32,reviewed,lim,us
2014-05-15T01:48:52.810Z,-5.5911,-80.9825,49.97,4.6,mb,,65,7.557,0.69,us,usb000qndw,2014-08-09T02:53:43.000Z,"18 km WSW of Sechura, Peru",earthquake,,6.6,0.065,87,reviewed,us,us
2014-05-25T15:52:53.220Z,-5.5285,-80.7445,76.3,4.4,mb,,79,2.829,0.79,us,usc000regl,2014-08-23T08:36:47.000Z,"8 km S of Bernal, Peru",earthquake,,5.8,0.117,23,reviewed,us,us
2014-05-26T00:05:59.000Z,-1.6,-77.79,194,4.2,mb,,,,1,us,usb000r3tk,2014-08-23T08:36:48.000Z,"22 km ENE of Palora, Ecuador",earthquake,,5.2,0.062,80,reviewed,qui,us
2014-05-29T22:15:10.300Z,-1.6587,-77.8616,164.97,4.4,mb,,84,5.465,0.79,us,usc000r8wh,2014-08-26T01:21:03.000Z,"12 km ENE of Palora, Ecuador",earthquake,,6.7,0.082,9,reviewed,us,us
2014-06-02T06:37:37.600Z,-1.4586,-77.652,173.04,4.7,mb,,43,5.687,0.9,us,usc000ra16,2014-08-26T01:21:10.000Z,"39 km E of Puyo, Ecuador",earthquake,,4.6,0.034,271,reviewed,us,us
2014-06-02T12:52:21.910Z,2.5704,-76.7868,145.21,4.4,mb,,81,2.189,0.97,us,usc000ra3c,2014-08-26T01:21:10.000Z,"9 km NE of Villa Rica, Colombia",earthquake,,1.7,0.101,28,reviewed,us,us
2014-06-13T01:14:38.820Z,-4.9425,-80.5138,53.05,4,mb,,171,3.03,0.74,us,usb000rrrs,2014-09-12T15:47:10.000Z,"14 km SE of Huangala, Peru",earthquake,,9,0.197,11,reviewed,us,us
2014-06-13T18:10:50.200Z,-1.2024,-80.9912,44.34,4.4,mb,,114,6.436,1.37,us,usb000rrrj,2014-09-12T15:47:09.000Z,"40 km SW of Manta, Ecuador",earthquake,,8.4,0.219,8,reviewed,us,us
2014-06-16T06:39:32.260Z,1.6444,-79.2557,14.97,5.7,mww,,51,4.802,0.98,us,usc000rfye,2022-07-26T17:11:14.783Z,"51 km NW of Pampanal de Bolívar, Ecuador",earthquake,,2.9,,,reviewed,us,us
2014-06-25T21:29:43.980Z,-2.5786,-76.4301,143.47,4.2,mb,,138,6.416,0.55,us,usb000rvkq,2014-09-26T11:49:37.000Z,"99 km N of Alianza Cristiana, Peru",earthquake,,8.3,0.115,22,reviewed,us,us
2014-06-27T12:56:38.060Z,2.9819,-79.4752,25.06,4.6,mb,,134,4.62,1.09,us,usc000rmrd,2014-09-26T11:49:40.000Z,"125 km WNW of Mosquera, Colombia",earthquake,,4.9,0.054,109,reviewed,us,us
2014-07-08T07:28:57.060Z,-1.1749,-77.2013,10,4.4,mb,,84,3.356,1.45,us,usb000rv6k,2014-10-04T20:00:00.000Z,"53 km S of Boca Suno, Ecuador",earthquake,,1.9,0.143,14,reviewed,us,us
2014-07-09T20:35:22.060Z,-2.0146,-77.02,117.76,4.2,mb,,185,5.267,1.24,us,usb000rucx,2014-10-10T08:02:10.000Z,"110 km ESE of Palora, Ecuador",earthquake,,24.6,0.303,3,reviewed,us,us
2014-07-16T23:19:41.770Z,-4.0148,-77.6646,115.28,4.2,mb,,95,3.183,0.56,us,usb000rx8k,2014-10-17T21:12:06.000Z,"122 km ESE of Gualaquiza, Ecuador",earthquake,,7.1,0.128,20,reviewed,us,us
2014-07-21T16:49:01.430Z,-1.5645,-77.702,194.26,4.1,mb,,89,3.528,0.99,us,usb000rv8d,2014-10-17T21:12:13.000Z,"32 km ENE of Palora, Ecuador",earthquake,,5.3,0.097,31,reviewed,us,us
2014-07-23T09:57:47.200Z,-5.7212,-81.0007,39.66,4.6,mb,,48,7.459,0.65,us,usb000rwgu,2014-10-25T01:49:33.000Z,"26 km SW of Sechura, Peru",earthquake,,5.9,0.063,79,reviewed,us,us
2014-07-28T15:26:36.000Z,-4.97,-79.53,92,4.4,mb,,,,0.88,us,usb000s18q,2014-10-25T01:49:41.000Z,"22 km NNW of Sapalache, Peru",earthquake,,5.1,0.115,26,reviewed,lim,us
2014-08-03T03:57:00.100Z,-1.698,-77.8042,156.4,4.8,mb,,126,5.433,0.69,us,usb000rzl8,2022-07-26T21:18:40.958Z,"17 km E of Palora, Ecuador",earthquake,,6,0.027,456,reviewed,us,us
2014-08-03T21:02:39.950Z,-3.9248,-80.9204,16.03,5.4,mwb,,53,8.969,0.64,us,usb000rzpi,2022-07-26T21:25:32.072Z,"24 km NE of Máncora, Peru",earthquake,,3.3,0.041,58,reviewed,us,us
2014-08-03T22:04:06.000Z,-4.01,-81.11,37,4.5,mb,,,,1.09,us,usb000rzpz,2014-10-29T19:52:59.000Z,"12 km NNW of Máncora, Peru",earthquake,,2.1,0.065,73,reviewed,lim,us
2014-08-03T22:09:35.000Z,-4.05,-81.19,44,4.5,mb,,,,1.08,us,usb000rzq1,2014-10-29T19:52:59.000Z,"17 km WNW of Máncora, Peru",earthquake,,5.4,0.064,81,reviewed,lim,us
2014-08-03T22:30:03.000Z,-4.1,-81.03,36,4.1,mb,,,,1.16,us,usb000s2x6,2014-10-29T19:52:59.000Z,"2 km ENE of Máncora, Peru",earthquake,,6.1,0.145,13,reviewed,lim,us
2014-08-12T19:58:00.130Z,-0.018,-78.3219,11.88,5.1,mb,,43,0.284,1.01,us,usb000s27f,2022-08-07T01:06:57.014Z,"20 km WSW of Cayambe, Ecuador",earthquake,,3.1,0.028,426,reviewed,us,us
2014-08-16T15:08:21.000Z,-0.17,-78.316,57.7,4.7,mb,,,,2.16,us,usb000s3dc,2022-07-26T22:22:45.451Z,"23 km NE of Sangolquí, Ecuador",earthquake,,6.5,0.142,15,reviewed,us,us
2014-08-17T16:30:31.210Z,0.0125,-78.4281,10,4.2,mb,,164,0.224,1.21,us,usc000s7yk,2022-07-27T02:43:37.779Z,"28 km NNE of Quito, Ecuador",earthquake,,1.9,0.186,9,reviewed,us,us
2014-08-21T08:09:55.960Z,-2.6898,-77.7105,97.63,4.4,mb,,132,3,0.96,us,usb000s4v5,2014-11-22T02:06:24.000Z,"57 km ESE of Sucúa, Ecuador",earthquake,7.7,7.2,0.055,108,reviewed,us,us
2014-08-23T18:15:47.350Z,-5.9248,-76.5105,59.99,4.6,mb,,86,2.224,1.12,us,usc000s9x3,2014-11-22T02:06:29.000Z,"43 km W of Yurimaguas, Peru",earthquake,8.6,7.6,0.152,14,reviewed,us,us
2014-08-26T21:31:58.600Z,-3.185,-80.9061,24.4,4.4,mb,,168,4.192,0.66,us,usb000s9sa,2014-11-22T02:06:37.000Z,"60 km NNW of Zorritos, Peru",earthquake,9.1,3.2,0.17,19,reviewed,us,us
2014-09-04T18:46:24.050Z,-1.2527,-77.6309,173.09,4.3,mb,,130,1.692,0.65,us,usb000s976,2014-12-05T23:36:32.040Z,"35 km SE of Tena, Ecuador",earthquake,8.7,8.2,0.143,17,reviewed,us,us
2014-09-09T07:12:39.340Z,-4.1467,-80.2684,94.25,4.8,mb,,48,3.505,1.03,us,usb000sam5,2014-12-05T23:36:40.040Z,"34 km W of Celica, Ecuador",earthquake,8,3.4,0.036,253,reviewed,us,us
2014-10-05T13:54:45.000Z,-4.4042,-76.3667,35.57,4.6,mb,,82,3.38,0.75,us,usb000siyl,2014-12-23T01:42:03.040Z,"58 km NE of Barranca, Peru",earthquake,8.6,6.3,0.066,87,reviewed,us,us
2014-10-11T23:27:09.320Z,1.4765,-79.4518,32.7,4.6,mb,,86,1.586,0.87,us,usb000sq10,2015-01-06T23:49:52.040Z,"57 km WNW of Valdez, Ecuador",earthquake,5.8,4.5,0.067,69,reviewed,us,us
2014-10-15T01:25:45.960Z,-2.148,-79.1361,105.35,4.7,mb,,110,2.466,0.63,us,usb000sma2,2022-07-27T04:57:06.310Z,"32 km W of Alausí, Ecuador",earthquake,8.7,7.4,0.047,155,reviewed,us,us
2014-10-19T06:48:57.670Z,-1.355,-77.9749,170.98,4.2,mb,,89,1.652,0.6,us,usb000ss1q,2015-01-15T20:03:32.040Z,"Ecuador",earthquake,14.7,3.6,0.166,11,reviewed,us,us
2014-10-20T19:33:21.830Z,0.6623,-77.8895,10,5.6,mwb,,27,0.702,0.95,us,usb000sp80,2022-07-27T05:26:07.751Z,"7 km NE of El Ángel, Ecuador",earthquake,5.5,1.7,0.054,33,reviewed,us,us
2014-10-20T19:46:01.850Z,0.649,-78.1159,10,4.2,mb,,114,0.528,0.4,us,usc000st5d,2015-01-15T20:03:35.040Z,"19 km W of El Ángel, Ecuador",earthquake,6.6,2,0.236,5,reviewed,us,us
2014-10-20T20:28:54.860Z,0.518,-77.9327,10,4.5,mb,,80,0.588,0.81,us,usb000spa1,2015-01-15T20:03:35.040Z,"11 km S of El Ángel, Ecuador",earthquake,5.5,1.9,0.101,30,reviewed,us,us
2014-10-20T22:24:55.910Z,0.6713,-77.9984,9.85,4.5,mb,,78,0.624,0.81,us,usb000spbu,2015-01-15T20:03:36.040Z,"8 km NW of El Ángel, Ecuador",earthquake,5.9,4.3,0.082,45,reviewed,us,us
2014-10-21T17:23:46.730Z,0.6817,-77.961,9.88,4.5,mb,,91,0.659,1.41,us,usb000spi3,2015-01-15T20:03:37.040Z,"6 km NNW of El Ángel, Ecuador",earthquake,7.9,5.9,0.089,38,reviewed,us,us
2014-10-29T14:52:13.420Z,0.8593,-77.8412,10,4.7,mb,,51,5.294,1.05,us,usb000srdg,2015-01-20T09:03:00.040Z,"7 km SW of Cumbal, Colombia",earthquake,7.4,1.8,0.041,203,reviewed,us,us
2014-11-09T13:26:45.400Z,-5.4918,-78.4447,39.26,4.8,mb,,90,1.633,0.75,us,usc000svud,2015-01-31T02:50:13.040Z,"13 km N of La Peca, Peru",earthquake,8.8,5.5,0.038,230,reviewed,us,us
2014-11-09T22:01:45.480Z,-3.9134,-80.255,60.82,4.3,mb,,120,8.704,0.71,us,usb000syrx,2015-01-31T02:50:14.040Z,"26 km SSW of Matapalo, Peru",earthquake,12.4,8.7,0.113,22,reviewed,us,us
2014-11-11T01:53:25.310Z,0.7094,-77.8274,32.43,4.4,mb,,75,5.397,0.23,us,usc000sw63,2015-01-31T02:50:17.040Z,"12 km N of San Gabriel, Ecuador",earthquake,9.6,6.7,0.085,45,reviewed,us,us
2014-11-11T14:02:43.070Z,-1.6946,-78.0986,154.92,4.7,mb,,86,5.412,0.55,us,usc000sw9l,2022-07-27T07:23:24.373Z,"14 km W of Palora, Ecuador",earthquake,9.7,5.6,0.038,237,reviewed,us,us
2014-11-20T22:59:44.220Z,-1.4619,-77.7931,157.51,4.2,mb,,132,1.811,0.79,us,usb000syfi,2015-02-18T03:30:48.040Z,"23 km E of Puyo, Ecuador",earthquake,10.3,1.8,0.076,54,reviewed,us,us
2014-11-26T11:18:38.280Z,-3.0169,-79.8333,80.4,4.9,mb,,53,9.392,0.64,us,usb000t07x,2022-07-27T08:48:04.784Z,"11 km S of Baláo, Ecuador",earthquake,10.1,3.8,0.035,279,reviewed,us,us
2014-11-28T04:06:16.400Z,-3.8779,-77.2101,114.16,4.5,mb,,83,3.443,0.84,us,usc000t5ya,2015-02-24T00:35:09.040Z,"96 km WSW of Alianza Cristiana, Peru",earthquake,9.4,6.5,0.191,19,reviewed,us,us
2014-11-29T18:30:08.370Z,-1.5628,-77.668,185.42,4.6,mb,,127,1.952,0.96,us,usb000t17v,2022-07-27T09:08:18.989Z,"Ecuador",earthquake,10.3,7,0.048,132,reviewed,us,us
2014-11-30T22:53:05.510Z,-4.0295,-80.6975,30.5,4.2,mb,,134,4.796,0.72,us,usb000t1ip,2015-02-24T00:35:14.040Z,"6 km NE of Papayal, Peru",earthquake,7.6,8,0.199,7,reviewed,us,us
2014-12-03T12:59:27.930Z,-2.1563,-76.7712,153.41,5.3,mb,,50,2.911,0.98,us,usb000t2ev,2025-12-22T17:02:27.964Z,"142 km ESE of Palora, Ecuador",earthquake,5,4.6,0.027,485,reviewed,us,us
2014-12-07T18:12:21.320Z,-1.177,-77.1998,192.86,4.3,mb,,140,1.881,0.8,us,usc000t4fr,2015-02-28T02:16:12.040Z,"53 km S of Boca Suno, Ecuador",earthquake,15,9.1,0.092,34,reviewed,us,us
2014-12-09T16:49:16.830Z,-2.2587,-79.2278,104.55,4.6,mb,,108,2.598,0.84,us,usc000t4zp,2022-07-27T10:05:03.791Z,"22 km NE of La Troncal, Ecuador",earthquake,9.8,6.9,0.061,86,reviewed,us,us
2014-12-21T17:40:40.320Z,-0.2976,-77.9071,10,4.9,mb,,89,0.76,1.47,us,usc000t8x9,2022-07-27T11:16:24.347Z,"45 km SE of Cayambe, Ecuador",earthquake,5,1.6,0.062,86,reviewed,us,us
2014-12-27T19:11:25.170Z,0.7567,-78.1271,10,4.4,mb,,108,0.608,0.91,us,usc000taac,2015-03-17T02:37:33.040Z,"25 km NW of El Ángel, Ecuador",earthquake,4.2,1.9,0.126,18,reviewed,us,us
2014-12-31T17:54:57.570Z,-3.0515,-79.4612,92.26,4.4,mb,,148,3.419,0.7,us,usc000tg00,2022-07-27T18:34:54.523Z,"42 km ESE of Baláo, Ecuador",earthquake,14.9,13.4,0.179,10,reviewed,us,us
2015-01-01T21:25:50.510Z,-1.4011,-77.6379,171.93,4.4,mb,,47,1.819,1.1,us,usc000tb72,2015-03-27T07:01:06.040Z,"41 km ENE of Puyo, Ecuador",earthquake,9,5.2,0.058,85,reviewed,us,us
2015-01-10T03:05:59.200Z,-3.3631,-76.7936,71.73,4.4,mb,,117,3.941,0.88,us,usc000teet,2015-04-10T18:56:28.040Z,"41 km WNW of Alianza Cristiana, Peru",earthquake,7.5,8.7,0.121,27,reviewed,us,us
2015-01-14T09:26:49.000Z,-3.65,-80.23,84,3.7,mb,,,,1.12,us,usc000ts8v,2015-04-10T18:56:37.040Z,"4 km NW of Matapalo, Peru",earthquake,11.6,9.2,0.355,2,reviewed,lim,us
2015-01-16T11:39:23.460Z,-3.3787,-79.9723,79.03,5.1,mb,,43,3.9,1.03,us,usc000tgde,2025-12-22T17:03:06.315Z,"7 km N of Santa Rosa, Ecuador",earthquake,4.9,4.6,0.033,315,reviewed,us,us
2015-01-24T20:39:31.000Z,0.8,-77.96,4,4.6,mb,,,,0.9,us,usc000titz,2022-07-27T17:37:18.139Z,"19 km N of El Ángel, Ecuador",earthquake,7.2,5.2,0.103,28,reviewed,qui,us
2015-02-01T23:33:00.050Z,-3.9127,-76.6179,115.65,5.1,mb,,57,3.657,0.81,us,usc000tktr,2025-12-22T17:03:33.040Z,"52 km SSW of Alianza Cristiana, Peru",earthquake,7.8,4.8,0.024,591,reviewed,us,us
2015-02-10T02:14:09.000Z,-0.82,-80.99,10,4,mb,,,,0.59,us,us10000a0a,2022-07-27T20:09:26.216Z,"34 km WNW of Manta, Ecuador",earthquake,7.9,5.7,0.211,6,reviewed,qui,us
2015-02-13T07:37:04.980Z,-1.7629,-77.7259,162.31,4,mb,,78,2.115,0.92,us,usb000tqck,2015-05-11T23:20:11.040Z,"27 km ESE of Palora, Ecuador",earthquake,12.3,3.4,0.134,15,reviewed,us,us
2015-02-13T19:38:53.670Z,-3.0552,-78.4249,97.56,4.8,mb,,57,3.27,0.86,us,usb000tp6k,2022-07-27T20:57:40.349Z,"42 km NNE of Gualaquiza, Ecuador",earthquake,7.9,4.5,0.053,122,reviewed,us,us
2015-02-22T12:56:24.400Z,2.7299,-76.5012,149,5.5,mww,,29,3.024,0.96,us,usc000tsa5,2022-07-27T22:36:01.079Z,"7 km SSW of Caldono, Colombia",earthquake,7.5,1.9,,,reviewed,us,us
2015-02-27T19:00:10.680Z,1.0649,-77.5007,113.46,4,mb,,93,1.256,1.32,us,usc000tttf,2015-05-19T00:29:00.040Z,"1 km NNW of Imués, Colombia",earthquake,11.2,18.7,0.173,9,reviewed,us,us
2015-02-28T04:53:11.170Z,-4.9311,-78.1821,67.42,4.6,mb,,95,2.199,0.45,us,usc000ttxg,2022-07-27T23:31:39.771Z,"80 km NNE of La Peca, Peru",earthquake,7.4,6.2,0.056,95,reviewed,us,us
2015-03-19T11:52:00.680Z,-3.3029,-80.5664,61.04,5,mb,,55,4.103,0.87,us,us10001ntk,2022-07-28T03:08:38.931Z,"31 km NNW of Tumbes, Peru",earthquake,8,5.6,0.031,334,reviewed,us,us
2015-03-27T21:59:39.270Z,-1.2012,-77.5836,195.03,5.5,mww,,25,1.671,0.68,us,us10001rcr,2022-07-28T04:53:32.195Z,"34 km SE of Tena, Ecuador",earthquake,7.2,3.6,,,reviewed,us,us
2015-04-06T10:45:41.080Z,-1.4648,-77.5592,186.61,4.5,mb,,140,1.911,0.74,us,us10001ub3,2015-06-16T01:00:29.040Z,"49 km E of Puyo, Ecuador",earthquake,9.6,6.2,0.039,191,reviewed,us,us
2015-04-28T11:19:50.500Z,-2.0856,-79.6231,89,5.4,mwb,,35,2.588,1.22,us,us200029t7,2025-12-22T17:06:38.026Z,"6 km NNW of Milagro, Ecuador",earthquake,7.9,1.8,0.051,37,reviewed,us,us
2015-05-01T07:42:39.520Z,-2.9948,-80.4261,55.37,4.5,mb,,68,3.769,0.68,us,us20002am5,2015-07-09T22:00:04.040Z,"40 km S of Playas, Ecuador",earthquake,8.2,6.3,0.061,80,reviewed,us,us
2015-05-12T04:10:03.150Z,-5.4382,-79.4654,87.82,4.5,mb,,154,7.004,0.41,us,us20002eiz,2015-07-17T07:06:09.040Z,"11 km SSW of Sondorillo, Peru",earthquake,10.5,5.4,0.094,33,reviewed,us,us
2015-05-12T14:11:08.090Z,-1.5056,-77.7011,172.12,4.5,mb,,74,1.886,0.68,us,us20002enx,2015-07-17T07:06:12.040Z,"33 km E of Puyo, Ecuador",earthquake,9.3,6.5,0.047,133,reviewed,us,us
2015-05-20T22:34:29.690Z,-3.0826,-77.5501,8.45,5.1,mb,,36,5.024,0.84,us,us10002azw,2022-05-03T17:22:45.347Z,"97 km SE of Sucúa, Ecuador",earthquake,8,3.3,0.039,212,reviewed,us,us
2015-05-22T06:02:37.000Z,-1.43,-81.04,5,4.3,mb,,,,1.29,us,us20002l9e,2015-07-29T01:35:32.040Z,"52 km W of Jipijapa, Ecuador",earthquake,4.8,4.5,0.177,9,reviewed,qui,us
2015-05-24T02:01:48.070Z,-3.4877,-81.6026,39.15,4.3,mb,,128,4.83,1.26,us,us20002lmt,2015-07-29T01:35:37.040Z,"92 km NW of Máncora, Peru",earthquake,14,8.7,0.217,6,reviewed,us,us
2015-05-25T04:12:23.160Z,-2.8392,-80.3393,10,4.3,mb,,164,4.686,1.03,us,us20002m0z,2015-07-29T01:35:41.040Z,"23 km SSE of Playas, Ecuador",earthquake,11.8,1.8,0.129,17,reviewed,us,us
2015-05-27T21:13:30.320Z,-2.1115,-77.9004,133.97,4.1,mb,,154,2.397,0.71,us,us20002mdj,2015-07-29T01:35:49.040Z,"32 km NE of Macas, Ecuador",earthquake,12.1,10.1,0.145,13,reviewed,us,us
2015-05-30T06:26:05.000Z,1.22,-79.57,13,5.3,mww,,,,0.88,us,us20002kha,2022-07-31T10:15:01.779Z,"30 km NNE of Esmeraldas, Ecuador",earthquake,7.2,3.2,,,reviewed,qui,us
2015-06-02T08:22:38.400Z,-3.9872,-76.0784,118.19,4.9,mb,,57,4.819,0.74,us,us20002l6x,2015-08-08T00:49:58.040Z,"69 km SE of Alianza Cristiana, Peru",earthquake,7.8,5,0.027,438,reviewed,us,us
2015-06-09T23:37:32.160Z,-1.5332,-77.4454,185.48,4.4,mb,,82,2.025,0.72,us,us20002ng8,2015-08-10T13:08:27.040Z,"60 km ENE of Palora, Ecuador",earthquake,8.3,6.2,0.043,156,reviewed,us,us
2015-07-04T11:29:26.010Z,-3.0833,-79.5899,78.92,4.4,mb,,102,3.489,0.75,us,us10002ne2,2015-09-30T00:20:55.040Z,"31 km SE of Baláo, Ecuador",earthquake,9.2,8.6,0.073,55,reviewed,us,us
2015-07-11T17:22:36.510Z,-2.2982,-79.0226,84.1,4.6,mb,,57,2.582,1.2,us,us20002wti,2022-07-31T17:54:20.002Z,"22 km WSW of Alausí, Ecuador",earthquake,7.6,6.5,0.05,118,reviewed,us,us
2015-07-11T22:55:52.900Z,-3.8519,-80.6193,49.33,4.6,mb,,54,3.942,0.63,us,us20002wuw,2022-07-31T17:58:09.218Z,"10 km NNE of Cañaveral, Peru",earthquake,8.2,6,0.059,86,reviewed,us,us
2015-07-12T09:47:04.310Z,-2.9616,-75.5919,134.87,4.3,mb,,130,4.273,0.63,us,us20002wwy,2015-10-09T20:19:13.040Z,"109 km ENE of Alianza Cristiana, Peru",earthquake,10.1,10.9,0.062,74,reviewed,us,us
2015-07-19T11:16:21.470Z,2.7567,-78.8985,10,4.9,mb,,54,0.931,0.82,us,us20002yi3,2025-12-22T17:08:19.964Z,"56 km WNW of Mosquera, Colombia",earthquake,6.6,1.8,0.037,235,reviewed,us,us
2015-07-27T10:33:36.050Z,-5.7583,-77.2881,40.58,4.4,mb,,107,1.754,1.23,us,us200030cp,2015-10-22T20:05:05.040Z,"25 km N of Segunda Jerusalén - Azunguillo, Peru",earthquake,5.5,9.8,0.088,38,reviewed,us,us
2015-07-28T02:42:21.340Z,-5.909,-75.0778,35.44,4.5,mb,,95,2.97,0.53,us,us200030pv,2015-10-22T20:05:09.040Z,"87 km ENE of Navarro, Peru",earthquake,7.3,7.3,0.069,61,reviewed,us,us
2015-08-04T01:30:18.710Z,-5.6539,-80.8257,45.27,4.1,mb,,176,6.314,0.93,us,us10002xs7,2015-10-30T02:47:47.040Z,"10 km S of Sechura, Peru",earthquake,10.8,14.4,0.158,11,reviewed,us,us
2015-08-18T04:49:07.470Z,-1.1346,-80.3506,62.43,4.5,mb,,141,2.338,0.76,us,us1000332g,2022-08-01T00:34:34.832Z,"8 km NNE of Santa Ana, Ecuador",earthquake,6,7.4,0.091,35,reviewed,us,us
2015-08-18T11:43:17.140Z,-0.2766,-80.1063,63.71,4.4,mb,,53,1.732,1.25,us,us20003fru,2015-11-17T00:13:35.040Z,"near the coast of Ecuador",earthquake,8.1,6.6,0.08,45,reviewed,us,us
2015-08-19T07:50:27.520Z,-1.0282,-80.5469,52.42,4.5,mb,,104,2.444,0.91,us,us100033b8,2022-08-01T00:49:03.380Z,"10 km WNW of Portoviejo, Ecuador",earthquake,8.1,8.2,0.124,19,reviewed,us,us
2015-08-24T22:16:36.780Z,-1.6777,-76.1909,56.79,4.2,mb,,77,2.953,0.86,us,us20003hb3,2015-11-24T02:09:33.040Z,"137 km SW of Pantoja, Peru",earthquake,8,6.8,0.121,19,reviewed,us,us
2015-09-02T14:30:33.000Z,-5.65,-76.77,28,4.6,mb,,,,0.58,us,us10003kz5,2015-12-01T00:36:11.040Z,"47 km NNE of Moyobamba, Peru",earthquake,11.5,6.6,0.182,9,reviewed,lim,us
2015-09-04T16:50:07.470Z,-2.0193,-77.0335,161.02,4.5,mb,,120,2.652,1.39,us,us20003gas,2015-12-05T01:40:26.040Z,"109 km ESE of Palora, Ecuador",earthquake,9.7,8,0.108,25,reviewed,us,us
2015-09-28T03:07:16.020Z,-5.2231,-76.8009,107.35,4.5,mb,,96,4.771,0.97,us,us20003plb,2015-12-28T23:08:46.040Z,"45 km SSW of Barranca, Peru",earthquake,9.6,5.5,0.07,59,reviewed,us,us
2015-09-28T08:15:57.740Z,-3.3186,-80.5986,10,4.8,mb,,55,4.133,0.93,us,us20003pmn,2022-05-03T17:32:36.982Z,"31 km NNW of Tumbes, Peru",earthquake,4,1.7,0.032,307,reviewed,us,us
2015-10-03T05:22:52.330Z,-3.3756,-77.6498,47.45,4.4,mb,,93,3.677,1.14,us,us10003jyh,2022-08-01T09:12:07.925Z,"103 km E of Gualaquiza, Ecuador",earthquake,9.3,7.8,0.093,33,reviewed,us,us
2015-10-03T09:20:13.610Z,-5.1172,-79.8908,79.78,4,mb,,230,5.51,1.08,us,us20004055,2016-01-04T22:28:54.040Z,"1 km SSW of Paltashaco, Peru",earthquake,8.9,9.7,0.3,3,reviewed,us,us
2015-10-04T15:56:40.730Z,-3.7887,-79.9273,57.7,4.6,mb,,162,4.262,1.03,us,us10003njn,2016-01-04T22:29:06.040Z,"29 km WSW of Piñas, Ecuador",earthquake,11.1,8.8,0.095,33,reviewed,us,us
2015-10-09T11:47:02.230Z,-2.4263,-79.5858,78.81,4.5,mb,,75,2.879,0.81,us,us10003mg3,2022-08-01T10:15:48.288Z,"27 km W of La Troncal, Ecuador",earthquake,8.6,7.7,0.061,79,reviewed,us,us
2015-10-15T10:07:28.140Z,-2.5015,-78.7623,97.13,5.4,mww,,26,2.738,1.03,us,us10003nud,2022-08-01T11:28:06.725Z,"20 km ENE of Cañar, Ecuador",earthquake,7.7,4.5,,,reviewed,us,us
2015-11-03T16:55:07.020Z,-1.8654,-80.3376,63.3,4.5,mb,,108,2.814,0.84,us,us200041sw,2022-08-01T15:39:03.195Z,"12 km WSW of Pedro Carbo, Ecuador",earthquake,6.8,8.9,0.121,20,reviewed,us,us
2015-11-05T04:13:54.910Z,-0.8072,-80.4981,38.99,4.3,mb,,94,2.295,0.83,us,us10003vz8,2022-08-01T18:10:11.739Z,"13 km NNW of Rocafuerte, Ecuador",earthquake,9.4,7.8,0.147,13,reviewed,us,us
2015-11-15T15:54:04.760Z,0.6504,-80.0534,10,4.2,mb,,83,1.654,0.71,us,us10003zbq,2016-02-13T02:08:23.040Z,"5 km NW of Muisne, Ecuador",earthquake,8.5,1.9,0.136,15,reviewed,us,us
2015-11-17T06:16:26.680Z,-2.2959,-79.2828,86.31,4.9,mb,,49,2.65,1,us,us10003ywg,2022-08-01T18:13:46.842Z,"15 km NNE of La Troncal, Ecuador",earthquake,8.7,6.3,0.037,236,reviewed,us,us
2015-12-02T03:45:22.180Z,-3.178,-76.6692,113.49,4.3,mb,,99,3.831,0.89,us,us100042lz,2016-02-25T22:33:05.040Z,"41 km NW of Alianza Cristiana, Peru",earthquake,9.3,9.4,0.154,12,reviewed,us,us
2015-12-03T15:32:02.220Z,-3.1174,-75.7314,110,4.8,mb,,107,4.3,1.34,us,us1000431r,2016-03-02T03:36:29.040Z,"87 km ENE of Alianza Cristiana, Peru",earthquake,7.2,7.1,0.076,53,reviewed,us,us
2015-12-13T21:45:50.930Z,-1.8091,-79.889,164.92,4.1,mb,,182,2.49,1.14,us,us100047wt,2016-03-05T01:42:05.040Z,"16 km NNE of El Triunfo, Ecuador",earthquake,15.3,10.4,0.185,8,reviewed,us,us
2015-12-19T12:07:45.600Z,-2.8639,-79.1096,78.41,4.5,mb,,91,3.15,0.96,us,us100048ux,2016-03-12T02:29:17.040Z,"12 km WNW of Cuenca, Ecuador",earthquake,6.4,6.8,0.116,22,reviewed,us,us
2015-12-23T02:34:23.600Z,-5.7881,-74.6515,25.87,4.6,mb,,73,2.731,0.86,us,us1000494f,2016-03-12T02:29:22.040Z,"67 km WNW of Santa Elena, Peru",earthquake,4.9,4.9,0.091,36,reviewed,us,us
2015-12-23T17:19:53.500Z,1.0111,-79.5217,40.69,4.4,mb,,151,1.141,1.3,us,us10004b7f,2016-03-12T02:29:23.040Z,"15 km ENE of Esmeraldas, Ecuador",earthquake,7.6,8.3,0.107,25,reviewed,us,us
2015-12-28T15:46:36.000Z,-3.84,-80.61,29,4.6,mb,,,,0.42,us,us20004v41,2016-03-18T01:13:05.040Z,"12 km NNE of Cañaveral, Peru",earthquake,16.9,7.8,0.222,6,reviewed,lim,us
2016-01-01T17:15:42.870Z,0.4792,-78.7732,27.1,4.8,mb,,53,0.401,1.15,us,us10004ar8,2022-08-02T02:16:54.324Z,"59 km WNW of Cotacachi, Ecuador",earthquake,7.3,5.1,0.055,104,reviewed,us,us
2016-01-02T15:02:11.810Z,-1.9616,-79.5232,95.55,4.3,mb,,203,2.433,1.13,us,us10004avx,2022-08-02T02:27:58.551Z,"5 km S of Alfredo Baquerizo Moreno, Ecuador",earthquake,12.8,15.1,0.143,14,reviewed,us,us
2016-01-06T01:28:21.830Z,2.8738,-75.7731,40.45,4.5,mb,,78,2.435,1.12,us,us10004bnl,2022-08-02T03:13:13.308Z,"16 km WSW of Santa María, Colombia",earthquake,8.8,6.7,0.078,48,reviewed,us,us
2016-01-25T22:34:47.130Z,1.8602,-79.2945,19.27,4.3,mb,,183,0.569,0.38,us,us20004vka,2016-04-08T23:06:15.040Z,"near the coast of Ecuador",earthquake,8.3,8,0.154,12,reviewed,us,us
2016-01-29T01:17:12.860Z,-3.788,-80.8819,48.18,4.5,mb,,137,4.678,0.95,us,us20004ve1,2016-04-14T22:51:32.040Z,"25 km WSW of Zorritos, Peru",earthquake,9.1,6.1,0.106,26,reviewed,us,us
2016-02-03T04:45:08.690Z,-5.7117,-77.1926,66.54,4.2,mb,,171,4.887,0.95,us,us20004y53,2016-04-14T22:51:41.040Z,"32 km NNE of Segunda Jerusalén - Azunguillo, Peru",earthquake,12.7,4.6,0.215,6,reviewed,us,us
2016-02-04T06:19:15.390Z,-1.5291,-77.6321,172.85,4.2,mb,,155,1.936,0.89,us,us20004yz3,2016-04-14T22:51:43.040Z,"41 km E of Puyo, Ecuador",earthquake,7.3,13.6,0.186,8,reviewed,us,us
2016-02-26T13:09:57.150Z,-4.7177,-80.7213,49.93,4.5,mb,,64,8.178,0.89,us,us10004swm,2016-05-06T23:34:14.040Z,"15 km NNW of Querecotillo, Peru",earthquake,10.9,7.1,0.094,33,reviewed,us,us
2016-03-04T11:25:47.490Z,-1.2586,-80.3765,35,4.3,mb,,63,6.163,0.99,us,us10004w3e,2016-05-16T18:01:42.040Z,"5 km ENE of Sucre, Ecuador",earthquake,5.7,2,0.129,17,reviewed,us,us
2016-03-06T00:54:41.400Z,-1.4279,-80.4011,10,5.1,mb,,46,2.557,0.86,us,us10004vl0,2022-08-07T10:09:41.880Z,"14 km NNE of Paján, Ecuador",earthquake,6.9,1.7,0.041,196,reviewed,us,us
2016-03-20T06:03:48.000Z,-5.66,-78.84,20,4.2,mb,,,,1.17,us,us20005ieb,2016-06-09T21:41:52.040Z,"3 km SSE of Las Pirias, Peru",earthquake,12.1,9.4,0.525,1,reviewed,lim,us
2016-03-21T08:31:15.680Z,-5.3572,-77.7188,35,4.6,mb,,92,5.51,0.83,us,us20005bep,2016-06-09T21:41:54.040Z,"47 km NNE of Yambrasbamba, Peru",earthquake,5.9,1.8,0.05,120,reviewed,us,us
2016-03-22T04:52:50.680Z,-3.4583,-79.7507,94.1,4,mb,,123,3.894,0.69,us,us20005dji,2016-06-09T21:41:56.040Z,"15 km SSE of Pasaje, Ecuador",earthquake,10.9,19.6,0.173,9,reviewed,us,us
2016-04-09T07:15:13.030Z,-4.3111,-78.3351,38.92,4.9,mb,,77,1.615,1.13,us,us20005giv,2022-05-03T17:44:03.794Z,"70 km SE of Yantzaza, Ecuador",earthquake,6.3,6.9,0.056,98,reviewed,us,us
2016-04-09T11:26:47.950Z,-2.3234,-77.6019,29.34,4.4,mb,,59,1.213,1.41,us,us20005gjy,2022-08-02T19:44:13.016Z,"56 km E of Macas, Ecuador",earthquake,3.6,5,0.103,27,reviewed,us,us
2016-04-09T22:28:56.880Z,-5.2906,-80.0844,74.24,4.3,mb,,150,0.924,1.23,us,us10005cme,2016-06-21T01:14:06.040Z,"8 km S of La Matanza, Peru",earthquake,5.1,6.8,0.103,27,reviewed,us,us
2016-04-13T17:21:07.950Z,-1.6015,-78.0544,185.51,4.1,mb,,51,0.821,1.2,us,us20005keh,2016-06-21T01:14:11.040Z,"14 km SSW of Puyo, Ecuador",earthquake,9.1,8.2,0.185,8,reviewed,us,us
2016-04-13T20:16:47.410Z,-5.4082,-81.7571,10,4.3,mb,,65,2.071,0.84,us,us20005kep,2016-06-21T01:14:11.040Z,"79 km WSW of Paita, Peru",earthquake,6.4,1.9,0.133,16,reviewed,us,us
2016-04-14T23:24:01.210Z,-2.0039,-77.7042,169.84,4.3,mb,,57,1.27,1.4,us,us20005i7p,2016-06-21T01:14:13.040Z,"44 km SE of Palora, Ecuador",earthquake,7.4,7.7,0.148,13,reviewed,us,us
2016-04-15T05:15:49.500Z,-1.6989,-78.1199,151.45,4.2,mb,,59,0.776,1.17,us,us20005kyw,2016-06-27T23:01:34.040Z,"17 km W of Palora, Ecuador",earthquake,6,9.6,0.177,9,reviewed,us,us
2016-04-16T23:47:42.280Z,0.2992,-80.05,21.38,4.8,mb,,52,1.6,0.65,us,us20005j2w,2016-06-27T23:01:53.040Z,"25 km N of Pedernales, Ecuador",earthquake,6.4,4.5,0.056,98,reviewed,us,us
2016-04-16T23:58:36.980Z,0.3819,-79.9218,20.59,7.8,mww,,15,1.44,0.94,us,us20005j32,2025-08-01T09:59:30.614Z,"27 km SSE of Muisne, Ecuador",earthquake,5.7,3.2,,,reviewed,us,us
2016-04-17T00:12:00.470Z,-0.0704,-80.0631,10,4.5,ml,,174,1.641,0.77,us,us10005fnl,2016-06-27T23:01:53.040Z,"15 km S of Pedernales, Ecuador",earthquake,6.4,1.7,0.105,12,reviewed,us,us
2016-04-17T00:16:00.140Z,0.0279,-80.2,10,4.7,mb,,75,1.761,1.18,us,us20005j4g,2016-06-27T23:01:54.040Z,"17 km WSW of Pedernales, Ecuador",earthquake,6.5,1.8,0.114,23,reviewed,us,us
2016-04-17T00:29:31.380Z,-0.2648,-80.4644,15.49,5.5,mb,,44,2.008,0.88,us,us20005j3i,2022-05-03T17:44:23.901Z,"near the coast of Ecuador",earthquake,6.3,3.5,0.041,205,reviewed,us,us
2016-04-17T00:59:04.930Z,0.3543,-80.3259,10,4.5,mb,,58,1.878,0.78,us,us20005j3z,2016-06-27T23:01:54.040Z,"43 km NW of Pedernales, Ecuador",earthquake,5.2,1.8,0.069,61,reviewed,us,us
2016-04-17T01:09:17.070Z,-0.0518,-80.2221,10,4.3,mb,,143,1.794,0.83,us,us10005bp2,2016-06-27T23:01:54.040Z,"23 km SW of Pedernales, Ecuador",earthquake,6,1.9,0.168,10,reviewed,us,us
2016-04-17T01:19:02.480Z,-0.1255,-80.4162,10,4.1,mb,,83,1.998,1.16,us,us10005bp3,2016-06-27T23:01:54.040Z,"near the coast of Ecuador",earthquake,6.6,1.9,0.197,7,reviewed,us,us
2016-04-17T02:18:01.040Z,-0.2943,-80.2984,10,4.8,mb,,56,1.86,0.91,us,us20005j48,2016-06-27T23:01:54.040Z,"36 km NNE of Bahía de Caráquez, Ecuador",earthquake,6.6,1.8,0.043,164,reviewed,us,us
2016-04-17T03:05:33.860Z,0.3172,-80.2471,10,4.6,mb,,79,1.798,0.85,us,us20005j4d,2016-06-27T23:01:54.040Z,"34 km NW of Pedernales, Ecuador",earthquake,6.5,1.7,0.08,46,reviewed,us,us
2016-04-17T04:02:08.760Z,-0.2626,-80.6224,10,4.8,mb,,48,2.137,0.78,us,us20005j4m,2016-06-27T23:01:55.040Z,"43 km NNW of Bahía de Caráquez, Ecuador",earthquake,2.6,1.8,0.044,159,reviewed,us,us
2016-04-17T04:25:35.080Z,-0.3892,-80.3101,10,4.4,mb,,142,1.81,0.7,us,us10005bpa,2022-08-02T22:20:35.148Z,"26 km NNE of Bahía de Caráquez, Ecuador",earthquake,5.9,1.7,0.143,14,reviewed,us,us
2016-04-17T05:42:50.980Z,0.3044,-80.4309,10,4.6,mb,,60,1.981,0.74,us,us20005j5g,2022-08-02T18:45:53.480Z,"49 km WNW of Pedernales, Ecuador",earthquake,5.3,1.8,0.076,52,reviewed,us,us
2016-04-17T07:14:00.760Z,-0.3852,-80.2013,23.95,5.8,mww,,36,1.728,0.94,us,us20005j62,2022-05-03T17:44:25.150Z,"34 km NE of Bahía de Caráquez, Ecuador",earthquake,4,3.6,,,reviewed,us,us
2016-04-17T07:22:25.240Z,-0.4017,-80.3223,10,4.6,mb,,139,1.813,0.73,us,us10005bpd,2022-08-02T22:39:00.327Z,"24 km NNE of Bahía de Caráquez, Ecuador",earthquake,7.9,1.9,0.109,25,reviewed,us,us
2016-04-17T08:52:27.050Z,-0.4385,-80.7442,10,4.4,mb,,89,2.147,0.72,us,us20005j6e,2016-06-27T23:01:57.040Z,"39 km WNW of Bahía de Caráquez, Ecuador",earthquake,6.5,1.9,0.084,41,reviewed,us,us
2016-04-17T09:23:41.020Z,-0.2344,-80.6943,10,5.6,mwb,,45,2.212,1.06,us,us20005j6q,2024-06-16T23:46:48.478Z,"50 km NW of Bahía de Caráquez, Ecuador",earthquake,6.4,1.7,0.04,61,reviewed,us,us
2016-04-17T20:24:00.890Z,0.5721,-79.9153,10,4.5,mb,,145,1.515,1.25,us,us20005ja5,2022-08-02T18:53:37.598Z,"12 km ESE of Muisne, Ecuador",earthquake,5.6,1.9,0.122,20,reviewed,us,us
2016-04-17T21:35:17.220Z,-0.9875,-80.3306,10,4.4,mb,,149,1.545,0.99,us,us20005jb0,2016-06-27T23:02:02.040Z,"14 km ESE of Rocafuerte, Ecuador",earthquake,5.4,1.9,0.104,27,reviewed,us,us
2016-04-18T00:38:54.320Z,0.2654,-80.1897,10,4.4,mb,,87,1.704,1.48,us,us10005by5,2016-06-27T23:02:03.040Z,"26 km NW of Pedernales, Ecuador",earthquake,6.4,1.9,0.085,40,reviewed,us,us
2016-04-18T02:09:26.000Z,-0.7,-81.08,5,3.9,mb,,,,1.46,us,us20005kc2,2016-06-27T23:02:03.040Z,"50 km NW of Manta, Ecuador",earthquake,7.3,7.3,0.23,5,reviewed,qui,us
2016-04-18T09:13:36.700Z,0.5443,-80.1175,10,4.3,mb,,81,1.694,1.28,us,us10005byk,2016-06-27T23:02:06.040Z,"13 km SW of Muisne, Ecuador",earthquake,2.6,1.9,0.119,20,reviewed,us,us
2016-04-18T09:57:32.200Z,-1.6455,-77.6453,168.99,4.3,mb,,62,1.141,1.4,us,us20005jfg,2016-06-27T23:02:06.040Z,"36 km E of Palora, Ecuador",earthquake,8.5,7.9,0.082,42,reviewed,us,us
2016-04-18T10:29:17.470Z,-0.2671,-79.825,67.67,4.4,mb,,89,1.353,1.27,us,us20005jfq,2016-06-27T23:02:06.040Z,"45 km SE of Pedernales, Ecuador",earthquake,7.2,6.5,0.1,29,reviewed,us,us
2016-04-18T13:25:44.480Z,-0.2698,-80.2939,10,4.9,mb,,74,1.815,0.73,us,us20005jhl,2022-08-02T19:04:35.666Z,"39 km NNE of Bahía de Caráquez, Ecuador",earthquake,5.9,1.7,0.027,425,reviewed,us,us
2016-04-18T13:35:10.600Z,-0.3441,-80.3319,10,4.1,mb,,142,1.855,1,us,us10005byl,2016-06-27T23:02:08.040Z,"29 km NNE of Bahía de Caráquez, Ecuador",earthquake,4.3,1.9,0.127,17,reviewed,us,us
2016-04-18T17:07:33.590Z,-0.3494,-80.5056,10,4.5,mb,,141,1.992,1.05,us,us20005jip,2016-06-27T23:02:09.040Z,"28 km NNW of Bahía de Caráquez, Ecuador",earthquake,7,1.9,0.073,55,reviewed,us,us
2016-04-18T18:38:10.770Z,-0.9989,-80.8511,10,4.9,mb,,76,2.041,1.09,us,us20005jj6,2022-08-02T19:07:19.384Z,"15 km WSW of Manta, Ecuador",earthquake,6.6,1.8,0.031,333,reviewed,us,us
2016-04-18T19:12:38.050Z,-0.9738,-80.8034,10,4.6,mb,,152,2.001,0.87,us,us20005jjr,2016-06-27T23:02:10.040Z,"10 km W of Manta, Ecuador",earthquake,4.5,1.9,0.063,75,reviewed,us,us
2016-04-18T20:00:45.620Z,-0.2351,-80.7415,10,4.1,mb,,85,2.251,0.36,us,us10005byu,2016-06-27T23:02:10.040Z,"53 km NW of Bahía de Caráquez, Ecuador",earthquake,8.4,1.5,0.174,9,reviewed,us,us
2016-04-18T21:15:52.790Z,-0.0613,-80.7718,10,4.9,mb,,78,2.271,0.95,us,us20005jly,2025-12-22T17:14:20.558Z,"70 km NNW of Bahía de Caráquez, Ecuador",earthquake,3.2,1.8,0.03,342,reviewed,us,us
2016-04-19T02:03:14.700Z,-0.2099,-80.7622,10,4.9,mb,,47,2.271,0.82,us,us20005jpe,2016-06-27T23:02:12.040Z,"57 km NW of Bahía de Caráquez, Ecuador",earthquake,5.8,1.8,0.027,432,reviewed,us,us
2016-04-19T05:15:02.530Z,-0.0279,-80.8393,10,4.4,mb,,157,2.337,0.65,us,us20005jqg,2016-06-27T23:02:14.040Z,"78 km NW of Bahía de Caráquez, Ecuador",earthquake,9.1,1.9,0.091,37,reviewed,us,us
2016-04-19T13:07:30.420Z,0.2841,-80.3387,10,4.4,mb,,83,1.854,0.94,us,us20005jsi,2016-06-27T23:02:17.040Z,"39 km NW of Pedernales, Ecuador",earthquake,7.3,1.8,0.075,51,reviewed,us,us
2016-04-19T17:12:53.560Z,-1.2749,-80.8546,10,4.7,mwr,,64,1.987,1.12,us,us20005jux,2022-08-02T19:15:32.612Z,"31 km WNW of Jipijapa, Ecuador",earthquake,6.3,1.8,0.08,15,reviewed,us,us
2016-04-19T21:54:21.390Z,0.5615,-80.0435,10,4.4,mb,,143,1.624,1.03,us,us10005dqq,2022-08-02T22:08:14.944Z,"6 km SSW of Muisne, Ecuador",earthquake,7,1.9,0.127,18,reviewed,us,us
2016-04-19T22:22:25.480Z,0.5783,-80.0247,11,5.6,mwb,,47,1.609,0.68,us,us20005jyu,2022-05-03T18:51:32.306Z,"3 km S of Muisne, Ecuador",earthquake,6,1.7,0.038,66,reviewed,us,us
2016-04-20T01:48:11.280Z,0.6249,-79.9257,10,4.2,mb,,140,1.524,1.58,us,us20005kcb,2016-06-27T23:02:23.040Z,"10 km E of Muisne, Ecuador",earthquake,6.3,1.9,0.2,7,reviewed,us,us
2016-04-20T01:49:16.940Z,0.6231,-79.9113,10,4.3,mb,,141,1.509,1.03,us,us20005kcg,2016-06-27T23:02:23.040Z,"12 km E of Muisne, Ecuador",earthquake,3.1,1.9,0.116,21,reviewed,us,us
2016-04-20T01:50:38.990Z,0.6897,-80.0286,10,4.4,mb,,91,1.64,1.05,us,us20005kcj,2016-06-27T23:02:23.040Z,"8 km N of Muisne, Ecuador",earthquake,7.1,1.9,0.109,24,reviewed,us,us
2016-04-20T08:25:07.450Z,0.6637,-80.2997,19.45,4.5,mb,,57,1.907,1.19,us,us20005k35,2016-06-27T23:02:24.040Z,"31 km W of Muisne, Ecuador",earthquake,6.1,4.3,0.047,134,reviewed,us,us
2016-04-20T08:33:47.330Z,0.639,-80.2104,14,6.2,mww,,48,1.804,0.83,us,us20005k37,2022-05-03T18:51:48.134Z,"21 km W of Muisne, Ecuador",earthquake,5.1,1.3,,,reviewed,us,us
2016-04-20T08:35:10.620Z,0.7079,-80.0352,10,6,mwb,,78,1.651,1.43,us,us20005kb6,2024-06-16T23:46:53.301Z,"10 km N of Muisne, Ecuador",earthquake,6.9,1.8,0.042,54,reviewed,us,us
2016-04-20T08:56:51.020Z,0.4653,-80.0595,19.99,4.1,mb,,95,1.618,1.33,us,us10005ds4,2016-06-27T23:02:25.040Z,"16 km SSW of Muisne, Ecuador",earthquake,5.2,5.1,0.262,4,reviewed,us,us
2016-04-20T09:13:17.220Z,0.5015,-80.1295,10,4.6,mb,,84,1.695,1.24,us,us20005k3e,2022-08-02T22:44:34.798Z,"17 km SW of Muisne, Ecuador",earthquake,2.2,1.9,0.046,138,reviewed,us,us
2016-04-20T09:35:40.910Z,-0.0268,-80.1292,10,4.3,mb,,144,1.627,0.99,us,us10005dry,2016-06-27T23:02:25.040Z,"13 km SW of Pedernales, Ecuador",earthquake,5.9,1.9,0.16,11,reviewed,us,us
2016-04-20T11:23:22.930Z,-0.2187,-80.3719,10,4.3,mwr,,87,1.884,0.97,us,us20005k5q,2016-06-27T23:02:26.040Z,"42 km N of Bahía de Caráquez, Ecuador",earthquake,5,1.3,0.068,21,reviewed,us,us
2016-04-20T12:13:14.880Z,0.6172,-80.1351,10,4.2,mb,,84,1.726,0.9,us,us10005ds5,2016-06-27T23:02:27.040Z,"12 km W of Muisne, Ecuador",earthquake,5.9,1.8,0.186,8,reviewed,us,us
2016-04-20T16:20:36.680Z,0.694,-80.2163,10,4.7,mb,,84,1.822,1.17,us,us20005k7i,2022-08-02T19:28:25.175Z,"23 km WNW of Muisne, Ecuador",earthquake,6.3,1.8,0.043,166,reviewed,us,us
2016-04-20T16:30:53.500Z,-0.2588,-80.3931,10,4.7,mb,,93,1.911,1.34,us,us20005k7l,2016-06-27T23:02:28.040Z,"37 km N of Bahía de Caráquez, Ecuador",earthquake,6.1,1.8,0.049,125,reviewed,us,us
2016-04-20T21:30:04.050Z,0.5694,-79.9283,6.38,4.9,mwr,,67,1.513,0.72,us,us20005kab,2022-08-02T19:25:35.080Z,"11 km ESE of Muisne, Ecuador",earthquake,6.1,3.5,0.086,13,reviewed,us,us
2016-04-20T22:31:29.840Z,-0.4526,-80.8114,10,4.8,mb,,89,2.271,0.66,us,us20005kaq,2016-06-27T23:02:30.040Z,"46 km WNW of Bahía de Caráquez, Ecuador",earthquake,4.7,1.6,0.052,115,reviewed,us,us
2016-04-21T12:31:16.270Z,-0.1768,-80.2201,10,4.4,mb,,55,1.729,1.34,us,us20005kg9,2016-06-27T23:02:33.040Z,"33 km SW of Pedernales, Ecuador",earthquake,6.4,1.9,0.105,26,reviewed,us,us
2016-04-21T13:53:41.430Z,-0.3218,-80.5747,10,4.2,mb,,151,2.1,0.92,us,us20005kh1,2016-06-27T23:02:33.040Z,"34 km NNW of Bahía de Caráquez, Ecuador",earthquake,5.4,1.9,0.166,10,reviewed,us,us
2016-04-22T03:03:41.720Z,-0.2921,-80.5039,10,6,mww,,44,2.025,0.91,us,us20005kqh,2022-05-03T18:01:56.425Z,"34 km NNW of Bahía de Caráquez, Ecuador",earthquake,5.8,1.7,,,reviewed,us,us
2016-04-22T03:20:13.380Z,-0.2814,-80.5039,10.29,5.9,mww,,44,2.024,0.86,us,us20005kqp,2022-05-03T17:45:16.361Z,"36 km NNW of Bahía de Caráquez, Ecuador",earthquake,6.1,3,,,reviewed,us,us
2016-04-22T04:25:33.950Z,-0.8186,-80.5594,10,4.3,mb,,173,1.897,0.83,us,us20005kr9,2022-08-02T22:34:52.149Z,"16 km NW of Rocafuerte, Ecuador",earthquake,6.6,2,0.169,10,reviewed,us,us
2016-04-22T04:31:34.170Z,-0.4209,-80.5435,10,5,mb,,60,2.05,1.15,us,us20005krb,2022-08-02T19:42:23.204Z,"23 km NW of Bahía de Caráquez, Ecuador",earthquake,5.8,1.8,0.031,337,reviewed,us,us
2016-04-22T05:37:39.420Z,-0.397,-80.2195,10,4.3,mb,,147,1.766,0.97,us,us20005ks8,2016-07-08T02:49:17.040Z,"31 km NE of Bahía de Caráquez, Ecuador",earthquake,6.2,1.9,0.129,17,reviewed,us,us
2016-04-22T08:52:20.040Z,-0.2369,-80.5858,10,4.8,mb,,96,2.099,0.75,us,us20005kta,2022-05-03T17:45:23.857Z,"43 km NNW of Bahía de Caráquez, Ecuador",earthquake,4.7,1.9,0.068,67,reviewed,us,us
2016-04-22T10:39:55.420Z,-0.1163,-80.6691,16.5,4.3,mb,,85,2.171,0.82,us,us10005dd5,2016-07-08T02:49:17.040Z,"59 km NNW of Bahía de Caráquez, Ecuador",earthquake,7.7,5.3,0.125,18,reviewed,us,us
2016-04-22T13:26:20.470Z,-2.7391,-79.9716,48.29,4.7,mb,,85,0.763,1.23,us,us20005kvu,2016-07-08T02:49:17.040Z,"25 km NW of Baláo, Ecuador",earthquake,6.5,4.9,0.055,100,reviewed,us,us
2016-04-22T13:36:07.880Z,0.27,-80.326,10,4.4,mb,,84,1.84,1.43,us,us10005dda,2022-08-02T21:43:28.844Z,"37 km NW of Pedernales, Ecuador",earthquake,6.3,1.9,0.155,12,reviewed,us,us
2016-04-22T15:36:27.920Z,-0.5059,-80.9056,10,4.8,mb,,101,2.26,0.93,us,us20005kww,2016-07-08T02:49:17.040Z,"54 km W of Bahía de Caráquez, Ecuador",earthquake,5.5,1.9,0.071,61,reviewed,us,us
2016-04-22T15:39:05.180Z,-0.2728,-80.7219,10,4.9,mb,,116,2.214,1.07,us,us20005kwx,2022-08-02T19:47:05.713Z,"48 km NW of Bahía de Caráquez, Ecuador",earthquake,6.2,1.5,0.065,74,reviewed,us,us
2016-04-22T16:27:04.880Z,0.8542,-79.997,10,4.4,mb,,141,1.663,1.32,us,us10005ddc,2016-07-08T02:49:18.040Z,"26 km N of Muisne, Ecuador",earthquake,6.3,1.9,0.149,13,reviewed,us,us
2016-04-22T22:05:24.110Z,-1.4657,-81.0794,32.75,4.3,mb,,116,2.074,1.19,us,us10005ddl,2016-07-08T02:49:18.040Z,"57 km WSW of Jipijapa, Ecuador",earthquake,6.8,7.4,0.168,10,reviewed,us,us
2016-04-23T01:24:33.900Z,0.6128,-80.2522,10,5.7,mww,,36,1.839,0.9,us,us20005l3v,2024-06-16T23:46:58.140Z,"26 km W of Muisne, Ecuador",earthquake,5.6,1.1,,,reviewed,us,us
2016-04-23T04:06:33.360Z,0.5923,-80.3759,10,4.8,mb,,55,1.957,0.93,us,us20005l4c,2022-08-02T19:51:46.064Z,"39 km W of Muisne, Ecuador",earthquake,5.4,1.7,0.03,334,reviewed,us,us
2016-04-24T07:22:00.310Z,0.6026,-79.5669,10,4.3,mb,,135,1.173,1.12,us,us20005ld4,2016-07-08T02:49:20.040Z,"32 km NNW of Rosa Zarate, Ecuador",earthquake,5.8,1.9,0.108,25,reviewed,us,us
2016-04-24T14:36:21.200Z,-0.1689,-80.9278,10,4.4,mb,,89,2.443,0.87,us,us20005lem,2016-07-08T02:49:20.040Z,"73 km NW of Bahía de Caráquez, Ecuador",earthquake,6.8,1.9,0.179,9,reviewed,us,us
2016-04-24T19:33:16.220Z,-4.5907,-77.8733,70.36,4.1,mb,,154,1.558,1.01,us,us10005jc6,2016-07-08T02:49:21.040Z,"126 km N of Yambrasbamba, Peru",earthquake,6.5,24.6,0.368,2,reviewed,us,us
2016-04-25T02:25:44.330Z,-0.0974,-81.3931,18.62,3.9,mb,,166,2.879,1.03,us,us10005cd7,2016-07-08T02:49:21.040Z,"121 km WNW of Bahía de Caráquez, Ecuador",earthquake,9.6,5.3,0.21,6,reviewed,us,us
2016-04-25T07:06:22.720Z,-0.0753,-80.1958,25.79,4.1,mwr,,89,1.772,1.12,us,us20005lia,2016-07-08T02:49:21.040Z,"22 km SW of Pedernales, Ecuador",earthquake,6.2,6.1,0.089,12,reviewed,us,us
2016-04-25T21:15:53.140Z,-1.0378,-80.7743,10,4.7,mb,,66,1.957,1.38,us,us10005bha,2022-08-02T20:08:36.398Z,"10 km SW of Manta, Ecuador",earthquake,6.8,1.8,0.073,57,reviewed,us,us
2016-04-26T15:50:35.360Z,0.232,-80.5052,10,4.4,mb,,147,2.054,0.8,us,us10005e1v,2016-07-08T02:49:24.040Z,"53 km WNW of Pedernales, Ecuador",earthquake,8.9,1.9,0.099,29,reviewed,us,us
2016-04-26T21:58:34.720Z,-0.1943,-80.7309,10,5.4,mww,,47,2.265,0.75,us,us10005bsh,2022-08-02T20:19:19.844Z,"56 km NW of Bahía de Caráquez, Ecuador",earthquake,5.8,1.8,,,reviewed,us,us
2016-04-27T00:08:13.050Z,-0.6077,-80.9115,10,4.1,mb,,104,2.223,0.69,us,us10005cdc,2016-07-08T02:49:25.040Z,"near the coast of Ecuador",earthquake,7.3,2,0.185,8,reviewed,us,us
2016-04-27T00:39:07.000Z,0.22,-80.25,5,4.1,mb,,,,1.12,us,us10005cdd,2016-07-08T02:49:25.040Z,"27 km NW of Pedernales, Ecuador",earthquake,10.7,8.5,0.233,5,reviewed,qui,us
2016-04-27T23:02:13.530Z,-1.3418,-80.968,10,4.2,mb,,120,2.042,0.62,us,us10005c1p,2016-07-08T02:49:26.040Z,"43 km W of Jipijapa, Ecuador",earthquake,6.9,2,0.176,9,reviewed,us,us
2016-04-28T10:33:46.570Z,-1.2976,-81.0103,31.46,4.1,mb,,106,2.101,1.25,us,us10005c5w,2016-07-08T02:49:27.040Z,"48 km SW of Montecristi, Ecuador",earthquake,4.2,7.9,0.301,3,reviewed,us,us
2016-04-29T00:56:54.920Z,-0.6933,-76.3772,145.11,4,mb,,116,5.872,0.75,us,us10005ebd,2016-07-19T20:03:05.040Z,"72 km ESE of Puerto Francisco de Orellana, Ecuador",earthquake,12.4,7.6,0.108,23,reviewed,us,us
2016-04-29T01:50:46.960Z,-1.4911,-80.8167,10,4.3,mb,,115,2.923,0.81,us,us10005ebf,2022-08-02T23:03:26.666Z,"30 km WSW of Jipijapa, Ecuador",earthquake,7.3,2,0.201,7,reviewed,us,us
2016-04-30T01:44:40.870Z,0.5094,-79.7834,10,4.2,mb,,86,1.359,1.15,us,us10005ga4,2016-07-19T20:03:06.040Z,"28 km ESE of Muisne, Ecuador",earthquake,7.6,1.8,0.137,15,reviewed,us,us
2016-04-30T22:32:06.350Z,-0.2614,-80.8007,10,4.3,mb,,171,2.401,1.04,us,us10005gaw,2016-07-19T20:03:07.040Z,"56 km NW of Bahía de Caráquez, Ecuador",earthquake,8.4,1.9,0.114,22,reviewed,us,us
2016-05-03T03:44:59.330Z,0.25,-79.8732,10,4.5,mb,,140,1.422,0.92,us,us10005d7t,2016-07-19T20:03:11.040Z,"28 km NE of Pedernales, Ecuador",earthquake,4.6,1.8,0.073,55,reviewed,us,us
2016-05-04T16:38:19.850Z,-1.5866,-80.8644,10,4.5,mb,,107,3.017,0.99,us,us10005dpj,2016-07-19T20:03:13.040Z,"near the coast of Ecuador",earthquake,7.2,1.9,0.093,34,reviewed,us,us
2016-05-04T22:28:55.030Z,-1.1501,-80.8771,10,4.3,mb,,155,2.79,1.1,us,us10005gt5,2016-07-19T20:03:13.040Z,"26 km WSW of Montecristi, Ecuador",earthquake,5,1.9,0.108,24,reviewed,us,us
2016-05-05T16:06:41.580Z,0.0132,-80.5617,10,4.4,mb,,97,2.122,1.4,us,us10005h2k,2016-07-19T20:03:14.040Z,"57 km W of Pedernales, Ecuador",earthquake,7.9,1.9,0.097,32,reviewed,us,us
2016-05-06T08:37:44.660Z,-0.117,-80.7801,10,4.1,mb,,161,2.355,0.68,us,us10005h5c,2016-07-20T18:10:45.040Z,"66 km NW of Bahía de Caráquez, Ecuador",earthquake,8.2,2,0.158,11,reviewed,us,us
2016-05-11T23:04:47.600Z,0.029,-80.0495,10,4.2,mb,,215,1.612,1.42,us,us10005ii9,2016-07-20T18:10:53.040Z,"4 km S of Pedernales, Ecuador",earthquake,8.7,2,0.186,8,reviewed,us,us
2016-05-15T09:51:40.970Z,0.5571,-80.3009,42.17,4.8,mb,,83,1.877,0.88,us,us10005hja,2016-07-22T19:39:07.040Z,"31 km W of Muisne, Ecuador",earthquake,7.8,6.7,0.056,97,reviewed,us,us
2016-05-18T07:57:02.650Z,0.4261,-79.7899,16,6.7,mww,,21,1.352,1.13,us,us10005i5t,2022-05-03T18:52:34.877Z,"32 km SE of Muisne, Ecuador",earthquake,6.5,1.7,,,reviewed,us,us
2016-05-18T08:06:17.680Z,0.4334,-79.8336,10,4.8,mb,,91,1.396,1.19,us,us10005i5w,2016-07-22T19:39:12.040Z,"28 km SE of Muisne, Ecuador",earthquake,7,1.9,0.091,38,reviewed,us,us
2016-05-18T16:46:43.860Z,0.4947,-79.616,29.95,6.9,mww,,17,1.192,1.09,us,us10005i9n,2022-05-03T17:48:55.829Z,"24 km NW of Rosa Zarate, Ecuador",earthquake,6.6,3,,,reviewed,us,us
2016-05-19T07:05:50.620Z,0.6232,-80.0177,37.26,4.5,mb,,92,1.613,0.92,us,us10005ief,2016-07-22T19:39:13.040Z,"1 km N of Muisne, Ecuador",earthquake,4.3,7.3,0.088,38,reviewed,us,us
2016-05-24T16:35:21.450Z,-2.798,-78.7719,90.94,4.7,mb,,79,3.032,0.8,us,us10005jmp,2016-08-03T22:33:44.040Z,"5 km NNE of La Unión, Ecuador",earthquake,8.4,5.6,0.032,303,reviewed,us,us
2016-05-24T21:03:17.620Z,0.4694,-79.7804,10,4.6,mb,,94,1.349,0.81,us,us20005xme,2022-08-02T23:45:46.557Z,"30 km ESE of Muisne, Ecuador",earthquake,6.9,1.8,0.07,61,reviewed,us,us
2016-05-27T13:27:31.480Z,-5.1635,-80.8878,35,4.1,mb,,145,5.891,1.8,us,us20005z5v,2016-08-10T22:30:23.040Z,"24 km W of San Martin, Peru",earthquake,6.8,2,0.184,8,reviewed,us,us
2016-05-31T15:48:11.960Z,0.5288,-80.1662,10,4.4,mb,,82,1.739,0.96,us,us20005zdi,2016-08-10T22:30:29.040Z,"18 km WSW of Muisne, Ecuador",earthquake,9.5,1.9,0.154,12,reviewed,us,us
2016-06-01T10:05:18.800Z,0.2166,-80.4056,23.43,4.9,mb,,58,1.954,1.04,us,us20005zk3,2025-12-22T17:15:06.638Z,"42 km WNW of Pedernales, Ecuador",earthquake,6.4,2.4,0.028,401,reviewed,us,us
2016-06-01T15:00:54.530Z,0.3367,-80.4661,10,4.7,mb,,85,2.017,0.95,us,us20005zlz,2016-08-10T22:30:31.040Z,"54 km WNW of Pedernales, Ecuador",earthquake,8,1.6,0.064,75,reviewed,us,us
2016-06-03T13:45:17.590Z,-2.6296,-77.4757,6.59,4.4,mb,,84,1.142,1.32,us,us2000632i,2016-08-18T00:36:29.040Z,"79 km ESE of Macas, Ecuador",earthquake,6.9,5.1,0.24,5,reviewed,us,us
2016-06-06T16:45:10.030Z,0.5823,-80.0321,13.42,4.5,mb,,83,1.617,0.67,us,us200062cm,2016-08-18T00:36:32.040Z,"3 km SSW of Muisne, Ecuador",earthquake,6,4.6,0.093,34,reviewed,us,us
2016-06-08T20:18:27.600Z,-4.2677,-76.8786,103.45,4.9,mb,,75,1.957,1.1,us,us200062vg,2022-08-03T01:16:26.380Z,"66 km NNW of Barranca, Peru",earthquake,7.2,5.6,0.026,466,reviewed,us,us
2016-06-20T11:59:53.470Z,-1.1571,-80.18,59.23,4.3,mb,,133,1.352,1.11,us,us200065hd,2022-08-03T03:05:02.916Z,"22 km ENE of Santa Ana, Ecuador",earthquake,7.3,7.6,0.119,20,reviewed,us,us
2016-06-20T23:24:36.560Z,-1.1266,-80.12,64.27,4.1,mb,,147,1.302,1.18,us,us200066ip,2022-08-03T03:25:19.928Z,"23 km SSE of Junín, Ecuador",earthquake,4.7,14.7,0.158,11,reviewed,us,us
2016-06-22T15:40:27.290Z,0.4027,-80.6433,10,4.3,mb,,84,2.198,1.2,us,us200067ie,2016-08-27T02:15:34.040Z,"73 km WSW of Muisne, Ecuador",earthquake,8.3,1.9,0.099,29,reviewed,us,us
2016-06-24T09:38:06.410Z,0.8315,-79.542,10,4.3,mb,,88,1.24,1.19,us,us200067wk,2016-08-31T03:08:13.040Z,"18 km SE of Esmeraldas, Ecuador",earthquake,6,1.9,0.265,4,reviewed,us,us
2016-06-26T05:28:15.840Z,-1.6049,-77.6534,169.64,4.3,mb,,39,1.128,1.13,us,us10005z4j,2016-08-31T03:08:16.040Z,"36 km ENE of Palora, Ecuador",earthquake,7.6,6.3,0.059,82,reviewed,us,us
2016-06-27T04:15:45.930Z,-3.2487,-79.7467,64.38,4.3,mb,,154,0.918,1.29,us,us2000673h,2022-08-03T02:46:00.049Z,"10 km NE of Pasaje, Ecuador",earthquake,5.6,7.8,0.094,32,reviewed,us,us
2016-07-02T06:35:01.810Z,-4.7539,-80.6691,57.71,4.5,mb,,76,2.69,0.61,us,us10005zf8,2016-09-02T21:36:33.040Z,"9 km NNW of Querecotillo, Peru",earthquake,9.3,7.5,0.086,40,reviewed,us,us
2016-07-06T03:14:52.520Z,0.182,-79.991,10,4.3,mb,,90,1.541,0.89,us,us1000615s,2016-09-02T21:36:39.040Z,"13 km NNE of Pedernales, Ecuador",earthquake,5.3,1.8,0.138,15,reviewed,us,us
2016-07-06T06:15:28.050Z,0.9737,-79.4339,35.49,4.2,mb,,148,1.11,1.25,us,us1000616q,2016-09-02T21:36:39.040Z,"24 km E of Esmeraldas, Ecuador",earthquake,7.5,8.1,0.175,9,reviewed,us,us
2016-07-06T06:19:48.350Z,0.9235,-79.3978,35,4.6,mb,,144,1.127,1.18,us,us1000616m,2022-08-03T03:15:07.529Z,"28 km E of Esmeraldas, Ecuador",earthquake,6,1.9,0.048,129,reviewed,us,us
2016-07-07T10:48:40.720Z,0.9109,-79.5016,35,4,mb,,136,1.202,1.46,us,us20006ekb,2016-09-02T21:36:41.040Z,"17 km ESE of Esmeraldas, Ecuador",earthquake,7.3,2,0.211,8,reviewed,us,us
2016-07-08T04:28:43.320Z,-0.4071,-80.8075,7.1,5.5,mwb,,30,2.218,0.87,us,us100061tj,2022-05-03T17:53:40.822Z,"47 km WNW of Bahía de Caráquez, Ecuador",earthquake,5.1,2.7,0.06,27,reviewed,us,us
2016-07-08T07:03:50.180Z,-0.3651,-80.7396,10,4.6,mb,,88,2.18,0.79,us,us100061u5,2016-09-08T01:50:22.040Z,"43 km NW of Bahía de Caráquez, Ecuador",earthquake,6.7,1.9,0.061,79,reviewed,us,us
2016-07-08T17:19:15.580Z,-2.2043,-77.4854,156.89,4.5,mb,,54,1.379,0.9,us,us20006enb,2016-09-08T01:50:23.040Z,"70 km E of Macas, Ecuador",earthquake,7.6,6,0.128,18,reviewed,us,us
2016-07-10T06:44:41.830Z,-0.4257,-80.1844,10,4.2,mb,,169,1.689,1.24,us,us100062c4,2016-09-08T01:50:26.040Z,"31 km NNW of Chone, Ecuador",earthquake,7.8,2,0.146,13,reviewed,us,us
2016-07-11T02:01:09.950Z,0.5874,-79.6358,17,5.9,mww,,47,1.234,1.1,us,us100062hd,2022-05-03T17:54:03.504Z,"33 km NNW of Rosa Zarate, Ecuador",earthquake,6.1,1.6,,,reviewed,us,us
2016-07-11T02:11:04.800Z,0.5812,-79.638,21,6.3,mww,,37,1.235,1.01,us,us100062hg,2022-05-03T17:54:05.104Z,"33 km NNW of Rosa Zarate, Ecuador",earthquake,4.4,1.5,,,reviewed,us,us
2016-07-11T07:40:30.030Z,0.7388,-79.55,10,4.3,mb,,131,1.206,1.05,us,us100062j4,2016-09-08T01:50:27.040Z,"26 km SSE of Esmeraldas, Ecuador",earthquake,2.5,1.9,0.084,40,reviewed,us,us
2016-07-14T16:37:42.620Z,1.2598,-79.9909,10,4.7,mb,,132,1.388,0.66,us,us20006en3,2016-09-08T01:50:31.040Z,"50 km NW of Esmeraldas, Ecuador",earthquake,6.2,1.9,0.04,194,reviewed,us,us
2016-07-15T07:32:32.300Z,-0.6798,-80.9483,10,4.4,mb,,110,2.658,0.5,us,us20006evp,2016-09-17T01:27:45.040Z,"40 km NW of Manta, Ecuador",earthquake,8.5,2,0.12,20,reviewed,us,us
2016-07-18T12:00:25.650Z,1.1219,-79.1882,10,4.5,mb,,161,1.146,0.7,us,us20006gqr,2016-09-17T01:27:49.040Z,"26 km WSW of Valdez, Ecuador",earthquake,10.1,2,0.313,3,reviewed,us,us
2016-07-19T01:52:34.540Z,-0.9364,-80.4209,10,3.6,mb,,247,1.647,0.74,us,us20006fph,2022-08-03T04:05:23.743Z,"3 km ESE of Rocafuerte, Ecuador",earthquake,8.9,2,0.224,5,reviewed,us,us
2016-07-20T01:20:23.640Z,-0.9356,-80.4271,10,5.1,mb,,41,1.653,0.99,us,us20006g0u,2016-09-17T01:27:51.040Z,"2 km ESE of Rocafuerte, Ecuador",earthquake,6,1.8,0.024,560,reviewed,us,us
2016-07-21T11:57:49.010Z,-0.9542,-80.3518,26.2,4.8,mb,,140,1.576,0.95,us,us20006gdb,2022-05-03T17:55:38.865Z,"11 km ESE of Rocafuerte, Ecuador",earthquake,6.5,4.6,0.031,330,reviewed,us,us
2016-07-21T22:08:51.060Z,-5.8788,-77.0801,128.91,4.2,mb,,82,1.806,1.27,us,us20006ht1,2016-09-17T01:27:53.040Z,"20 km NW of Moyobamba, Peru",earthquake,10.2,22,0.265,4,reviewed,us,us
2016-07-22T06:31:29.060Z,-0.2771,-80.2264,34.22,4.3,mb,,150,1.787,0.96,us,us20006gs5,2016-09-24T22:47:15.040Z,"41 km NNE of Bahía de Caráquez, Ecuador",earthquake,7.9,4.4,0.142,14,reviewed,us,us
2016-08-09T04:23:35.270Z,-0.1842,-78.32,9.13,4.4,mwr,,111,0.274,1,us,us10006c91,2020-07-10T15:05:14.410Z,"22 km NE of Sangolquí, Ecuador",earthquake,6.3,4.7,0.069,20,reviewed,us,us
2016-08-09T10:45:17.080Z,-5.9414,-78.7662,10,4.3,mwr,,114,1.959,1.07,us,us10006cah,2016-10-26T03:10:23.040Z,"9 km WSW of Choros, Peru",earthquake,7.5,1.9,0.098,10,reviewed,us,us
2016-08-15T11:16:32.020Z,-5.23,-79.1442,78.58,4.2,mb,,140,1.907,1.15,us,us10006dwh,2016-11-15T02:21:49.040Z,"17 km ENE of Tabaconas, Peru",earthquake,8.5,6.1,0.167,10,reviewed,us,us
2016-08-23T12:54:22.050Z,-1.8542,-80.4723,64.32,4,mb,,236,1.641,1.36,us,us10006g5r,2016-11-19T04:58:36.040Z,"26 km W of Pedro Carbo, Ecuador",earthquake,9.2,16.5,0.144,13,reviewed,us,us
2016-08-26T04:25:27.970Z,-0.9434,-80.3501,10,4.8,mb,,52,1.578,0.72,us,us20006u4h,2016-11-29T01:28:40.040Z,"11 km E of Rocafuerte, Ecuador",earthquake,5.9,1.7,0.044,155,reviewed,us,us
2016-08-29T16:54:11.090Z,-5.2112,-80.5041,86.62,4.1,mb,,203,2.863,0.56,us,us10006syb,2016-11-29T01:28:45.040Z,"14 km E of Piura, Peru",earthquake,8.7,17.4,0.301,3,reviewed,us,us
2016-09-01T13:35:15.710Z,-2.2876,-79.1878,10,3.9,mb,,119,0.85,0.71,us,us10006jh6,2016-11-29T01:28:49.040Z,"22 km NE of La Troncal, Ecuador",earthquake,3.7,2,0.363,2,reviewed,us,us
2016-09-02T20:49:01.410Z,0.7154,-79.0854,78.2,4.4,mb,,70,0.792,1.03,us,us10006js0,2016-12-03T02:54:35.040Z,"60 km S of Valdez, Ecuador",earthquake,5.1,8.2,0.097,34,reviewed,us,us
2016-09-03T20:02:52.810Z,-1.5524,-77.7856,168.93,4.4,mb,,69,0.991,0.82,us,us10006k5n,2016-12-03T02:54:39.040Z,"25 km ESE of Puyo, Ecuador",earthquake,7.7,6.6,0.073,54,reviewed,us,us
2016-09-05T00:22:59.080Z,-0.1494,-78.3268,10,4.7,mb,,107,0.244,0.84,us,us10006kee,2016-12-03T02:54:42.040Z,"23 km ENE of Quito, Ecuador",earthquake,4.2,1.8,0.032,286,reviewed,us,us
2016-09-10T04:53:31.220Z,-1.5956,-77.6801,186.59,4.3,mb,,44,1.1,0.88,us,us10006njb,2016-12-07T02:56:09.040Z,"33 km ENE of Palora, Ecuador",earthquake,7.7,8.6,0.086,38,reviewed,us,us
2016-09-10T10:08:20.020Z,-5.573,-76.9536,121,6.1,mww,,35,2.111,0.85,us,us10006nkg,2022-05-03T17:58:38.696Z,"51 km N of Moyobamba, Peru",earthquake,5.8,1.8,,,reviewed,us,us
2016-09-11T19:59:07.110Z,-2.6513,-77.5836,104.43,4.5,mb,,59,1.036,1.29,us,us10006nvr,2016-12-07T02:56:11.040Z,"68 km ESE of Sucúa, Ecuador",earthquake,7.1,5.8,0.069,61,reviewed,us,us
2016-09-14T16:50:36.070Z,0.5673,-79.9646,6.27,4.7,mb,,138,1.548,1.15,us,us10006pij,2016-12-07T02:56:15.040Z,"7 km SE of Muisne, Ecuador",earthquake,6.5,4.4,0.055,102,reviewed,us,us
2016-09-22T00:53:52.540Z,-2.3838,-79.8397,80.14,4.3,mb,,197,0.587,1.21,us,us10006rha,2016-12-12T23:01:36.040Z,"21 km SSE of Guayaquil, Ecuador",earthquake,4.7,10.2,0.307,3,reviewed,us,us
2016-09-25T05:09:02.000Z,-5.56,-81.22,41,4.1,mb,,,,1.05,us,us20007gty,2016-12-14T03:17:48.040Z,"44 km W of Sechura, Peru",earthquake,11.2,7.2,0.303,3,reviewed,lim,us
2016-09-25T18:23:59.630Z,-3.2333,-80.7401,31.96,4.7,mb,,105,0.741,0.87,us,us10006skn,2016-12-14T03:17:49.040Z,"48 km NW of Tumbes, Peru",earthquake,3.7,5.3,0.073,57,reviewed,us,us
2016-09-30T16:45:12.350Z,-1.5967,-77.5526,170.92,4.9,mb,,34,1.227,0.89,us,us10006u5a,2025-12-22T17:18:32.217Z,"47 km ENE of Palora, Ecuador",earthquake,7.1,6.2,0.024,558,reviewed,us,us
2016-09-30T22:35:48.860Z,-3.9976,-76.9364,105.52,4.6,mb,,58,1.768,0.8,us,us10006u80,2017-01-03T21:10:39.040Z,"80 km SW of Alianza Cristiana, Peru",earthquake,6.6,6.2,0.038,205,reviewed,us,us
2016-10-10T17:59:51.440Z,2.9771,-78.5736,10,4.7,mb,,72,2.379,1.19,us,us20007euh,2017-01-07T00:20:49.040Z,"53 km NNW of Mosquera, Colombia",earthquake,7.4,1.9,0.068,65,reviewed,us,us
2016-10-12T02:14:49.020Z,-1.6441,-78.1216,167.81,4.3,mb,,50,0.762,0.98,us,us20007fc2,2017-01-07T00:20:51.040Z,"18 km WNW of Palora, Ecuador",earthquake,8,8,0.129,17,reviewed,us,us
2016-10-14T09:36:50.650Z,-3.9656,-80.3452,8.58,3.9,mb,,206,0.499,0.76,us,us20007fl7,2017-01-15T01:14:00.040Z,"34 km E of Cañaveral, Peru",earthquake,5.8,10.7,0.363,2,reviewed,us,us
2016-10-25T15:36:49.070Z,-4.8664,-81.2656,29.4,4.5,mb,,148,1.773,0.8,us,us20007gm4,2017-01-20T00:31:06.040Z,"23 km WNW of San Lucas ( Pueblo Nuevo de Colan), Peru",earthquake,8.8,6,0.103,28,reviewed,us,us
2016-10-26T14:17:07.840Z,2.7916,-79.4247,10,4.6,mb,,138,2.632,0.71,us,us100073g8,2017-01-20T00:31:07.040Z,"south of Panama",earthquake,8.7,1.9,0.105,27,reviewed,us,us
2016-10-27T04:45:51.640Z,-1.1079,-80.3397,30.79,4.3,mwr,,99,1.519,0.93,us,us100072gt,2017-01-20T00:31:09.040Z,"11 km NNE of Santa Ana, Ecuador",earthquake,4.8,6.2,0.069,20,reviewed,us,us
2016-10-28T07:33:51.020Z,-2.0379,-79.8363,67.41,3.6,mb,,204,0.718,0.73,us,us100072k7,2017-01-24T02:02:07.040Z,"15 km WSW of Samborondón, Ecuador",earthquake,6.6,12.7,0.354,2,reviewed,us,us
2016-11-19T04:05:26.420Z,-1.9019,-77.9607,163.81,4.1,mb,,47,0.921,1.3,us,us10007adn,2017-02-15T23:21:27.040Z,"22 km S of Palora, Ecuador",earthquake,7.6,8.3,0.198,7,reviewed,us,us
2016-11-19T19:55:52.100Z,-2.0389,-79.7797,76.84,4.4,mb,,138,0.672,1.04,us,us10007amh,2017-02-15T23:21:28.040Z,"10 km SW of Samborondón, Ecuador",earthquake,5.1,6.7,0.103,27,reviewed,us,us
2016-12-01T19:35:23.670Z,-1.2451,-80.8659,27.65,4.6,mb,,110,2.011,1.03,us,us10007e3r,2017-02-23T00:11:55.040Z,"31 km SW of Montecristi, Ecuador",earthquake,6.5,2.8,0.101,30,reviewed,us,us
2016-12-07T10:24:56.410Z,-5.246,-78.8116,16.6,4.6,mb,,127,1.433,1.02,us,us10007glh,2017-03-03T07:06:06.040Z,"23 km ESE of San Ignacio, Peru",earthquake,5.8,4.9,0.067,67,reviewed,us,us
2016-12-12T11:12:17.080Z,-2.8249,-79.699,36.69,3.8,mb,,165,0.567,1.18,us,us200080bl,2022-08-07T11:29:21.518Z,"15 km NE of Baláo, Ecuador",earthquake,5.1,25.6,0.227,5,reviewed,us,us
2016-12-12T14:42:26.930Z,0.8666,-79.6942,35.3,4.7,mb,,132,1.365,0.7,us,us20008077,2017-03-09T02:14:28.040Z,"11 km SSW of Esmeraldas, Ecuador",earthquake,4.8,7.8,0.052,112,reviewed,us,us
2016-12-12T15:54:00.240Z,0.8529,-79.7855,34.94,5.2,mww,,48,1.44,0.75,us,us20008088,2022-05-03T18:05:37.620Z,"18 km SW of Esmeraldas, Ecuador",earthquake,5.7,5.7,,,reviewed,us,us
2016-12-12T19:29:19.470Z,0.6163,-79.429,45.36,4.1,mb,,218,1.099,0.73,us,us200082va,2017-03-09T02:14:29.040Z,"32 km N of Rosa Zarate, Ecuador",earthquake,8.6,18.5,0.174,9,reviewed,us,us
2016-12-13T22:55:51.820Z,0.9465,-79.7679,28.52,4.4,mb,,137,1.365,0.58,us,us10007lri,2017-03-09T02:14:30.040Z,"12 km W of Esmeraldas, Ecuador",earthquake,4.4,5.1,0.123,19,reviewed,us,us
2016-12-16T01:53:06.410Z,-2.5888,-79.856,49.44,4.1,mb,,94,0.61,0.94,us,us200082fd,2017-03-16T02:31:22.040Z,"28 km WNW of Naranjal, Ecuador",earthquake,5.9,14.1,0.135,15,reviewed,us,us
2016-12-19T07:11:39.570Z,0.8754,-79.7079,10,5.4,mwr,,24,1.474,0.95,us,us200082i5,2022-05-03T18:06:20.965Z,"11 km SSW of Esmeraldas, Ecuador",earthquake,5.9,1.5,0.073,18,reviewed,us,us
2016-12-19T07:24:57.680Z,0.8205,-79.6857,10,4.2,mb,,117,1.424,0.74,us,us10007rcf,2017-03-16T02:31:29.040Z,"15 km SSW of Esmeraldas, Ecuador",earthquake,5,2,0.16,11,reviewed,us,us
2016-12-19T08:57:14.960Z,0.7831,-79.7186,10,4.5,mb,,78,1.432,0.95,us,us200082ix,2017-03-16T02:31:29.040Z,"20 km SSW of Esmeraldas, Ecuador",earthquake,6.4,1.9,0.055,98,reviewed,us,us
2016-12-20T10:49:58.210Z,0.9054,-79.7553,10,4.8,mwr,,78,1.529,0.96,us,us200082tc,2022-05-03T18:06:53.973Z,"12 km WSW of Esmeraldas, Ecuador",earthquake,6.1,1.9,0.078,16,reviewed,us,us
2016-12-20T12:09:37.940Z,1.1396,-79.741,10,4.4,mb,,141,1.663,1.01,us,us10007rfb,2017-03-16T02:31:30.040Z,"22 km NNW of Esmeraldas, Ecuador",earthquake,5.2,2,0.202,7,reviewed,us,us
2016-12-20T15:41:33.420Z,0.9148,-79.6875,10,4.6,mb,,132,1.327,0.58,us,us200082vm,2017-03-16T02:31:31.040Z,"6 km SW of Esmeraldas, Ecuador",earthquake,7.1,1.9,0.059,86,reviewed,us,us
2016-12-20T17:39:23.080Z,0.9368,-79.6304,11.4,4.9,mb,,130,1.27,0.79,us,us10007lhs,2017-03-16T02:31:31.040Z,"3 km SE of Esmeraldas, Ecuador",earthquake,1.9,4.3,0.038,216,reviewed,us,us
2016-12-20T17:55:18.820Z,0.9739,-79.5919,25.3,4.1,mb,,139,1.217,1.2,us,us10007rfu,2017-03-16T02:31:31.040Z,"7 km ENE of Esmeraldas, Ecuador",earthquake,5.5,10.9,0.301,3,reviewed,us,us
2016-12-21T01:04:51.620Z,0.9239,-79.6856,10,4.8,mwr,,77,1.319,0.86,us,us10007llb,2017-03-16T02:31:32.040Z,"5 km SW of Esmeraldas, Ecuador",earthquake,6.2,1.9,0.093,11,reviewed,us,us
2016-12-22T15:25:24.060Z,-2.1518,-80.2336,10,3.7,mb,,208,1.024,0.9,us,us10007m4m,2017-03-16T02:31:33.040Z,"near the coast of Ecuador",earthquake,4.2,2,0.226,5,reviewed,us,us
2016-12-23T03:43:51.310Z,2.6595,-75.5794,10,4.4,mb,,100,2.507,1.05,us,us10007m63,2017-03-23T22:51:59.040Z,"6 km E of Íquira, Colombia",earthquake,7.7,1.9,0.112,23,reviewed,us,us
2016-12-28T05:05:04.970Z,1.6873,-76.9221,138.08,4.7,mb,,42,1.295,1.38,us,us10007n50,2017-03-23T22:52:06.040Z,"10 km E of San Pablo, Colombia",earthquake,7,5.5,0.053,108,reviewed,us,us
2016-12-29T04:02:20.630Z,-2.1085,-78.0353,134.25,4.2,mb,,62,0.977,0.59,us,us10007tng,2017-03-23T22:52:08.040Z,"23 km NNE of Macas, Ecuador",earthquake,8,8.1,0.159,11,reviewed,us,us
2017-01-01T06:35:49.360Z,2.5444,-79.0252,14.98,4.7,mb,,134,0.765,0.73,us,us10007p1x,2017-03-27T23:53:16.040Z,"63 km W of Mosquera, Colombia",earthquake,6.9,5,0.066,69,reviewed,us,us
2017-01-01T07:38:33.620Z,2.3138,-78.5497,18.22,4.4,mb,,127,0.506,0.5,us,us10007p2b,2017-03-27T23:53:16.040Z,"24 km SSW of Mosquera, Colombia",earthquake,7.8,9.8,0.13,17,reviewed,us,us
2017-01-02T13:13:48.710Z,-4.895,-76.3675,106,5.9,mww,,31,3.002,0.82,us,us10007p7n,2022-05-03T18:56:43.725Z,"34 km ESE of Barranca, Peru",earthquake,7.1,1.9,,,reviewed,us,us
2017-01-07T09:11:54.050Z,-2.9409,-80.3394,25.9,4.1,mb,,118,0.661,0.75,us,us10007v7y,2017-03-27T23:53:26.040Z,"34 km S of Playas, Ecuador",earthquake,6.5,10.7,0.166,10,reviewed,us,us
2017-01-11T02:36:29.700Z,0.6184,-80.0216,10,4.9,mwr,,82,1.63,0.96,us,us10007si5,2022-05-03T18:08:38.887Z,"0 km NNW of Muisne, Ecuador",earthquake,4.1,1.9,0.075,17,reviewed,us,us
2017-01-15T09:44:50.970Z,-0.1702,-80.6566,37.13,4.6,mb,,97,2.162,0.94,us,us10007tdb,2017-04-12T02:28:57.040Z,"53 km NNW of Bahía de Caráquez, Ecuador",earthquake,7,8,0.066,69,reviewed,us,us
2017-01-16T12:26:16.760Z,-1.7784,-77.4143,187.62,4.4,mb,,83,1.393,1.44,us,us10007wns,2017-04-12T02:28:58.040Z,"61 km E of Palora, Ecuador",earthquake,9.3,9.1,0.114,22,reviewed,us,us
2017-01-30T04:56:32.540Z,-2.7798,-79.4792,50.82,4.2,mb,,117,0.962,0.89,us,us10007was,2017-04-27T01:38:38.040Z,"19 km SE of Naranjal, Ecuador",earthquake,6.1,11.2,0.167,10,reviewed,us,us
2017-01-31T14:22:38.700Z,0.702,-79.6769,10,5.5,mww,,62,1.31,0.78,us,us10007wew,2022-05-03T18:10:13.603Z,"28 km S of Esmeraldas, Ecuador",earthquake,6,1.8,,,reviewed,us,us
2017-01-31T23:38:26.990Z,-3.3133,-76.8871,46.88,4.8,mb,,71,2.632,0.95,us,us10007wj0,2022-05-03T18:10:15.178Z,"53 km WNW of Alianza Cristiana, Peru",earthquake,3.6,6.5,0.056,98,reviewed,us,us
2017-02-03T20:33:08.160Z,2.4226,-77.7205,92.3,4.2,mb,,88,1.161,0.77,us,us20008k90,2017-04-27T01:38:43.040Z,"24 km SE of Guapí, Colombia",earthquake,8.8,7.5,0.215,7,reviewed,us,us
2017-02-15T04:12:11.970Z,-1.3728,-80.478,27.63,4.1,mwr,,113,0.957,0.62,us,us20008jvp,2017-05-13T01:03:20.040Z,"11 km ESE of Jipijapa, Ecuador",earthquake,4.5,5.2,0.069,20,reviewed,us,us
2017-02-19T06:26:52.530Z,-2.2387,-79.9337,70.46,3.5,mb,,104,1.058,1.03,us,us20008lb1,2022-08-07T11:40:28.110Z,"7 km SW of Guayaquil, Ecuador",earthquake,3.7,15,0.348,2,reviewed,us,us
2017-02-20T07:45:10.440Z,-5.1484,-74.9088,10.22,5.1,mww,,29,3.372,0.91,us,us20008kvi,2022-05-03T18:11:29.270Z,"85 km E of Lagunas, Peru",earthquake,6.6,3.2,0.078,16,reviewed,us,us
2017-02-23T03:41:02.310Z,-5.4831,-76.7206,108.06,4.5,mb,,108,3.406,0.92,us,us20008lnt,2017-05-17T01:19:36.040Z,"66 km NNE of Moyobamba, Peru",earthquake,8.3,10,0.113,23,reviewed,us,us
2017-03-21T04:29:10.900Z,-3.6792,-80.9208,23.59,4.9,mwr,,116,1.183,0.83,us,us20008tgi,2022-05-03T18:13:07.916Z,"26 km W of Zorritos, Peru",earthquake,7.1,4.7,0.093,11,reviewed,us,us
2017-03-24T10:37:22.740Z,-3.9679,-80.8712,31,4.4,mb,,125,0.904,1.04,us,us20008u97,2017-06-12T19:46:55.040Z,"19 km NW of Papayal, Peru",earthquake,3.3,6.9,0.071,57,reviewed,us,us
2017-03-25T18:06:44.750Z,-4.4644,-76.933,10.97,4.8,mb,,63,3.014,1,us,us20008umq,2022-05-03T18:14:11.467Z,"49 km NW of Barranca, Peru",earthquake,5.7,4.6,0.031,323,reviewed,us,us
2017-03-28T11:15:31.570Z,-3.1638,-75.7563,128.52,4.6,mb,,24,3.455,1.22,us,us20008v91,2017-06-16T23:08:00.040Z,"82 km ENE of Alianza Cristiana, Peru",earthquake,7.3,4.5,0.035,240,reviewed,us,us
2017-03-30T00:20:38.350Z,-1.755,-78.0288,168.01,4.3,mb,,78,0.798,1.44,us,us10008emg,2017-06-16T23:08:02.040Z,"9 km SW of Palora, Ecuador",earthquake,8.6,5.9,0.148,13,reviewed,us,us
2017-04-09T14:04:08.990Z,-3.8194,-75.7956,35,4.5,mb,,55,3.784,0.88,us,us10008g2e,2017-07-05T18:09:53.040Z,"80 km ESE of Alianza Cristiana, Peru",earthquake,7.5,2,0.056,94,reviewed,us,us
2017-04-12T14:14:07.020Z,-3.0524,-77.2999,102.43,4.3,mb,,65,2.158,1.25,us,us10008gyd,2017-07-05T18:09:57.040Z,"106 km WNW of Alianza Cristiana, Peru",earthquake,7.9,11.3,0.119,21,reviewed,us,us
2017-04-18T17:49:55.790Z,-2.7118,-75.3035,14,5.9,mww,,16,3.682,1.2,us,us10008iq5,2022-05-03T18:16:11.821Z,"151 km NE of Alianza Cristiana, Peru",earthquake,6.1,1.7,0.041,56,reviewed,us,us
2017-04-25T22:31:18.490Z,-1.7418,-78.0396,157.58,4.2,mb,,101,0.783,0.43,us,us10008nak,2017-07-21T02:32:06.040Z,"9 km WSW of Palora, Ecuador",earthquake,8.7,4,0.216,6,reviewed,us,us
2017-05-01T00:06:06.560Z,-2.3401,-77.4435,17.49,4.4,mwr,,54,1.588,0.63,us,us10008mbt,2017-07-29T03:16:09.040Z,"74 km E of Macas, Ecuador",earthquake,4.8,4.7,0.06,27,reviewed,us,us
2017-05-01T16:15:50.290Z,1.3639,-79.43,37.39,4,mb,,146,0.845,1.44,us,us10008ptt,2017-07-29T03:16:13.040Z,"51 km NNE of Esmeraldas, Ecuador",earthquake,5.1,17.9,0.231,5,reviewed,us,us
2017-05-16T15:59:17.370Z,-2.2168,-80.2692,57.97,4.6,mb,,101,0.722,1.11,us,us10008sr2,2017-08-05T03:32:09.040Z,"30 km W of Santa Lucía, Ecuador",earthquake,4.8,7.2,0.055,97,reviewed,us,us
2017-05-21T10:14:19.260Z,-4.6948,-79.8665,86.67,4.8,mb,,111,1.156,1.07,us,us10008u0i,2017-08-10T01:33:57.040Z,"10 km NNW of Lagunas, Peru",earthquake,8,6.5,0.06,86,reviewed,us,us
2017-05-25T08:43:13.920Z,-0.1671,-78.4796,10,3.6,mb,,122,0.189,1.08,us,us10008vdz,2017-08-10T01:34:01.040Z,"8 km NE of Quito, Ecuador",earthquake,5.5,2,0.249,4,reviewed,us,us
2017-05-29T12:06:53.710Z,-1.6319,-78.037,161.08,4.4,mb,,47,0.843,1.18,us,us10008w1m,2017-08-15T02:26:45.040Z,"11 km NW of Palora, Ecuador",earthquake,8.7,4,0.138,15,reviewed,us,us
2017-06-05T04:08:34.500Z,-3.5168,-77.3642,57.27,4.2,mb,,73,2.159,1.17,us,us20009ljy,2017-08-16T02:42:16.040Z,"103 km W of Alianza Cristiana, Peru",earthquake,7.4,8.3,0.091,33,reviewed,us,us
2017-06-05T11:34:11.290Z,-4.072,-80.3583,49,5.6,mww,,25,0.596,1.05,us,us20009kr6,2022-05-03T18:31:20.458Z,"Peru-Ecuador border region",earthquake,7.3,1.9,0.045,47,reviewed,us,us
2017-06-06T20:34:50.460Z,-4.137,-80.6966,95.45,4,mb,,197,1.959,1.39,us,us20009lzf,2017-08-16T02:42:18.040Z,"7 km SE of Papayal, Peru",earthquake,7.5,19.7,0.299,4,reviewed,us,us
2017-06-08T04:27:43.330Z,-4.0532,-80.4516,57.26,4.5,mb,,147,1.931,0.69,us,us20009mng,2017-08-16T02:42:20.040Z,"25 km ESE of Cañaveral, Peru",earthquake,3,8.3,0.091,35,reviewed,us,us
2017-06-11T18:01:52.280Z,0.3211,-80.4079,10,4.3,mb,,131,1.928,1.22,us,us20009lvf,2017-08-18T23:13:22.040Z,"48 km NW of Pedernales, Ecuador",earthquake,4.9,2,0.133,16,reviewed,us,us
2017-06-19T04:16:34.420Z,-3.6098,-77.1071,106.49,4.6,mb,,90,2.429,0.62,us,us20009nir,2017-08-23T16:35:44.040Z,"76 km W of Alianza Cristiana, Peru",earthquake,7.5,8.7,0.04,189,reviewed,us,us
2017-06-25T03:03:41.430Z,-4.4632,-80.029,77.89,4.3,mb,,164,2.128,0.73,us,us20009pjt,2017-09-27T02:03:11.040Z,"6 km NNW of Suyo, Peru",earthquake,8.1,9.2,0.075,50,reviewed,us,us
2017-06-30T22:29:45.140Z,-0.2849,-80.4927,13,6,mww,,27,1.953,0.84,us,us100095nr,2022-05-03T18:32:30.829Z,"35 km NNW of Bahía de Caráquez, Ecuador",earthquake,5.5,1.7,0.048,42,reviewed,us,us
2017-07-01T03:32:55.920Z,-0.3647,-80.3266,10,4.2,mb,,122,1.838,1.09,us,us100095pe,2017-09-27T02:03:20.040Z,"27 km NNE of Bahía de Caráquez, Ecuador",earthquake,6.8,2,0.125,18,reviewed,us,us
2017-07-01T23:16:33.430Z,-0.2821,-80.8327,10,4.3,mb,,83,1.898,0.9,us,us100097t8,2017-09-27T02:03:21.040Z,"57 km NW of Bahía de Caráquez, Ecuador",earthquake,4,1.9,0.125,18,reviewed,us,us
2017-07-11T12:09:15.560Z,0.7164,-79.7006,17,5.4,mww,,25,1.337,1,us,us100098s3,2022-05-03T18:33:24.701Z,"27 km S of Esmeraldas, Ecuador",earthquake,5.6,1.7,0.066,22,reviewed,us,us
2017-07-26T19:59:24.610Z,-0.8448,-80.2782,42.64,4.3,mb,,142,1.511,0.9,us,us2000a37k,2017-10-14T00:19:41.040Z,"8 km SW of Tosagua, Ecuador",earthquake,6.8,7.5,0.154,12,reviewed,us,us
2017-08-09T22:03:17.330Z,-3.7161,-74.0341,10,4.2,mb,,52,4.141,0.82,us,us2000a83f,2017-10-25T00:38:05.040Z,"83 km W of San Juan, Peru",earthquake,3.9,1.9,0.199,7,reviewed,us,us
2017-08-11T20:17:56.700Z,-5.2372,-80.9377,42.74,4.7,mb,,116,1.304,0.7,us,us2000a7f8,2022-08-07T14:30:33.445Z,"25 km NW of Tablazo Norte, Peru",earthquake,6.8,7.8,0.041,180,reviewed,us,us
2017-09-13T03:34:45.200Z,0.9958,-79.4515,53.18,4.4,mb,,114,1.252,0.88,us,us2000al9a,2017-12-13T02:29:41.040Z,"22 km E of Esmeraldas, Ecuador",earthquake,6.3,9.1,0.101,28,reviewed,us,us
2017-09-16T04:21:06.930Z,-1.4861,-77.9211,162.23,4.6,mb,,49,0.946,0.89,us,us2000anyf,2017-12-13T02:29:46.040Z,"9 km E of Puyo, Ecuador",earthquake,6.4,3.5,0.031,311,reviewed,us,us
2017-09-19T12:48:28.660Z,-2.1312,-78.7264,112.4,4.4,mb,,53,0.626,0.86,us,us2000aqp7,2017-12-19T01:54:05.040Z,"15 km ENE of Alausí, Ecuador",earthquake,6,5.8,0.071,58,reviewed,us,us
2017-09-26T08:33:23.300Z,-5.8816,-77.3785,10,4.4,mb,,120,2.931,1.42,us,us2000auvr,2017-12-22T21:56:23.040Z,"16 km NW of Segunda Jerusalén - Azunguillo, Peru",earthquake,4,1.9,0.138,15,reviewed,us,us
2017-10-01T07:37:43.020Z,-1.5052,-77.5042,198.12,4.1,mb,,37,1.256,1.04,us,us2000axfi,2018-01-03T01:54:41.040Z,"55 km E of Puyo, Ecuador",earthquake,7.8,6.4,0.114,21,reviewed,us,us
2017-10-06T15:32:10.140Z,-4.2813,-80.7921,35.17,4.5,mb,,144,0.84,1.32,us,us1000arjg,2018-01-03T01:54:48.040Z,"10 km ESE of La Breita, Peru",earthquake,8.5,9.7,0.124,19,reviewed,us,us
2017-10-07T09:26:13.120Z,-1.7015,-77.9133,137.9,5.2,mww,,30,0.977,1.08,us,us2000b2fc,2025-12-22T17:27:07.583Z,"5 km E of Palora, Ecuador",earthquake,6.7,4.1,0.05,38,reviewed,us,us
2017-10-09T04:15:21.690Z,-1.6381,-77.5824,168.05,4.9,mb,,35,1.284,1.2,us,us2000b2xw,2025-12-22T17:38:10.621Z,"43 km E of Palora, Ecuador",earthquake,7.5,4.8,0.028,399,reviewed,us,us
2017-10-11T05:08:12.160Z,-1.6656,-77.7036,179.49,4.4,mb,,41,1.177,1.01,us,us1000aq2e,2018-01-09T02:14:55.040Z,"29 km E of Palora, Ecuador",earthquake,8.2,9,0.087,38,reviewed,us,us
2017-10-19T02:39:11.850Z,1.0737,-79.4764,28.36,4.6,mb,,113,1.319,0.56,us,us1000atxw,2018-01-11T02:22:07.040Z,"23 km ENE of Esmeraldas, Ecuador",earthquake,5.2,5,0.063,75,reviewed,us,us
2017-10-22T07:48:07.540Z,-5.2366,-75.7149,35.24,4.4,mb,,92,3.461,1,us,us1000ayn2,2018-01-17T21:50:29.040Z,"4 km WSW of Lagunas, Peru",earthquake,7.8,10.2,0.149,13,reviewed,us,us
2017-10-23T09:40:57.600Z,-0.0868,-79.3273,10,3.5,mb,,107,0.832,0.8,us,us1000aw4d,2022-08-07T20:23:31.772Z,"24 km NW of Santo Domingo de los Colorados, Ecuador",earthquake,2.9,2,0.287,3,reviewed,us,us
2017-10-23T17:08:20.060Z,-1.3115,-77.5672,186.44,4.4,mb,,55,1.094,0.83,us,us1000avz6,2018-01-17T21:50:31.040Z,"44 km SE of Tena, Ecuador",earthquake,8.1,6.9,0.042,167,reviewed,us,us
2017-11-03T07:33:54.560Z,-2.3926,-77.3812,144.34,4.3,mb,,56,1.734,1.29,us,us2000bhkp,2018-01-24T01:25:07.040Z,"81 km E of Macas, Ecuador",earthquake,8.5,9.1,0.116,21,reviewed,us,us
2017-11-04T00:16:35.270Z,2.4828,-76.0318,157.28,5.1,mww,,24,1.65,0.82,us,us2000bi7p,2025-12-22T17:27:51.038Z,"8 km SSE of Inzá, Colombia",earthquake,6.2,4,0.052,35,reviewed,us,us
2017-11-04T01:22:34.110Z,1.9325,-79.0226,40.3,4.2,mb,,130,1.728,0.72,us,us2000bi8p,2018-01-24T01:25:08.040Z,"29 km WNW of Tumaco, Colombia",earthquake,8.7,13.4,0.11,23,reviewed,us,us
2017-11-04T09:01:05.010Z,-4.5055,-77.8678,45.5,4.1,mb,,105,1.483,0.9,us,us2000bibq,2018-01-24T01:25:08.040Z,"123 km SE of Yantzaza, Ecuador",earthquake,7.4,15.6,0.157,11,reviewed,us,us
2017-11-06T06:06:48.910Z,-1.9464,-79.5172,105.47,4.1,mb,,105,0.577,1.36,us,us2000bj3p,2018-01-31T03:04:40.040Z,"3 km S of Alfredo Baquerizo Moreno, Ecuador",earthquake,4.8,8.5,0.214,6,reviewed,us,us
2017-11-06T11:18:03.540Z,-2.4483,-76.7952,125.43,4.5,mb,,48,1.835,0.69,us,us2000bj6e,2018-01-31T03:04:40.040Z,"120 km NNW of Alianza Cristiana, Peru",earthquake,7.7,7.4,0.052,109,reviewed,us,us
2017-11-06T17:56:53.460Z,0.6776,-79.785,35,4.3,mb,,154,1.403,1.03,us,us2000bpn7,2018-01-31T03:04:41.040Z,"27 km ENE of Muisne, Ecuador",earthquake,7.8,2,0.122,19,reviewed,us,us
2017-11-10T06:56:42.150Z,-1.2543,-80.4509,25.66,4.4,mb,,63,1.071,0.65,us,us2000blaz,2018-01-31T03:04:46.040Z,"4 km NW of Sucre, Ecuador",earthquake,5.9,8.4,0.12,20,reviewed,us,us
2017-11-11T14:45:22.240Z,2.7641,-74.9148,46.1,4.7,mb,,100,0.925,1.15,us,us2000bm1j,2022-08-07T21:10:20.662Z,"38 km E of Rivera, Colombia",earthquake,6.7,7.3,0.063,77,reviewed,us,us
2017-11-17T13:40:41.310Z,-2.4428,-79.8202,78.05,5.4,mww,,31,0.562,0.96,us,us2000bqc4,2025-12-22T16:52:57.577Z,"28 km SSE of Guayaquil, Ecuador",earthquake,5.6,3.5,0.056,31,reviewed,us,us
2017-11-18T04:23:46.830Z,-2.9657,-79.707,35,5.5,mww,,59,0.669,1.15,us,us2000bqvz,2022-05-03T18:40:48.008Z,"13 km ESE of Baláo, Ecuador",earthquake,6.6,1.5,0.06,27,reviewed,us,us
2017-11-18T23:03:55.200Z,-4.1696,-80.4735,44.98,4,mb,,173,0.554,0.9,us,us2000buz3,2018-02-06T02:45:42.040Z,"30 km ESE of Papayal, Peru",earthquake,5.7,9.1,0.156,11,reviewed,us,us
2017-11-19T03:35:48.640Z,-4.1664,-80.6543,40.57,4.4,mb,,176,0.726,0.84,us,us2000br8k,2018-02-14T02:01:02.040Z,"13 km SE of Papayal, Peru",earthquake,5.9,10.7,0.097,31,reviewed,us,us
2017-11-19T12:38:51.730Z,-0.1562,-79.8123,69.14,4.1,mb,,117,1.322,1.07,us,us2000brf6,2018-02-14T02:01:03.040Z,"36 km SE of Pedernales, Ecuador",earthquake,7.3,8.8,0.165,10,reviewed,us,us
2017-11-19T21:42:12.220Z,-1.7221,-78.03,152.41,4.9,mb,,33,0.869,0.71,us,us2000brkj,2025-12-22T17:38:29.100Z,"7 km WSW of Palora, Ecuador",earthquake,7,5.6,0.033,283,reviewed,us,us
2017-11-23T03:33:58.870Z,-2.1885,-80.3886,49.83,4.3,mb,,101,0.602,0.84,us,us2000btp2,2018-02-14T02:01:11.040Z,"43 km W of Santa Lucía, Ecuador",earthquake,4.4,10,0.201,7,reviewed,us,us
2017-11-28T02:04:26.700Z,-2.0618,-79.9736,70.02,5,mb,,79,0.82,0.73,us,us2000bv8q,2018-02-20T09:06:05.040Z,"13 km NNE of Santa Lucía, Ecuador",earthquake,5.1,4.8,0.029,381,reviewed,us,us
2017-11-29T02:25:00.670Z,-2.0179,-77.3765,153.05,4.4,mb,,34,1.58,1.3,us,us2000bvrq,2018-02-20T09:06:06.040Z,"74 km ESE of Palora, Ecuador",earthquake,7.9,7.4,0.068,63,reviewed,us,us
2017-11-30T06:26:49.320Z,2.6919,-78.886,10,4.4,mb,,105,0.865,0.8,us,us1000bj7l,2018-02-20T09:06:08.040Z,"52 km WNW of Mosquera, Colombia",earthquake,6.2,1.9,0.12,20,reviewed,us,us
2017-12-03T11:19:05.440Z,-0.47,-80.3101,17,6.1,mww,,47,1.763,1.04,us,us1000bkjh,2022-05-03T18:42:02.735Z,"18 km NE of Bahía de Caráquez, Ecuador",earthquake,5.6,1.7,0.045,48,reviewed,us,us
2017-12-04T22:53:14.030Z,-1.6591,-78.0454,148.65,4.3,mb,,45,0.839,0.98,us,us1000bl7f,2018-02-28T02:32:25.040Z,"10 km WNW of Palora, Ecuador",earthquake,7.6,7.1,0.072,54,reviewed,us,us
2017-12-07T02:37:45.350Z,-4.0919,-80.1753,68.62,4.4,mb,,120,0.353,0.68,us,us2000c1f4,2018-02-28T02:32:30.040Z,"24 km W of Celica, Ecuador",earthquake,6.3,5.5,0.068,62,reviewed,us,us
2017-12-17T06:25:19.100Z,-2.9167,-78.7774,108.37,4,mb,,49,0.365,0.75,us,us2000c5d2,2018-03-14T00:58:20.040Z,"2 km S of Gualaceo, Ecuador",earthquake,4.8,5.9,0.3,4,reviewed,us,us
2017-12-17T09:05:26.250Z,0.289,-79.7706,48.64,4.1,mb,,157,1.295,1.3,us,us2000c5dv,2018-03-14T00:58:21.040Z,"33 km W of Rosa Zarate, Ecuador",earthquake,5.1,13.6,0.213,6,reviewed,us,us
2017-12-17T09:16:26.750Z,0.6888,-80.15,10,4.6,mb,,126,1.757,1.51,us,us2000c5dx,2018-03-14T00:58:21.040Z,"16 km WNW of Muisne, Ecuador",earthquake,3.8,1.9,0.083,43,reviewed,us,us
2017-12-21T09:52:42.980Z,-1.1161,-80.5231,37.92,4.5,mb,,125,1.161,1.31,us,us1000bub4,2018-03-14T00:58:25.040Z,"10 km SW of Portoviejo, Ecuador",earthquake,7.3,6.3,0.131,17,reviewed,us,us
2017-12-22T03:57:04.940Z,-5.3848,-80.5677,10,4.6,mb,,158,1.179,0.89,us,us1000buw7,2018-03-14T00:58:26.040Z,"18 km SE of Catacaos, Peru",earthquake,6.2,1.9,0.082,44,reviewed,us,us
2017-12-26T06:04:21.090Z,-3.1476,-80.8605,8.6,4.3,mb,,129,0.886,1.01,us,us1000bw8y,2018-03-17T01:54:35.040Z,"62 km NNW of Zorritos, Peru",earthquake,6,8,0.143,14,reviewed,us,us
2017-12-26T18:47:35.060Z,-5.7259,-79.4438,81.37,4.3,mb,,160,1.44,1.03,us,us2000ci79,2018-03-17T01:54:35.040Z,"15 km WNW of San Felipe, Peru",earthquake,6.7,8,0.138,15,reviewed,us,us
2018-01-03T01:32:19.090Z,1.9851,-79.2032,38.13,4.2,mb,,169,0.5,0.46,us,us1000bz7e,2018-03-23T23:16:49.040Z,"50 km WNW of Tumaco, Colombia",earthquake,10,16.9,0.199,7,reviewed,us,us
2018-01-06T19:30:23.820Z,-0.8773,-80.312,29.57,4.3,mwr,,64,1.466,1.19,us,us1000c1i4,2018-03-23T23:16:53.040Z,"13 km WNW of Junín, Ecuador",earthquake,3.5,6.4,0.073,18,reviewed,us,us
2018-01-21T07:30:58.380Z,-3.2846,-75.8527,127.01,4.6,mb,,57,2.641,0.9,us,us2000cm2x,2018-04-10T01:11:50.040Z,"northern Peru",earthquake,7.7,8.1,0.082,45,reviewed,us,us
2018-01-23T13:45:34.400Z,-3.9586,-80.6661,45.15,4.4,mb,,167,0.723,1.07,us,us2000cn31,2022-08-07T23:26:05.259Z,"2 km SW of Cañaveral, Peru",earthquake,3.7,7.9,0.126,18,reviewed,us,us
2018-01-23T23:54:53.640Z,-2.6943,-76.7072,122.2,4.6,mb,,55,1.842,1.14,us,us2000cnh2,2018-04-20T07:05:12.040Z,"91 km NNW of Alianza Cristiana, Peru",earthquake,5.7,6.4,0.059,86,reviewed,us,us
2018-01-25T15:02:09.970Z,0.216,-77.761,10,4.5,mb,,84,0.442,1.25,us,us2000cp9e,2022-08-07T23:30:29.070Z,"27 km SE of Pimampiro, Ecuador",earthquake,2.1,1.9,0.116,23,reviewed,us,us
2018-01-25T22:03:35.730Z,-4.8367,-76.5208,44.86,4.5,mb,,95,2.585,0.79,us,us2000cph9,2022-08-07T23:31:14.340Z,"17 km E of Barranca, Peru",earthquake,7.3,11.7,0.135,16,reviewed,us,us
2018-01-31T23:13:21.400Z,-1.7441,-77.672,20.54,5.2,mb,,29,1.222,0.65,us,us1000cdgu,2020-07-10T15:40:17.607Z,"32 km E of Palora, Ecuador",earthquake,4.8,3.7,0.042,192,reviewed,us,us
2018-02-01T04:47:00.490Z,-1.6121,-77.743,183.76,4.5,mb,,43,1.132,0.79,us,us1000cdk1,2018-04-25T01:39:40.040Z,"26 km ENE of Palora, Ecuador",earthquake,7,4.8,0.087,39,reviewed,us,us
2018-02-07T09:47:37.640Z,-2.972,-81.1358,34.87,4,mb,,209,0.793,0.95,us,us1000ci5p,2018-05-03T22:15:01.040Z,"85 km SSW of La Libertad, Ecuador",earthquake,5.1,7.5,0.299,3,reviewed,us,us
2018-02-13T15:06:58.850Z,-1.7938,-77.6893,163.23,4.3,mb,,42,1.216,0.85,us,us2000d6y8,2018-05-15T06:29:04.040Z,"32 km ESE of Palora, Ecuador",earthquake,6,6.8,0.058,84,reviewed,us,us
2018-02-16T00:18:54.040Z,-5.7796,-81.0561,25.5,4.5,mwr,,118,1.779,0.85,us,us2000d2zi,2022-08-08T00:23:19.352Z,"35 km SW of Sechura, Peru",earthquake,5.6,4.5,0.083,14,reviewed,us,us
2018-02-16T08:01:26.640Z,-5.891,-80.9604,24.82,4.7,mb,,119,1.813,0.97,us,us2000d33r,2022-08-08T00:24:54.242Z,"39 km SSW of Sechura, Peru",earthquake,8.3,6.3,0.075,54,reviewed,us,us
2018-02-19T01:09:39.440Z,-1.3278,-78.7399,125.45,4.2,mb,,82,0.209,1.27,us,us2000d4h3,2018-05-22T02:00:16.040Z,"16 km WSW of Ambato, Ecuador",earthquake,6.3,6.1,0.147,13,reviewed,us,us
2018-02-27T03:40:11.470Z,-2.8891,-79.7755,10,4.7,mb,,96,0.666,0.88,us,us2000d8lq,2018-05-27T01:06:03.040Z,"4 km ENE of Baláo, Ecuador",earthquake,6.2,1.9,0.052,112,reviewed,us,us
2018-02-27T14:20:38.810Z,-2.8025,-79.7882,3.17,4.5,mb,,96,0.626,0.75,us,us2000d8qa,2018-05-27T01:06:04.040Z,"12 km NNE of Baláo, Ecuador",earthquake,2.3,5.2,0.11,24,reviewed,us,us
2018-03-01T16:14:40.320Z,-0.68,-80.6294,38.94,4.6,mb,,76,1.539,1,us,us2000d9sj,2022-08-08T00:50:31.039Z,"24 km WSW of Bahía de Caráquez, Ecuador",earthquake,4.8,6.6,0.058,88,reviewed,us,us
2018-03-03T19:09:18.770Z,-2.839,-79.7387,4.27,4.3,mb,,92,0.606,1.28,us,us1000d2de,2018-05-27T01:06:11.040Z,"11 km NE of Baláo, Ecuador",earthquake,2.4,5.7,0.188,8,reviewed,us,us
2018-03-04T06:16:19.540Z,-5.7558,-80.9264,29.68,4.5,mb,,118,1.683,0.69,us,us2000dbz0,2018-05-27T01:06:12.040Z,"24 km SSW of Sechura, Peru",earthquake,8.4,5.9,0.115,22,reviewed,us,us
2018-03-10T20:55:00.330Z,-4.8383,-81.3153,10.62,4,mb,,227,1.434,0.95,us,us1000d5c4,2018-06-08T05:12:19.040Z,"29 km S of Talara, Peru",earthquake,6.9,8.3,0.258,4,reviewed,us,us
2018-03-23T04:58:49.440Z,-4.83,-77.562,61.99,4.2,mb,,101,2.428,0.46,us,us1000d7u5,2018-06-19T01:35:48.040Z,"98 km W of Barranca, Peru",earthquake,6,11.2,0.167,10,reviewed,us,us
2018-04-03T01:15:23.760Z,-0.1897,-78.5218,5,4.3,mb,,89,0.211,0.33,us,us1000dder,2018-11-09T20:26:35.375Z,"4 km N of Quito, Ecuador",earthquake,5.7,1.9,0.116,21,reviewed,us,us
2018-04-16T00:30:07.080Z,-1.9364,-78.0112,148.83,4.2,mb,,79,0.963,1.08,us,us1000dpan,2018-07-17T02:05:27.040Z,"26 km S of Palora, Ecuador",earthquake,8.2,9.3,0.115,21,reviewed,us,us
2018-04-16T03:03:50.220Z,-1.8459,-79.3279,10,3.8,mb,,188,0.576,0.32,us,us2000e0su,2018-07-17T02:05:27.040Z,"7 km SW of Montalvo, Ecuador",earthquake,4.7,2,0.228,5,reviewed,us,us
2018-04-18T12:44:19.020Z,-1.409,-77.7101,178.79,4.3,mb,,41,1.036,0.98,us,us2000e234,2018-07-17T02:05:30.040Z,"33 km ENE of Puyo, Ecuador",earthquake,8.3,8.2,0.047,128,reviewed,us,us
2018-04-24T00:58:47.570Z,-0.243,-80.3499,24.54,4.5,mwr,,87,1.866,1.11,us,us1000dr1w,2022-08-08T02:29:32.446Z,"40 km NNE of Bahía de Caráquez, Ecuador",earthquake,5.8,3.4,0.078,16,reviewed,us,us
2018-05-01T01:58:31.460Z,1.859,-75.7791,35.86,4.5,mb,,72,2.306,0.86,us,us1000dv4s,2018-07-27T20:20:33.040Z,"13 km S of Suaza, Colombia",earthquake,6.2,6.3,0.118,21,reviewed,us,us
2018-05-01T09:34:50.200Z,-2.931,-77.3719,239.4,4.3,mb,,80,2.068,1.13,us,us1000dzxp,2018-07-27T20:20:33.040Z,"103 km ESE of Sucúa, Ecuador",earthquake,11.1,17.3,0.187,8,reviewed,us,us
2018-05-22T13:36:19.270Z,0.497,-78.4272,33.37,5,mb,,116,0.316,0.93,us,us1000e9ww,2022-05-03T19:13:55.851Z,"28 km NW of Cotacachi, Ecuador",earthquake,5.5,1.3,0.034,276,reviewed,us,us
2018-05-25T07:41:03.600Z,0.3193,-80.7219,10,4.3,mb,,93,2.239,0.86,us,us1000ebu1,2018-08-21T21:23:50.040Z,"79 km WNW of Pedernales, Ecuador",earthquake,7.3,1.9,0.125,18,reviewed,us,us
2018-05-25T21:54:20.740Z,1.6617,-78.7266,35,4.4,mwr,,124,1.328,0.87,us,us1000ecfs,2018-08-21T21:23:52.040Z,"16 km SSE of Tumaco, Colombia",earthquake,6,2,0.098,10,reviewed,us,us
2018-05-29T14:15:41.800Z,1.2764,-77.4896,10,3.4,ml,,183,0.631,1.01,us,us1000eea0,2018-08-28T16:28:22.040Z,"2 km WSW of Sandoná, Colombia",earthquake,9.2,1.9,0.148,6,reviewed,us,us
2018-06-03T01:51:53.850Z,-0.1457,-78.4348,22.28,3.5,ml,,149,0.179,0.38,us,us1000ei78,2022-08-08T04:23:16.081Z,"13 km NE of Quito, Ecuador",earthquake,6.7,15.8,0.115,10,reviewed,us,us
2018-06-12T09:35:25.480Z,1.0673,-77.2722,11.55,4.9,mwr,,42,0.621,1.06,us,us1000ep1l,2020-07-10T15:49:21.856Z,"13 km ESE of Tangua, Colombia",earthquake,4.8,3.3,0.098,10,reviewed,us,us
2018-06-15T13:35:38.930Z,-2.0135,-79.6407,98.04,4.4,mb,,144,0.927,1.15,us,us1000esc9,2018-09-07T17:47:05.040Z,"10 km ESE of Samborondón, Ecuador",earthquake,10.8,7.3,0.117,21,reviewed,us,us
2018-07-02T01:16:45.080Z,-1.3647,-77.6371,180.67,4,mb,,78,1.013,0.8,us,us2000fyc7,2018-09-27T14:03:42.040Z,"42 km ENE of Puyo, Ecuador",earthquake,9.4,7.7,0.09,33,reviewed,us,us
2018-07-07T00:19:52.490Z,2.9425,-75.621,65.81,4.5,mb,,85,2.292,0.6,us,us2000fyt3,2022-08-08T05:42:41.904Z,"3 km ESE of Santa María, Colombia",earthquake,5.9,10.7,0.127,18,reviewed,us,us
2018-07-09T18:14:15.570Z,-2.6849,-79.8533,49.53,4.6,mb,,96,0.883,0.72,us,us2000g0kb,2022-08-08T05:51:15.596Z,"25 km N of Baláo, Ecuador",earthquake,7.6,8.3,0.044,152,reviewed,us,us
2018-07-11T17:57:54.960Z,-3.6496,-77.4982,79.44,4.5,mb,,144,3.067,0.64,us,us2000g2cl,2018-10-02T16:40:34.040Z,"119 km W of Alianza Cristiana, Peru",earthquake,11.2,6.3,0.055,96,reviewed,us,us
2018-07-16T05:35:13.960Z,-2.9748,-78.4639,89.37,4.5,mb,,145,2.23,0.93,us,us2000g5xq,2018-10-04T14:15:31.040Z,"36 km ESE of Gualaceo, Ecuador",earthquake,8.9,3.7,0.041,175,reviewed,us,us
2018-07-17T11:27:13.530Z,-5.0594,-77.3372,42.51,4.6,mb,,144,4.453,0.75,us,us2000g6y7,2018-10-04T14:15:30.040Z,"77 km WSW of Barranca, Peru",earthquake,8,6.6,0.045,147,reviewed,us,us
2018-07-18T01:28:54.680Z,2.3132,-79.3951,10,4.6,mb,,145,2.258,1.19,us,us2000g7l1,2018-10-04T14:15:34.040Z,"87 km WNW of Salahonda, Colombia",earthquake,8.2,1.9,0.056,97,reviewed,us,us
2018-07-18T01:29:41.510Z,-5.6585,-76.5714,56.59,4.7,mb,,90,2.331,0.73,us,us2000g7l2,2022-08-08T06:08:40.440Z,"56 km WNW of Yurimaguas, Peru",earthquake,8.2,3.8,0.05,123,reviewed,us,us
2018-07-18T18:18:07.020Z,2.7213,-79.6595,10,4.1,mb,,158,2.747,0.66,us,us2000gbw8,2018-10-04T14:15:34.040Z,"134 km NW of Salahonda, Colombia",earthquake,10.5,2,0.12,19,reviewed,us,us
2018-07-25T07:51:29.630Z,-2.0127,-77.5569,150.66,4.5,mb,,129,1.583,1.04,us,us2000gdb2,2018-10-09T16:43:30.040Z,"56 km SE of Palora, Ecuador",earthquake,7.7,7.7,0.041,175,reviewed,us,us
2018-08-16T19:09:12.290Z,-2.9215,-81.6576,10,4.6,mb,,104,1.705,1.06,us,us1000gasg,2018-10-27T16:22:04.040Z,"110 km SW of Salinas, Ecuador",earthquake,7.5,1.9,0.055,98,reviewed,us,us
2018-08-22T16:23:35.260Z,-2.9459,-75.4384,145.38,4.9,mb,,96,3.656,0.85,us,us1000gfgj,2018-11-01T17:50:54.040Z,"125 km ENE of Alianza Cristiana, Peru",earthquake,7.2,5.2,0.028,397,reviewed,us,us
2018-09-02T03:43:15.680Z,-2.5225,-79.3462,79.74,4.9,mb,,37,1.972,1.06,us,us2000h6rs,2022-08-08T07:46:54.955Z,"10 km S of La Troncal, Ecuador",earthquake,7.6,5,0.027,423,reviewed,us,us
2018-09-03T06:31:37.240Z,-3.1621,-77.5981,111.01,4.4,mb,,70,2.494,1.18,us,us2000h720,2018-11-14T17:40:12.040Z,"100 km SE of Sucúa, Ecuador",earthquake,5.2,7.3,0.045,141,reviewed,us,us
2018-09-07T02:12:06.280Z,-2.2532,-78.7903,110.5,6.2,mww,,26,1.541,0.95,us,us2000ha13,2022-05-03T20:03:40.275Z,"8 km SE of Alausí, Ecuador",earthquake,6.7,1.8,0.043,51,reviewed,us,us
2018-09-08T14:38:56.980Z,-4.3674,-81.5144,10,5.1,mww,,58,1.657,0.69,us,us2000hb2g,2022-05-03T19:29:39.123Z,"34 km WSW of El Alto, Peru",earthquake,6.8,1.7,0.075,17,reviewed,us,us
2018-09-09T03:19:36.370Z,-4.0608,-76.0558,41.71,4.6,mb,,97,4.034,1.1,us,us1000hd28,2018-11-14T17:40:19.040Z,"77 km SSE of Alianza Cristiana, Peru",earthquake,8.7,7.2,0.071,59,reviewed,us,us
2018-09-09T03:19:46.770Z,-4.0548,-75.9112,35,4.6,mb,,97,4.177,0.77,us,us2000hbc2,2018-11-14T17:40:19.040Z,"86 km SE of Alianza Cristiana, Peru",earthquake,7.8,1.7,0.07,60,reviewed,us,us
2018-09-11T06:08:33.640Z,1.2493,-77.3936,10,3.2,ml,,161,0.659,0.18,us,us2000hd3f,2018-11-21T18:19:09.040Z,"5 km SSE of La Florida, Colombia",earthquake,5.5,1.1,0.128,8,reviewed,us,us
2018-09-13T08:20:49.810Z,-1.4061,-78.351,10,3.1,ml,,318,0.92,0.79,us,us2000heem,2022-08-08T08:07:07.670Z,"8 km E of Baños, Ecuador",earthquake,6.4,2,0.128,8,reviewed,us,us
2018-09-17T20:44:39.390Z,-2.8454,-77.542,104.36,4.6,mb,,76,2.415,0.8,us,us2000hg2x,2018-11-27T15:51:58.040Z,"Peru-Ecuador border region",earthquake,7.7,5.5,0.055,97,reviewed,us,us
2018-09-20T17:54:46.370Z,-0.8033,-79.13,83.86,4.3,mb,,173,1.032,0.36,us,us1000h3ay,2018-11-27T15:51:55.040Z,"18 km NE of La Maná, Ecuador",earthquake,12,12.6,0.16,11,reviewed,us,us
2018-09-20T22:45:19.600Z,-1.896,-77.1672,155.44,4.3,mb,,145,2.326,1.24,us,us1000h3aw,2018-11-27T15:51:55.040Z,"91 km ESE of Palora, Ecuador",earthquake,9.4,6.5,0.099,29,reviewed,us,us
2018-10-10T02:47:52.610Z,-5.6057,-81.0733,34.03,4.4,mb,,97,3.065,0.79,us,us1000hcw2,2018-12-21T21:15:53.040Z,"28 km W of Sechura, Peru",earthquake,10.5,5.5,0.139,15,reviewed,us,us
2018-10-13T13:36:02.580Z,0.4716,-79.7374,61.97,4.7,mb,,144,1.307,1.02,us,us1000hbp3,2018-12-21T21:15:51.040Z,"33 km WNW of Rosa Zarate, Ecuador",earthquake,7.3,7.5,0.086,41,reviewed,us,us
2018-10-15T23:41:55.220Z,-3.4084,-77.3126,105.81,4.7,mb,,139,3.796,0.58,us,us1000hcl4,2018-12-21T22:27:01.040Z,"97 km W of Alianza Cristiana, Peru",earthquake,9.4,7.3,0.032,293,reviewed,us,us
2018-10-20T18:42:22.530Z,-5.1878,-77.091,104.6,4.7,mww,,58,2.328,0.74,us,us1000hf1q,2025-12-22T17:47:36.029Z,"60 km SW of Barranca, Peru",earthquake,5.9,4.3,0.103,9,reviewed,us,us
2018-10-21T21:08:56.040Z,-1.8538,-79.874,68.88,5.1,mww,,42,0.865,0.94,us,us1000hfc9,2025-12-22T17:51:45.685Z,"13 km NE of El Triunfo, Ecuador",earthquake,8.7,4.4,0.061,26,reviewed,us,us
2018-10-22T04:32:13.560Z,0.6119,-80.3425,10,4.7,mb,,79,1.927,0.94,us,us1000hfg2,2019-01-10T17:18:33.040Z,"near the coast of Ecuador",earthquake,3.5,1.8,0.063,76,reviewed,us,us
2018-10-26T09:11:52.050Z,-1.531,-77.8192,163.66,4.9,mb,,77,1.711,1.12,us,us1000hhgv,2025-12-22T17:51:48.184Z,"21 km ESE of Puyo, Ecuador",earthquake,7.2,5.7,0.035,254,reviewed,us,us
2018-10-29T12:20:52.380Z,-3.6957,-80.3208,58.16,4.5,mb,,144,1.618,1.1,us,us1000hihf,2022-08-08T09:35:34.160Z,"Peru-Ecuador border region",earthquake,9.9,7.6,0.084,41,reviewed,us,us
2018-10-30T12:23:57.880Z,-2.2255,-78.7012,92.33,4.3,mb,,75,0.604,0.84,us,us2000i7k3,2019-01-21T14:29:39.040Z,"16 km E of Alausí, Ecuador",earthquake,7.8,7.1,0.066,65,reviewed,us,us
2018-11-03T00:56:07.850Z,-2.2962,-76.5197,187.92,4.4,mb,,159,3.172,0.94,us,us1000hpsq,2019-01-21T14:29:45.040Z,"130 km N of Alianza Cristiana, Peru",earthquake,13.6,14,0.148,13,reviewed,us,us
2018-11-17T12:55:33.690Z,-2.5357,-80.6747,10,4.9,mww,,134,1.417,0.98,us,us1000ht5t,2022-05-03T19:39:11.130Z,"33 km WNW of Playas, Ecuador",earthquake,7.4,1.9,0.098,10,reviewed,us,us
2018-12-14T09:56:02.480Z,-2.9163,-75.4347,117.61,4.8,mb,,45,3.844,0.8,us,us2000itj2,2019-02-16T22:29:08.040Z,"127 km ENE of Alianza Cristiana, Peru",earthquake,8.1,5.2,0.04,195,reviewed,us,us
2018-12-15T21:11:44.120Z,0.2837,-78.8614,57.25,4.9,mb,,130,0.413,0.64,us,us2000itx6,2022-05-03T19:41:48.966Z,"66 km W of Cotacachi, Ecuador",earthquake,7.8,5.5,0.046,148,reviewed,us,us
2018-12-21T18:57:21.510Z,2.3449,-79.528,10,4.9,mb,,42,2.354,1.01,us,us2000iw19,2019-02-23T20:22:13.040Z,"102 km NW of Tumaco, Colombia",earthquake,6.1,1.5,0.055,103,reviewed,us,us
2019-01-03T21:11:51.720Z,-5.6193,-76.9012,43.68,4.9,mb,,139,3.915,0.59,us,us2000j04a,2025-12-22T17:53:19.350Z,"46 km N of Moyobamba, Peru",earthquake,8.9,8.4,0.043,167,reviewed,us,us
2019-01-04T08:49:53.430Z,-2.8457,-76.3184,128.26,4.6,mb,,71,2.96,0.93,us,us2000j07n,2019-03-08T17:50:15.040Z,"70 km N of Alianza Cristiana, Peru",earthquake,4.9,7.2,0.061,81,reviewed,us,us
2019-01-06T11:19:34.370Z,-2.1685,-79.2408,10,4.3,mb,,129,0.296,0.61,us,us2000j0t0,2019-03-08T17:50:17.040Z,"21 km ENE of Coronel Marcelino Maridueña, Ecuador",earthquake,4,2,0.106,25,reviewed,us,us
2019-01-08T10:00:10.050Z,-4.6078,-74.0062,10,5.2,mww,,33,3.36,0.84,us,us2000j1c8,2025-12-22T17:54:16.511Z,"48 km WSW of Nauta, Peru",earthquake,6.4,1.7,0.055,32,reviewed,us,us
2019-01-11T23:02:51.580Z,-1.6756,-78.0484,146.11,4.6,mb,,79,1.441,0.75,us,us2000j35h,2019-04-02T20:52:16.040Z,"9 km WNW of Palora, Ecuador",earthquake,7.2,7.8,0.043,157,reviewed,us,us
2019-01-16T12:59:05.750Z,-2.8718,-76.1302,38.28,4.2,mb,,139,3.862,0.88,us,us2000jbt1,2019-04-05T21:41:03.040Z,"74 km NNE of Alianza Cristiana, Peru",earthquake,6.9,9.9,0.16,11,reviewed,us,us
2019-01-18T21:27:01.530Z,-3.2663,-76.818,103,5.7,mww,,25,2.562,0.72,us,us2000j63c,2025-12-22T18:01:55.510Z,"48 km WNW of Alianza Cristiana, Peru",earthquake,7,1.8,0.037,72,reviewed,us,us
2019-01-19T22:03:36.720Z,2.5739,-74.8939,10,4.4,mb,,87,1.242,0.68,us,us2000j6gh,2019-04-05T21:41:01.040Z,"46 km ESE of Rivera, Colombia",earthquake,5.9,1.8,0.162,11,reviewed,us,us
2019-01-21T11:14:06.250Z,2.6567,-79.0168,10,4.6,mb,,113,2.468,1.43,us,us2000j6tb,2019-04-05T21:41:02.040Z,"south of Panama",earthquake,8.2,1.9,0.107,26,reviewed,us,us
2019-01-21T13:44:07.800Z,2.6434,-79.12,10,4.6,mb,,149,2.481,0.89,us,us2000jdmm,2019-04-05T21:41:05.040Z,"75 km WNW of Mosquera, Colombia",earthquake,3.6,1.9,0.098,31,reviewed,us,us
2019-01-25T09:49:47.520Z,-1.3246,-77.4919,192.49,4.5,mb,,78,1.824,0.78,us,us2000j8qb,2022-08-08T11:48:15.546Z,"51 km SE of Tena, Ecuador",earthquake,5,5.9,0.04,187,reviewed,us,us
2019-01-25T10:10:06.650Z,-1.2455,-81.0539,10,4.4,mb,,175,2.166,0.74,us,us2000jern,2019-04-12T17:17:02.040Z,"49 km WSW of Montecristi, Ecuador",earthquake,5.8,2,0.155,12,reviewed,us,us
2019-01-29T06:10:56.080Z,2.8793,-75.5748,27.74,4.3,mb,,94,1.29,0.95,us,us2000j9z4,2019-04-18T19:09:24.040Z,"11 km SE of Santa María, Colombia",earthquake,7.6,7.6,0.137,15,reviewed,us,us
2019-02-03T03:03:10.600Z,-2.6511,-78.5322,94.27,4.9,mb,,104,0.747,0.84,us,us2000jclm,2019-04-18T19:09:34.040Z,"35 km NE of La Unión, Ecuador",earthquake,5.8,8,0.033,298,reviewed,us,us
2019-02-04T17:45:48.100Z,-2.4081,-79.8348,70,5.8,mww,,47,0.579,1.04,us,us2000jd8d,2025-12-22T18:02:40.159Z,"24 km SSE of Guayaquil, Ecuador",earthquake,7.2,1.5,0.04,61,reviewed,us,us
2019-02-05T09:53:03.260Z,-2.7818,-78.5671,85.71,4.8,mb,,114,0.757,0.75,us,us2000jdjs,2025-12-22T18:02:44.153Z,"25 km ENE of La Unión, Ecuador",earthquake,6.4,6.7,0.035,250,reviewed,us,us
2019-02-14T06:24:46.380Z,0.6328,-77.7852,10,4.8,mb,,75,0.772,0.98,us,us2000jhs0,2025-12-22T18:03:20.893Z,"6 km NE of San Gabriel, Ecuador",earthquake,4.8,1.9,0.045,150,reviewed,us,us
2019-02-14T13:42:50.700Z,-3.1854,-80.486,46.92,4.7,mb,,94,3.962,0.98,us,us2000jhy7,2019-05-01T22:00:43.040Z,"42 km NW of Aguas Verdes, Peru",earthquake,4.6,8.3,0.075,53,reviewed,us,us
2019-02-22T10:17:23.770Z,-2.1862,-77.0505,145,7.5,mww,,15,2.045,1.12,us,us2000jlfv,2025-12-22T18:03:48.343Z,"115 km ESE of Palora, Ecuador",earthquake,6.2,1.8,0.026,144,reviewed,us,us
2019-02-22T10:40:40.250Z,-2.2377,-79.7366,70.89,5.5,mb,,32,0.529,1.08,us,us2000jlh2,2025-12-22T18:03:49.459Z,"14 km ESE of Eloy Alfaro, Ecuador",earthquake,7.1,3.5,0.026,509,reviewed,us,us
2019-02-23T02:40:07.780Z,-2.1529,-77.4034,135.12,4.2,mb,,146,2.595,0.87,us,us1000javt,2019-05-11T17:40:34.040Z,"79 km SE of Palora, Ecuador",earthquake,11.9,10.2,0.187,8,reviewed,us,us
2019-03-14T09:02:07.762Z,-2.355,-77.0225,113.78,4.5,mb,,71,2.235,1.1,us,us1000jfe1,2019-06-01T21:24:14.040Z,"121 km E of Macas, Ecuador",earthquake,5.2,8.8,0.085,40,reviewed,us,us
2019-03-20T16:23:22.850Z,-2.7612,-77.3293,32.28,5.1,mb,,45,1.948,0.85,us,us1000jjan,2025-12-22T18:56:36.794Z,"99 km ESE of Sucúa, Ecuador",earthquake,6.2,3.9,0.028,405,reviewed,us,us
2019-03-25T14:03:27.780Z,-2.3052,-76.5475,141.51,4.4,mb,,66,2.499,0.74,us,us1000jla5,2019-06-06T18:54:27.040Z,"129 km N of Alianza Cristiana, Peru",earthquake,7.5,7.6,0.101,28,reviewed,us,us
2019-03-28T15:39:56.360Z,-2.8442,-76.6752,107.18,4.6,mb,,76,2.606,0.89,us,us2000k6ki,2019-06-08T20:51:20.040Z,"74 km NNW of Alianza Cristiana, Peru",earthquake,7.2,5.2,0.041,178,reviewed,us,us
2019-03-31T07:04:04.795Z,-1.9446,-80.8101,18,6.2,mww,,36,1.635,0.83,us,us2000k7vu,2025-12-22T18:56:28.127Z,"31 km N of Santa Elena, Ecuador",earthquake,6.8,1.8,0.034,81,reviewed,us,us
2019-03-31T07:08:51.586Z,-2.0009,-80.9989,10,4.9,mb,,98,1.8,0.76,us,us2000k7w1,2019-06-08T20:51:26.040Z,"24 km NNW of Salinas, Ecuador",earthquake,3.9,1.9,0.056,100,reviewed,us,us
2019-03-31T07:12:14.557Z,-2.0272,-80.8818,10,4.4,mb,,98,1.68,0.67,us,us2000kcen,2019-06-08T20:51:38.040Z,"22 km NNE of Salinas, Ecuador",earthquake,4.5,1.9,0.149,14,reviewed,us,us
2019-03-31T07:27:13.353Z,-1.9695,-80.7188,10,5.1,mb,,106,1.541,0.66,us,us2000k7w6,2019-06-08T20:51:26.040Z,"32 km NNE of Santa Elena, Ecuador",earthquake,5.1,1.6,0.034,286,reviewed,us,us
2019-03-31T07:28:50.636Z,-1.9363,-80.7342,18.62,5.5,mww,,36,1.566,0.81,us,us2000k7w8,2025-12-22T18:00:37.446Z,"34 km NNE of Santa Elena, Ecuador",earthquake,3.5,3.2,0.066,22,reviewed,us,us
2019-03-31T08:54:18.339Z,-1.9238,-80.816,10,4.4,mb,,97,1.648,0.43,us,us2000kcet,2019-06-08T20:51:38.040Z,"33 km N of Santa Elena, Ecuador",earthquake,5.9,1.9,0.203,7,reviewed,us,us
2019-03-31T14:09:10.860Z,-2.0306,-80.8862,10,4.9,mb,,107,1.684,0.71,us,us2000k80e,2025-12-22T18:06:54.680Z,"21 km NNE of Salinas, Ecuador",earthquake,5.8,1.7,0.031,336,reviewed,us,us
2019-04-03T13:21:43.830Z,-2.1776,-77.1632,139.6,4.3,mb,,82,1.961,0.93,us,us2000k9m8,2019-06-18T15:50:12.040Z,"103 km ESE of Palora, Ecuador",earthquake,9.4,10,0.128,17,reviewed,us,us
2019-04-08T03:23:49.241Z,-2.1232,-80.3581,47.02,4.9,mb,,40,1.151,0.85,us,us2000kc35,2025-12-22T18:07:24.162Z,"36 km SSW of Pedro Carbo, Ecuador",earthquake,7,4.5,0.026,477,reviewed,us,us
2019-04-13T03:43:56.820Z,-1.386,-77.7347,175.49,4.8,mb,,124,1.764,0.84,us,us7000359x,2019-06-20T19:03:29.040Z,"31 km ENE of Puyo, Ecuador",earthquake,8.5,7.2,0.026,464,reviewed,us,us
2019-04-15T03:11:29.701Z,-3.0208,-75.481,140.02,4.5,mb,,79,4.391,1.07,us,us70003650,2019-06-20T19:03:39.040Z,"117 km ENE of Alianza Cristiana, Peru",earthquake,7.6,5.9,0.045,146,reviewed,us,us
2019-04-17T09:13:29.269Z,-2.2045,-81.0121,10,4.4,mb,,99,1.772,0.74,us,us700037mu,2019-06-26T20:54:46.040Z,"6 km W of Salinas, Ecuador",earthquake,5,1.9,0.12,20,reviewed,us,us
2019-04-17T15:01:00.938Z,-5.0706,-78.1327,49.33,5.1,mww,,64,2.067,0.74,us,us700037tm,2025-12-22T18:08:00.639Z,"68 km NNE of La Peca, Peru",earthquake,7.2,6,0.103,9,reviewed,us,us
2019-04-22T01:04:51.922Z,-3.2798,-80.4387,38.19,4.8,mb,,92,4.019,0.98,us,us70003a3g,2022-08-08T13:25:48.335Z,"30 km NW of Zarumilla, Peru",earthquake,8.4,5.6,0.039,200,reviewed,us,us
2019-04-29T03:15:03.304Z,-3.8694,-80.3488,71.19,4.1,mb,,131,3.626,1.07,us,us70003ifw,2019-07-13T18:42:58.040Z,"26 km SW of Matapalo, Peru",earthquake,9.4,7.1,0.14,14,reviewed,us,us
2019-05-02T11:06:08.573Z,-5.2425,-77.2531,31.79,4.5,mb,,146,4.651,0.6,us,us70003fmr,2019-07-25T18:54:08.040Z,"78 km SW of Barranca, Peru",earthquake,7.2,7.2,0.064,71,reviewed,us,us
2019-05-13T18:00:19.422Z,0.6489,-78.0096,15.17,4.6,mb,,92,0.601,0.92,us,us70003khl,2019-08-01T17:15:17.040Z,"8 km WNW of El Ángel, Ecuador",earthquake,5,1.9,0.039,197,reviewed,us,us
2019-05-16T04:04:56.085Z,-2.3498,-76.8933,136.43,4.9,mb,,79,3.005,0.78,us,us70003lz2,2025-12-22T18:09:37.903Z,"134 km NNW of Alianza Cristiana, Peru",earthquake,6.1,7.3,0.033,283,reviewed,us,us
2019-05-18T03:55:39.611Z,-4.7728,-74.9872,35,4.5,mb,,88,3.711,1.1,us,us70003mxi,2019-08-07T22:03:47.040Z,"91 km ENE of Lagunas, Peru",earthquake,8.1,2,0.102,31,reviewed,us,us
2019-05-22T20:49:45.912Z,-2.4571,-77.5952,107.16,4.2,mb,,80,1.66,1.37,us,us70003t9f,2019-08-13T14:30:48.040Z,"59 km ESE of Macas, Ecuador",earthquake,6.1,14.5,0.167,10,reviewed,us,us
2019-05-26T07:41:15.073Z,-5.8119,-75.2697,122.57,8,mww,,17,3.18,0.84,us,us60003sc0,2025-12-22T18:09:59.494Z,"78 km NE of Navarro, Peru",earthquake,7,4,0.036,75,reviewed,us,us
2019-05-29T23:40:23.847Z,-4.7289,-75.2549,150.87,4.8,mb,,67,3.913,0.77,us,us70003sz7,2019-08-24T21:17:35.040Z,"72 km NE of Lagunas, Peru",earthquake,6.2,6.5,0.051,120,reviewed,us,us
2019-06-11T21:25:41.679Z,-1.3586,-77.7408,172.18,4.4,mb,,76,0.98,0.84,us,us70003yaq,2019-09-06T14:25:33.040Z,"32 km ENE of Puyo, Ecuador",earthquake,6.2,6.9,0.091,35,reviewed,us,us
2019-06-15T07:07:52.856Z,-4.0694,-76.8341,108.51,4.4,mb,,96,2.896,0.77,us,us6000448m,2019-09-06T14:25:24.040Z,"79 km SW of Alianza Cristiana, Peru",earthquake,8,10.1,0.143,14,reviewed,us,us
2019-06-19T23:02:59.760Z,-4.0003,-75.994,107.44,4.9,mww,,39,3.597,0.76,us,us600043dq,2019-09-11T15:19:16.040Z,"75 km SE of Alianza Cristiana, Peru",earthquake,6.7,5.1,0.086,13,reviewed,us,us
2019-07-04T04:40:37.614Z,-1.576,-77.9745,151.69,4.6,mb,,90,1.557,0.92,us,us70004j1x,2019-09-26T14:31:05.040Z,"10 km SSE of Puyo, Ecuador",earthquake,7.1,9.1,0.137,16,reviewed,us,us
2019-07-04T07:12:30.849Z,-3.1224,-77.6259,52.05,4.3,mb,,101,1.755,0.65,us,us70004j21,2019-09-26T14:31:05.040Z,"95 km SE of Sucúa, Ecuador",earthquake,6.6,9,0.122,19,reviewed,us,us
2019-07-04T18:21:00.012Z,-4.2394,-80.3853,61.73,4.8,mb,,145,2.09,0.58,us,us70004a2l,2025-12-22T18:12:41.088Z,"42 km ESE of Papayal, Peru",earthquake,8.2,3.2,0.06,85,reviewed,us,us
2019-07-23T11:44:56.812Z,-2.3592,-76.291,144.08,4.9,mb,,73,2.735,0.66,us,us70004r5c,2019-10-11T20:12:23.040Z,"124 km N of Alianza Cristiana, Peru",earthquake,6.9,6.2,0.024,537,reviewed,us,us
2019-07-24T02:41:29.031Z,-2.8066,-78.1428,10,4.3,mb,,123,1.163,0.62,us,us60004ykh,2019-10-11T20:12:24.040Z,"38 km S of Sucúa, Ecuador",earthquake,7.8,1.9,0.097,30,reviewed,us,us
2019-07-30T12:25:29.217Z,-1.9299,-77.939,142.98,4.2,mb,,72,1.316,0.9,us,us600051ul,2019-10-19T21:42:15.040Z,"25 km S of Palora, Ecuador",earthquake,7.4,7,0.088,36,reviewed,us,us
2019-07-31T09:41:41.663Z,-2.0531,-78.9503,10,4.4,mb,,108,0.512,0.76,us,us60004xw5,2019-10-19T21:42:01.040Z,"20 km NW of Alausí, Ecuador",earthquake,5.6,1.9,0.057,90,reviewed,us,us
2019-08-18T09:28:29.560Z,-2.3237,-79.2769,84.69,5,mww,,125,0.142,0.83,us,us600056nv,2025-12-22T18:15:06.547Z,"13 km NNE of La Troncal, Ecuador",earthquake,8.3,6.2,0.073,18,reviewed,us,us
2019-08-22T20:53:41.326Z,-3.5285,-79.0745,68,4.2,mb,,185,1.071,0.81,us,us7000579b,2019-11-08T22:13:41.040Z,"near the coast of Ecuador",earthquake,6.8,17,0.136,15,reviewed,us,us
2019-08-23T21:14:12.597Z,-5.4004,-77.1573,10,4.6,mb,,147,3.589,0.68,us,us700057pm,2022-08-08T15:46:08.008Z,"66 km NNE of Segunda Jerusalén - Azunguillo, Peru",earthquake,6.4,1.9,0.132,17,reviewed,us,us
2019-08-25T20:30:20.180Z,2.7344,-78.0396,61.45,5,mww,,72,2.514,1.33,us,us7000582j,2025-12-22T18:15:21.756Z,"24 km NW of Guapí, Colombia",earthquake,8.3,6.9,0.069,20,reviewed,us,us
2019-09-03T04:59:09.775Z,-1.6429,-77.9436,145.2,4.5,mb,,80,1.546,0.63,us,us70005bcq,2019-11-30T19:37:32.040Z,"6 km NNE of Palora, Ecuador",earthquake,7.3,6.8,0.055,97,reviewed,us,us
2019-09-06T13:33:48.320Z,-5.7549,-75.3202,125.41,4.5,mb,,64,3.255,0.59,us,us70005cs1,2019-11-30T19:37:04.040Z,"70 km SE of Lagunas, Peru",earthquake,8.2,7.8,0.07,60,reviewed,us,us
2019-09-09T23:52:42.651Z,-1.3137,-77.8088,169.31,4.4,mb,,85,1.845,0.95,us,us70005dxj,2019-11-30T19:36:31.040Z,"28 km NE of Puyo, Ecuador",earthquake,8.7,9,0.054,97,reviewed,us,us
2019-09-11T15:18:03.350Z,-1.8675,-77.8884,142.67,4.5,mb,,71,1.491,1.04,us,us70005et4,2019-12-05T18:30:58.040Z,"20 km SSE of Palora, Ecuador",earthquake,7.3,5.8,0.044,149,reviewed,us,us
2019-09-16T05:54:18.316Z,-3.8102,-76.2745,110.01,4.6,mb,,82,3.264,0.69,us,us70005gws,2019-12-05T18:31:09.040Z,"41 km SSE of Alianza Cristiana, Peru",earthquake,7,7.3,0.065,70,reviewed,us,us
2019-09-19T17:55:26.402Z,-2.1117,-80.2094,54.01,4,mb,,177,1.014,0.62,us,us70005mf6,2019-12-10T17:27:14.040Z,"24 km WNW of Santa Lucía, Ecuador",earthquake,8.4,15.7,0.212,6,reviewed,us,us
2019-09-27T13:44:44.129Z,0.7964,-77.9091,33.5,4.3,mb,,116,2.387,0.64,us,us70005mh3,2019-12-20T19:03:17.040Z,"18 km SW of Cumbal, Colombia",earthquake,8.4,8.7,0.084,40,reviewed,us,us
2019-10-02T21:43:01.053Z,-5.5447,-80.8043,45.61,4.5,mb,,117,2.869,0.83,us,us70005q1k,2022-08-08T16:13:12.319Z,"2 km NE of Sechura, Peru",earthquake,8.4,4.1,0.115,22,reviewed,us,us
2019-10-11T10:59:48.509Z,-2.5228,-76.9998,121.22,4.3,mb,,75,2.256,0.78,us,us70005tcw,2019-12-28T20:45:59.040Z,"122 km NNW of Alianza Cristiana, Peru",earthquake,6.7,9.2,0.093,33,reviewed,us,us
2019-10-22T16:15:38.689Z,-2.9033,-79.6628,74.61,4.6,mb,,91,0.593,0.95,us,us70005x7b,2020-01-11T21:26:23.040Z,"16 km E of Baláo, Ecuador",earthquake,7.9,6.5,0.061,79,reviewed,us,us
2019-11-02T12:20:09.137Z,-2.5133,-80.8072,37.06,4.4,mb,,80,1.549,0.68,us,us700062am,2022-08-08T16:39:39.596Z,"32 km S of Santa Elena, Ecuador",earthquake,7.4,6.1,0.081,44,reviewed,us,us
2019-11-15T10:09:24.112Z,-1.7449,-77.7166,21.61,4.1,mb,,142,1.274,1.02,us,us70006bm8,2020-02-07T20:21:25.040Z,"28 km E of Palora, Ecuador",earthquake,9.2,7,0.151,12,reviewed,us,us
2019-11-15T14:38:35.599Z,-2.1059,-77.6235,120.89,4.3,mb,,146,1.621,0.55,us,us60006c0c,2020-02-07T20:21:29.040Z,"58 km SE of Palora, Ecuador",earthquake,10.6,9.7,0.133,16,reviewed,us,us
2019-11-16T23:32:27.224Z,-1.5476,-77.7733,175.2,4.4,mb,,72,1.087,1.14,us,us700068ze,2020-02-07T20:21:50.040Z,"26 km ESE of Puyo, Ecuador",earthquake,7.9,6.7,0.081,44,reviewed,us,us
2019-11-19T16:23:08.297Z,-3.43,-77.6054,104.01,4.4,mb,,108,1.907,0.52,us,us70006dnu,2020-02-14T22:02:23.040Z,"108 km E of Gualaquiza, Ecuador",earthquake,8.6,8.5,0.084,41,reviewed,us,us
2019-11-19T20:47:40.643Z,-5.6965,-76.8495,39.24,4.5,mb,,93,2.097,0.57,us,us70006a2n,2022-08-08T16:55:12.822Z,"39 km NNE of Moyobamba, Peru",earthquake,6.8,6.2,0.073,58,reviewed,us,us
2019-12-03T19:07:10.440Z,-4.9899,-76.3071,28.15,4.4,mb,,137,4.497,0.5,us,us60006q9n,2020-02-29T19:52:53.040Z,"44 km ESE of Barranca, Peru",earthquake,6.6,8.1,0.127,19,reviewed,us,us
2019-12-08T08:56:09.832Z,-0.0864,-78.4095,10,4.6,mb,,120,0.324,1.05,us,us60006nvf,2020-05-30T13:01:25.434Z,"20 km NE of Quito, Ecuador",earthquake,2.5,1.9,0.049,123,reviewed,us,us
2019-12-11T00:50:37.527Z,-2.4299,-76.6711,130.16,4.2,mb,,96,3.191,1.32,us,us60006t8v,2020-03-04T21:27:12.040Z,"118 km NNW of Alianza Cristiana, Peru",earthquake,9.1,7,0.083,40,reviewed,us,us
2020-01-03T14:16:43.016Z,-3.3233,-79.9983,68.82,4.9,mb,,154,1.128,1.16,us,us70006u7d,2020-03-21T17:13:34.040Z,"6 km S of Puerto Bolívar, Ecuador",earthquake,12.9,10.2,0.036,237,reviewed,us,us
2020-01-16T02:03:16.407Z,-4.056,-76.9944,106.86,4.5,mb,,58,3.361,0.61,us,us700070nf,2020-04-08T19:40:11.040Z,"89 km SW of Alianza Cristiana, Peru",earthquake,8.2,2.6,0.059,87,reviewed,us,us
2020-01-17T04:32:04.935Z,2.2118,-79.6665,10,4.8,mb,,136,2.307,1.08,us,us700071h9,2020-04-08T19:40:16.040Z,"107 km WNW of Tumaco, Colombia",earthquake,2.3,1.8,0.04,199,reviewed,us,us
2020-01-27T10:00:17.575Z,0.4194,-78.7565,49.5,4.1,mb,,137,0.355,0.57,us,us60007h4m,2020-04-11T18:20:55.040Z,"56 km WNW of Cotacachi, Ecuador",earthquake,10,11.7,0.184,8,reviewed,us,us
2020-01-30T22:10:10.125Z,-3.6423,-75.3493,10,5.1,mb,,30,4.073,1.02,us,us60007kt4,2025-12-22T18:27:30.986Z,"121 km E of Alianza Cristiana, Peru",earthquake,6.4,1.7,0.023,604,reviewed,us,us
2020-02-05T01:51:45.431Z,-5.8126,-80.7451,42.07,5,mb,,52,2.68,0.77,us,us70007iu1,2022-08-08T18:20:07.945Z,"29 km SSE of Sechura, Peru",earthquake,6.6,3.2,0.05,126,reviewed,us,us
2020-02-05T07:57:20.260Z,-4.4768,-77.4566,10,5.1,mww,,92,2.687,1.01,us,us70007ixw,2025-12-22T18:27:50.479Z,"95 km WNW of Barranca, Peru",earthquake,6.4,1.8,0.055,32,reviewed,us,us
2020-02-08T09:57:01.424Z,-4.484,-77.4558,10,4.4,mb,,152,4.794,0.84,us,us70007q5q,2020-04-25T22:19:42.040Z,"94 km WNW of Barranca, Peru",earthquake,10.2,1.9,0.127,18,reviewed,us,us
2020-02-09T20:33:28.059Z,-2.1402,-79.3831,109.25,4.6,mb,,143,2.539,1.03,us,us70007m82,2020-04-25T22:19:02.040Z,"9 km NE of Coronel Marcelino Maridueña, Ecuador",earthquake,10.9,6.9,0.077,51,reviewed,us,us
2020-02-22T08:56:19.285Z,-3.4003,-77.6492,10,4.4,mb,,125,1.854,0.89,us,us70007uq6,2020-05-09T21:41:11.040Z,"103 km E of Gualaquiza, Ecuador",earthquake,8.6,1.9,0.103,27,reviewed,us,us
2020-02-26T17:14:43.506Z,2.6379,-79.6043,10,4.5,mb,,149,2.648,1.29,us,us600084nf,2020-05-19T22:13:58.040Z,"124 km WNW of Salahonda, Colombia",earthquake,9.6,1.8,0.066,67,reviewed,us,us
2020-03-09T09:35:44.628Z,-4.7515,-80.0165,82.76,4.9,mb,,91,2.393,0.83,us,us60008cdl,2020-05-23T22:03:22.040Z,"4 km NW of Sapillica, Peru",earthquake,8.8,6.4,0.031,324,reviewed,us,us
2020-03-12T00:21:32.084Z,-2.419,-77.0456,150.55,4.3,mb,,73,2.21,1,us,us70008gvx,2020-05-30T22:17:22.040Z,"119 km E of Macas, Ecuador",earthquake,11.6,8.4,0.177,9,reviewed,us,us
2020-03-16T03:53:28.778Z,1.1616,-78.5752,42.22,5,mb,,78,0.926,0.67,us,us60008gaz,2025-12-22T18:31:10.309Z,"32 km ESE of San Lorenzo de Esmeraldas, Ecuador",earthquake,10.3,7,0.032,306,reviewed,us,us
2020-03-30T03:42:48.872Z,0.3715,-80.653,10,4.4,mb,,82,2.206,1.15,us,us70008ihp,2020-06-13T18:44:45.040Z,"74 km WNW of Pedernales, Ecuador",earthquake,9.5,1.9,0.103,27,reviewed,us,us
2020-03-30T09:09:05.891Z,0.2895,-77.6885,130.93,5.2,mww,,43,0.764,0.74,us,us70008ikp,2025-12-22T18:31:55.730Z,"30 km ESE of Pimampiro, Ecuador",earthquake,6.4,4.7,0.041,56,reviewed,us,us
2020-04-17T03:13:34.031Z,-2.409,-77.0829,149.02,4.3,mb,,50,2.173,1.2,us,us70008yd3,2020-07-09T14:31:17.040Z,"114 km E of Macas, Ecuador",earthquake,7.3,5.9,0.096,31,reviewed,us,us
2020-04-19T01:16:13.212Z,-1.8856,-77.8596,155.58,4.3,mb,,74,1.313,0.97,us,us70008zmi,2020-07-09T14:31:28.040Z,"23 km SSE of Palora, Ecuador",earthquake,7.2,6.8,0.075,51,reviewed,us,us
2020-04-25T18:50:39.946Z,-2.1931,-77.1478,134.9,4.3,mb,,54,1.982,1.16,us,us700097kk,2020-07-11T22:19:25.040Z,"105 km ESE of Palora, Ecuador",earthquake,6.2,7.8,0.116,23,reviewed,us,us
2020-04-28T00:57:03.810Z,-1.5891,-78.0191,159.89,4,mb,,130,0.978,0.67,us,us700099yh,2020-07-11T22:19:29.040Z,"11 km S of Puyo, Ecuador",earthquake,8.9,7.7,0.172,9,reviewed,us,us
2020-04-28T09:06:07.043Z,-2.8175,-77.429,10,4.6,mb,,101,1.859,0.81,us,us60009dtb,2020-07-11T22:19:15.040Z,"91 km ESE of Sucúa, Ecuador",earthquake,6.4,1.9,0.05,120,reviewed,us,us
2020-04-29T03:35:52.959Z,-2.8278,-77.6555,70.09,4.3,mb,,93,1.64,0.73,us,us70009afm,2020-07-18T21:57:37.040Z,"Peru-Ecuador border region",earthquake,5.5,9.9,0.142,14,reviewed,us,us
2020-04-29T07:20:29.924Z,-2.8013,-77.4099,34.06,4.4,mb,,87,1.875,1.24,us,us60009ej2,2020-07-18T21:57:02.040Z,"92 km ESE of Sucúa, Ecuador",earthquake,6.4,6.6,0.08,45,reviewed,us,us
2020-04-29T07:40:36.926Z,-1.7209,-77.9734,154.48,4.2,mb,,81,1.114,1.06,us,us70009afr,2020-07-18T21:57:37.040Z,"2 km SSW of Palora, Ecuador",earthquake,5.3,7.3,0.152,12,reviewed,us,us
2020-05-04T20:52:42.904Z,2.6532,-79.7195,10,4.6,mb,,135,2.714,1.23,us,us70009a3g,2020-07-18T21:57:34.040Z,"136 km WNW of Salahonda, Colombia",earthquake,7.4,1.8,0.041,175,reviewed,us,us
2020-05-07T00:49:10.475Z,-5.7102,-76.6878,22.82,5.3,mww,,57,2.209,0.7,us,us70009bh6,2025-12-22T18:33:59.106Z,"47 km NE of Moyobamba, Peru",earthquake,6.7,3.5,0.089,12,reviewed,us,us
2020-05-09T04:27:40.514Z,-5.6638,-76.6039,38.56,4.6,mb,,92,2.302,1.01,us,us70009d30,2020-07-29T22:14:22.040Z,"57 km NE of Moyobamba, Peru",earthquake,6.7,6.1,0.063,75,reviewed,us,us
2020-05-10T23:10:00.210Z,2.4112,-77.3265,92.49,4.5,mb,,82,2.434,0.69,us,us70009du7,2020-07-29T22:14:29.040Z,"19 km NNW of Argelia, Colombia",earthquake,8.2,6.7,0.049,121,reviewed,us,us
2020-05-17T19:27:12.526Z,-4.4309,-77.1104,42.96,4.6,mb,,141,3.928,0.55,us,us70009j35,2022-08-08T22:50:09.318Z,"65 km NW of Barranca, Peru",earthquake,8.4,9.7,0.065,71,reviewed,us,us
2020-05-22T19:49:44.432Z,-2.3987,-81.4446,10,4.3,mb,,95,3.381,0.83,us,us70009nqz,2020-08-08T18:17:51.040Z,"58 km WSW of Salinas, Ecuador",earthquake,9.8,1.8,0.097,34,reviewed,us,us
2020-05-24T12:22:03.507Z,2.7483,-76.5659,10,4.5,mb,,83,3.125,1.15,us,us70009pgm,2020-08-08T18:17:55.040Z,"6 km E of Morales, Colombia",earthquake,9.4,1.9,0.061,79,reviewed,us,us
2020-05-30T12:40:07.738Z,-1.253,-79.5587,101.35,4.7,mb,,148,1.849,0.58,us,us6000a2mq,2020-08-15T20:19:52.040Z,"23 km NNW of Ventanas, Ecuador",earthquake,10.5,6,0.061,82,reviewed,us,us
2020-06-06T07:44:08.359Z,-1.4912,-77.4107,170.86,4.3,mb,,125,1.323,0.53,us,us6000aamu,2020-08-18T17:58:57.040Z,"65 km E of Puyo, Ecuador",earthquake,8.4,8.6,0.108,24,reviewed,us,us
2020-06-07T10:31:19.221Z,-4.038,-76.9635,110,5.4,mww,,77,3.39,0.76,us,us6000a7gb,2025-12-22T18:35:53.727Z,"85 km SW of Alianza Cristiana, Peru",earthquake,7.4,1.9,0.044,49,reviewed,us,us
2020-06-15T17:14:18.666Z,0.5693,-78.0027,10.74,4.3,mb,,88,0.556,0.9,us,us6000aexw,2020-08-22T19:15:03.040Z,"9 km SW of El Ángel, Ecuador",earthquake,5.3,2.3,0.093,33,reviewed,us,us
2020-06-20T14:43:46.012Z,-1.9984,-76.8326,123.2,4.4,mb,,166,2.086,0.61,us,us7000ac2p,2020-08-30T00:01:19.040Z,"130 km ESE of Palora, Ecuador",earthquake,11.3,8.9,0.117,21,reviewed,us,us
2020-06-24T15:38:34.463Z,-1.6022,-77.5274,169.38,5.1,mww,,29,1.3,0.73,us,us6000ahvl,2025-12-22T18:37:03.940Z,"49 km ENE of Palora, Ecuador",earthquake,8.1,4.4,0.075,17,reviewed,us,us
2020-07-05T22:23:41.875Z,-0.7286,-81.0072,10,4.4,mb,,85,2.51,0.81,us,us7000ala8,2020-09-11T22:14:17.040Z,"41 km NW of Manta, Ecuador",earthquake,5.5,1.9,0.12,20,reviewed,us,us
2020-07-08T08:40:30.751Z,-3.3368,-80.6667,46.11,4.3,mb,,147,3.377,1.06,us,us7000ap0z,2020-09-19T20:58:23.040Z,"34 km NW of Tumbes, Peru",earthquake,10,7.9,0.168,11,reviewed,us,us
2020-07-25T10:48:02.425Z,2.7258,-79.5197,10,4.6,mb,,140,2.692,0.73,us,us6000b3ya,2020-10-03T17:32:22.040Z,"121 km WNW of Mosquera, Colombia",earthquake,8,1.8,0.04,189,reviewed,us,us
2020-07-25T21:16:19.145Z,-3.288,-80.5986,49.1,4.6,mb,,91,3.296,0.8,us,us6000b44k,2020-10-03T17:32:23.040Z,"34 km NNW of Tumbes, Peru",earthquake,7.6,6,0.072,58,reviewed,us,us
2020-08-10T10:48:16.729Z,-1.5665,-77.9521,161.16,4.1,mb,,92,0.993,0.58,us,us6000bes5,2020-10-21T22:04:14.040Z,"10 km SSE of Puyo, Ecuador",earthquake,11.1,7.6,0.14,15,reviewed,us,us
2020-08-15T15:36:32.036Z,-4.1731,-80.9042,30.09,4.4,mb,,147,4.181,1.13,us,us6000bf7p,2020-10-24T20:08:53.040Z,"9 km NNW of La Breita, Peru",earthquake,10.2,6.7,0.13,20,reviewed,us,us
2020-08-23T00:52:38.150Z,-2.06,-79.509,106.98,4.2,mb,,51,1.664,0.46,us,us6000bjb2,2020-10-31T19:06:19.040Z,"12 km NE of Milagro, Ecuador",earthquake,6.3,6.9,0.121,19,reviewed,us,us
2020-08-25T05:18:11.310Z,-4.0329,-80.815,28,5.5,mww,,30,3.911,0.67,us,us7000bcgc,2025-12-22T18:40:56.459Z,"9 km WNW of Papayal, Peru",earthquake,6.3,1.3,0.057,30,reviewed,us,us
2020-08-31T05:30:01.726Z,-2.1637,-76.6928,138.78,4.2,mb,,128,2.297,0.74,us,us7000bhrt,2020-11-07T18:48:51.040Z,"147 km N of Alianza Cristiana, Peru",earthquake,12.8,8.9,0.104,26,reviewed,us,us
2020-09-04T02:17:33.494Z,-0.1487,-80.4547,10,4.5,mb,,87,2.04,0.94,us,us7000bkx7,2020-11-17T19:44:32.040Z,"49 km N of Bahía de Caráquez, Ecuador",earthquake,6.2,1.8,0.091,35,reviewed,us,us
2020-09-15T06:44:10.060Z,-3.4,-80.3416,52.88,4.7,mb,,49,3.23,0.76,us,us7000bnff,2022-08-09T00:22:48.266Z,"13 km NW of Zarumilla, Peru",earthquake,7.4,6.1,0.032,301,reviewed,us,us
2020-09-25T14:19:45.870Z,-2.8661,-76.6858,116.29,4.5,mb,,118,2.789,1.29,us,us6000c15s,2020-12-05T21:02:58.040Z,"72 km NNW of Alianza Cristiana, Peru",earthquake,5.2,6.7,0.06,81,reviewed,us,us
2020-09-30T00:46:44.693Z,-2.4765,-78.5602,104.84,4.2,mb,,96,1.736,1.35,us,us6000c64h,2020-12-12T22:28:42.040Z,"43 km ENE of Cañar, Ecuador",earthquake,9.8,6.5,0.128,17,reviewed,us,us
2020-10-03T00:11:07.027Z,-1.1267,-78.1371,10,4.7,mb,,135,0.533,0.65,us,us6000c52d,2020-12-12T22:28:36.040Z,"38 km WSW of Tena, Ecuador",earthquake,8.6,1.8,0.027,403,reviewed,us,us
2020-10-05T05:39:37.863Z,-5.9173,-76.6994,43.22,4.4,mb,,144,4.356,0.5,us,us6000c71s,2020-12-12T22:28:49.040Z,"32 km ENE of Moyobamba, Peru",earthquake,9.7,9.7,0.219,6,reviewed,us,us
2020-10-07T07:52:25.464Z,-1.3551,-77.7109,169.29,4.3,mb,,79,1.001,1.23,us,us6000c6d3,2020-12-19T17:22:37.040Z,"35 km ENE of Puyo, Ecuador",earthquake,9.8,6.9,0.068,62,reviewed,us,us
2020-10-07T09:58:00.956Z,-1.9585,-77.511,156.13,4.3,mb,,141,1.568,0.91,us,us6000c7sl,2020-12-19T17:22:48.040Z,"57 km ESE of Palora, Ecuador",earthquake,11.3,7.9,0.095,31,reviewed,us,us
2020-10-12T23:09:27.132Z,-2.4469,-77.5074,51.69,4.5,mb,,141,1.971,0.84,us,us6000c7vx,2020-12-19T17:22:49.040Z,"68 km ESE of Macas, Ecuador",earthquake,9.2,7.6,0.07,60,reviewed,us,us
2020-10-14T19:19:21.749Z,-5.9511,-76.7347,10.94,4.6,mb,,88,2.025,0.96,us,us6000c9yk,2020-12-29T23:07:21.040Z,"27 km ENE of Moyobamba, Peru",earthquake,4.6,4.1,0.058,89,reviewed,us,us
2020-10-18T06:58:28.688Z,-3.9177,-81.8157,8,5.5,mww,,56,4.585,0.67,us,us6000c950,2025-12-22T17:59:05.685Z,"76 km WNW of El Alto, Peru",earthquake,5.7,1.7,0.039,62,reviewed,us,us
2020-10-22T06:15:23.765Z,-4.1946,-81.6046,10,4.4,mb,,112,4.635,0.73,us,us6000cb67,2021-01-09T20:05:18.040Z,"43 km W of El Alto, Peru",earthquake,6,1.9,0.109,24,reviewed,us,us
2020-10-23T02:21:45.523Z,-3.873,-81.8459,10,4.6,mb,,110,4.576,0.8,us,us6000cbuu,2021-01-09T20:05:20.040Z,"near the coast of northern Peru",earthquake,8.2,1.8,0.077,51,reviewed,us,us
2020-10-27T11:59:18.785Z,-0.4788,-78.6928,7.72,4.7,mb,,146,0.317,1.04,us,us6000cdq4,2021-01-09T20:05:30.040Z,"14 km WNW of Machachi, Ecuador",earthquake,4.1,2,0.112,24,reviewed,us,us
2020-11-08T10:46:03.819Z,-5.6879,-76.6851,49.06,4.6,mb,,141,4.443,0.84,us,us7000cc2y,2022-08-09T01:21:04.644Z,"49 km NE of Moyobamba, Peru",earthquake,6.7,7.8,0.085,41,reviewed,us,us
2020-11-10T20:37:33.563Z,-2.657,-76.7547,117.14,4.3,mb,,118,2.587,0.73,us,us7000cehr,2021-01-23T22:25:47.040Z,"97 km NNW of Alianza Cristiana, Peru",earthquake,7,7.2,0.089,37,reviewed,us,us
2020-11-12T08:43:05.551Z,-4.7839,-77.2268,121.36,4.5,mb,,113,2.608,0.67,us,us7000cdqt,2021-01-27T17:28:46.040Z,"61 km W of Barranca, Peru",earthquake,7.5,7.8,0.056,94,reviewed,us,us
2020-11-18T00:49:02.999Z,-3.9924,-76.916,106.18,4.5,mb,,98,3.451,0.78,us,us6000cqu3,2021-02-03T17:49:49.040Z,"78 km SW of Alianza Cristiana, Peru",earthquake,9.1,3.8,0.1,29,reviewed,us,us
2020-11-20T03:03:05.432Z,-2.1934,-79.3552,118.41,4.1,mb,,160,1.688,1.25,us,us6000cs0x,2021-02-03T17:49:29.040Z,"8 km ENE of Coronel Marcelino Maridueña, Ecuador",earthquake,15.5,12.3,0.165,10,reviewed,us,us
2020-11-29T10:37:09.977Z,-5.1982,-78.9108,52.77,4.7,mb,,139,4.457,0.7,us,us7000ckuz,2021-02-06T18:28:55.040Z,"11 km ESE of San Ignacio, Peru",earthquake,8.8,7.2,0.053,108,reviewed,us,us
2020-12-04T23:53:27.119Z,-2.61,-79.3123,2.26,3.9,mb,,228,0.153,0.61,us,us7000cnbu,2021-02-12T22:39:18.040Z,"20 km S of La Troncal, Ecuador",earthquake,3.4,9.5,0.296,3,reviewed,us,us
2020-12-04T23:55:36.170Z,-2.5607,-79.287,10,3.9,mb,,208,0.098,0.56,us,us7000cnby,2021-02-12T22:39:19.040Z,"16 km SSE of La Troncal, Ecuador",earthquake,8.8,1.9,0.362,2,reviewed,us,us
2020-12-09T01:37:04.597Z,-2.6541,-79.3088,77.38,4.6,mb,,84,0.193,0.52,us,us7000cpbd,2021-03-20T09:56:12.654Z,"25 km S of La Troncal, Ecuador",earthquake,10.6,4.7,0.069,62,reviewed,us,us
2020-12-19T09:00:34.280Z,1.4186,-79.4554,34.97,4.3,mb,,143,1.544,0.53,us,us7000csf9,2021-02-27T23:26:08.040Z,"55 km NNE of Esmeraldas, Ecuador",earthquake,8.1,7.8,0.088,41,reviewed,us,us
2020-12-21T16:30:23.386Z,-3.6308,-77.7417,47.11,4.5,mb,,80,1.905,0.85,us,us6000d1ps,2021-02-27T23:23:19.040Z,"96 km ESE of Gualaquiza, Ecuador",earthquake,7.8,7.2,0.076,52,reviewed,us,us
2020-12-22T10:46:20.052Z,-3.7437,-77.7462,50.83,4.5,mb,,130,1.971,0.58,us,us6000d1ue,2021-02-27T23:23:28.040Z,"100 km ESE of Gualaquiza, Ecuador",earthquake,8.7,9.6,0.077,50,reviewed,us,us
2020-12-30T08:13:06.199Z,-4.9994,-80.6013,80.95,4,mb,,114,2.851,0.92,us,us6000d6rs,2021-03-06T23:20:36.040Z,"14 km SE of Sullana, Peru",earthquake,6,10.4,0.144,13,reviewed,us,us
2021-01-07T23:52:59.184Z,-4.4085,-75.4105,53.04,4.6,mb,,69,4.018,0.73,us,us6000d6lb,2021-03-13T22:59:51.040Z,"95 km NNE of Lagunas, Peru",earthquake,8,8.5,0.053,105,reviewed,us,us
2021-01-10T08:25:41.122Z,1.1165,-79.6666,35.36,4.3,mb,,160,1.496,0.64,us,us7000d1ec,2021-03-20T21:23:37.040Z,"17 km N of Esmeraldas, Ecuador",earthquake,8.5,13.5,0.153,12,reviewed,us,us
2021-01-10T09:31:08.210Z,1.0083,-79.7147,35,4.3,mb,,149,1.477,0.51,us,us7000d1ef,2021-03-20T21:23:38.040Z,"8 km NW of Esmeraldas, Ecuador",earthquake,8.9,1.9,0.265,4,reviewed,us,us
2021-01-11T06:05:47.582Z,-3.6386,-74.6878,10,4.5,mb,,90,4.518,0.86,us,us6000d7db,2021-03-20T21:23:58.040Z,"155 km NW of Nauta, Peru",earthquake,4.6,1.8,0.059,84,reviewed,us,us
2021-01-13T01:11:23.039Z,2.5119,-79.8007,10,4.7,mb,,62,2.631,0.75,us,us6000d7wm,2021-03-20T21:24:59.040Z,"137 km WNW of Salahonda, Colombia",earthquake,2.3,1.9,0.063,76,reviewed,us,us
2021-01-15T10:35:17.071Z,1.0965,-79.6836,37.18,4.7,mb,,67,1.499,0.63,us,us7000d0ab,2021-03-27T21:04:32.040Z,"15 km NNW of Esmeraldas, Ecuador",earthquake,6.8,5.8,0.034,260,reviewed,us,us
2021-01-15T15:13:49.886Z,-3.7982,-80.8383,48.71,4.6,mb,,59,2.059,0.98,us,us7000d0c8,2021-03-27T21:04:35.040Z,"22 km SW of Zorritos, Peru",earthquake,6.9,6,0.098,31,reviewed,us,us
2021-01-15T18:45:52.371Z,1.1554,-79.7023,38.88,4.3,mb,,148,1.548,1.12,us,us7000d2fy,2021-03-27T21:06:05.040Z,"22 km NNW of Esmeraldas, Ecuador",earthquake,9.7,12,0.238,6,reviewed,us,us
2021-01-15T19:21:16.137Z,1.1031,-79.6906,27.53,4.8,mb,,57,1.508,0.84,us,us7000d0fd,2021-03-27T21:04:38.040Z,"16 km NNW of Esmeraldas, Ecuador",earthquake,5.5,3.1,0.057,100,reviewed,us,us
2021-01-15T19:36:55.686Z,1.2047,-80.3525,10,4.5,mb,,155,2.13,0.82,us,us7000d2g3,2021-03-27T21:06:06.040Z,"75 km NNW of Muisne, Ecuador",earthquake,6.1,1.8,0.181,9,reviewed,us,us
2021-01-16T10:43:42.284Z,1.06,-79.5819,39.75,4.5,mb,,140,1.395,0.66,us,us7000d0ms,2021-03-27T21:04:52.040Z,"13 km NE of Esmeraldas, Ecuador",earthquake,6.4,10.7,0.102,28,reviewed,us,us
2021-01-16T10:55:45.967Z,1.226,-79.6466,36.47,4.5,mb,,146,1.547,0.45,us,us7000d35e,2021-03-27T21:06:09.040Z,"29 km N of Esmeraldas, Ecuador",earthquake,4.2,10.3,0.144,14,reviewed,us,us
2021-01-21T10:15:34.677Z,-2.2666,-79.4578,90.2,4.9,mb,,98,0.281,0.87,us,us7000d1zv,2021-03-27T21:05:52.040Z,"6 km SSW of Coronel Marcelino Maridueña, Ecuador",earthquake,7.5,6,0.034,279,reviewed,us,us
2021-01-26T22:58:04.795Z,1.217,-79.5443,39.87,4.5,mb,,147,1.463,1.33,us,us6000de7j,2021-04-13T17:06:35.040Z,"31 km NNE of Esmeraldas, Ecuador",earthquake,15,2.6,0.11,24,reviewed,us,us
2021-01-29T20:20:39.365Z,-1.6399,-77.5818,170.41,4.1,mb,,74,1.286,0.71,us,us6000deqm,2021-04-16T19:03:36.040Z,"43 km E of Palora, Ecuador",earthquake,9.2,8,0.127,19,reviewed,us,us
2021-02-01T13:12:14.949Z,-5.9798,-76.9641,113.28,4.3,mb,,91,1.826,0.68,us,us6000dfw6,2021-04-16T19:03:52.040Z,"6 km N of Moyobamba, Peru",earthquake,7.2,2,0.095,31,reviewed,us,us
2021-02-03T11:41:54.339Z,-3.1441,-77.6226,26.68,4.9,mb,,117,1.766,0.58,us,us6000de5q,2025-12-22T18:49:22.345Z,"97 km SE of Sucúa, Ecuador",earthquake,7.1,4.8,0.036,238,reviewed,us,us
2021-02-09T01:40:57.296Z,-5.4381,-77.3268,20.72,5.1,mb,,53,1.992,0.75,us,us6000dfsf,2025-12-22T18:49:37.288Z,"61 km N of Segunda Jerusalén - Azunguillo, Peru",earthquake,2.7,4.1,0.026,495,reviewed,us,us
2021-02-13T05:18:32.727Z,-4.1517,-80.2554,69.06,5.3,mww,,148,1.948,0.78,us,us6000dhav,2025-12-22T18:50:05.124Z,"33 km W of Celica, Ecuador",earthquake,8.4,5.4,0.055,32,reviewed,us,us
2021-02-15T09:17:43.184Z,-3.4845,-76.6725,100.78,4.3,mb,,86,2.772,0.88,us,us6000djg9,2021-04-23T21:04:39.040Z,"26 km W of Alianza Cristiana, Peru",earthquake,3,16.3,0.138,15,reviewed,us,us
2021-02-15T20:48:52.787Z,-3.817,-77.1133,95.34,4.6,mb,,101,2.526,0.64,us,us6000dhvx,2021-04-23T21:04:41.040Z,"84 km WSW of Alianza Cristiana, Peru",earthquake,7.5,7.8,0.058,89,reviewed,us,us
2021-02-18T10:51:30.548Z,-3.9543,-78.8053,99.92,5.2,mb,,113,1.545,0.98,us,us6000dimv,2021-04-23T21:04:54.040Z,"14 km SSW of Yantzaza, Ecuador",earthquake,8.2,7.2,0.028,410,reviewed,us,us
2021-03-03T01:30:57.207Z,-5.6308,-80.9031,31.85,4.9,mb,,77,2.906,0.7,us,us7000df0p,2021-05-13T22:41:29.040Z,"12 km SW of Sechura, Peru",earthquake,7.1,4.3,0.046,149,reviewed,us,us
2021-03-24T21:53:58.470Z,-1.029,-77.3166,221.66,4.4,mb,,45,1.216,0.77,us,us6000dxzc,2021-06-02T15:23:31.040Z,"41 km SSW of Boca Suno, Ecuador",earthquake,8.8,6.6,0.1,29,reviewed,us,us
2021-03-26T20:06:36.517Z,-1.9901,-77.4798,155.49,4.4,mb,,66,1.612,1.11,us,us6000dwv9,2021-06-08T17:58:37.040Z,"62 km ESE of Palora, Ecuador",earthquake,6.9,5.1,0.07,63,reviewed,us,us
2021-04-05T16:41:59.062Z,-3.0887,-80.7292,34.98,4.7,mb,,100,3.235,0.59,us,us6000e18x,2021-06-12T21:37:24.040Z,"61 km NNW of Tumbes, Peru",earthquake,9,8.4,0.142,18,reviewed,us,us
2021-04-06T19:36:16.842Z,-5.6469,-80.86,10,4.8,mb,,47,2.861,1.22,us,us6000dzhr,2025-12-22T18:00:33.883Z,"10 km SSW of Sechura, Peru",earthquake,5.5,1.8,0.055,105,reviewed,us,us
2021-04-13T16:50:48.447Z,2.3265,-79.1617,10,4.7,mb,,134,2.193,0.88,us,us6000e1a6,2021-06-19T21:25:25.040Z,"64 km WNW of Salahonda, Colombia",earthquake,7.7,1.9,0.046,140,reviewed,us,us
2021-04-15T03:13:27.075Z,-3.0335,-75.5914,125.61,4.4,mb,,82,3.696,0.6,us,us6000e1pa,2021-06-19T21:25:39.040Z,"105 km ENE of Alianza Cristiana, Peru",earthquake,8.2,7.1,0.07,59,reviewed,us,us
2021-04-19T17:13:54.406Z,-0.5292,-77.5742,24.31,4.2,mb,,63,0.943,0.85,us,us6000e41e,2021-07-03T16:49:37.040Z,"49 km NNE of Archidona, Ecuador",earthquake,4.8,5.8,0.175,9,reviewed,us,us
2021-05-04T08:01:47.357Z,-4.8414,-76.591,110.72,4.6,mb,,96,2.899,0.77,us,us7000dzyk,2021-07-10T20:15:18.040Z,"9 km E of Barranca, Peru",earthquake,6.8,6,0.039,193,reviewed,us,us
2021-05-07T21:46:30.116Z,-4.9878,-80.6245,52.79,4.3,mb,,114,4.733,0.46,us,us7000e16g,2021-07-23T18:08:18.040Z,"11 km SE of Sullana, Peru",earthquake,6.8,11.8,0.147,13,reviewed,us,us
2021-05-22T19:45:13.934Z,-3.8926,-77.3597,111.37,4.8,mb,,85,3.34,0.69,us,us7000e5cr,2021-07-31T22:08:36.040Z,"112 km WSW of Alianza Cristiana, Peru",earthquake,7.4,5.1,0.053,108,reviewed,us,us
2021-06-06T04:24:30.327Z,-0.9631,-80.9676,10,4.5,mb,,149,2.481,1.05,us,us7000eaax,2022-08-09T05:24:10.072Z,"28 km W of Manta, Ecuador",earthquake,8.6,1.9,0.113,23,reviewed,us,us
2021-06-06T04:31:55.613Z,-0.9302,-80.9402,10,4.3,mb,,91,2.451,1.14,us,us7000ebsg,2021-08-24T21:33:32.040Z,"25 km W of Manta, Ecuador",earthquake,6.3,1.9,0.154,14,reviewed,us,us
2021-06-06T18:50:09.689Z,-4.5749,-78.349,102.82,4.3,mb,,121,1.994,1.05,us,us7000eaij,2021-08-24T21:34:46.040Z,"87 km SE of Zamora, Ecuador",earthquake,7.1,8.6,0.133,16,reviewed,us,us
2021-06-14T21:05:31.936Z,-1.192,-80.8752,10,4.9,mb,,74,2.422,0.83,us,us7000ed2p,2021-08-26T21:59:20.040Z,"29 km SW of Montecristi, Ecuador",earthquake,7.6,1.8,0.049,133,reviewed,us,us
2021-06-15T14:10:01.529Z,-3.9213,-76.6971,105.48,4.5,mb,,52,3.383,0.9,us,us7000ed87,2021-08-26T21:59:23.040Z,"57 km SSW of Alianza Cristiana, Peru",earthquake,5.5,6.4,0.052,109,reviewed,us,us
2021-06-15T20:30:20.682Z,-1.5387,-80.9059,10,4.9,mb,,84,2.164,1.09,us,us7000edbj,2025-12-22T19:02:36.755Z,"42 km WSW of Jipijapa, Ecuador",earthquake,6.3,1.8,0.034,278,reviewed,us,us
2021-06-16T00:32:21.221Z,-1.5736,-80.7787,35,4.5,mb,,165,2.085,1.08,us,us7000ede3,2021-08-26T21:59:25.040Z,"33 km SW of Jipijapa, Ecuador",earthquake,6.7,2,0.084,42,reviewed,us,us
2021-06-16T05:55:38.480Z,-1.4485,-81.1373,10,4.2,mb,,190,2.734,1.23,us,us7000eez4,2021-08-26T21:59:25.040Z,"63 km W of Jipijapa, Ecuador",earthquake,10.5,2,0.167,10,reviewed,us,us
2021-06-18T17:19:45.365Z,-3.8809,-81.328,10,4.3,mb,,151,4.218,0.78,us,us6000ep4i,2021-08-27T18:57:21.040Z,"39 km NW of Máncora, Peru",earthquake,10.7,1.9,0.169,11,reviewed,us,us
2021-06-21T13:23:09.870Z,-3.0197,-76.5541,62.52,4.6,mb,,115,2.99,0.48,us,us7000eex2,2021-08-27T18:58:05.040Z,"52 km NNW of Alianza Cristiana, Peru",earthquake,9.1,8.2,0.063,76,reviewed,us,us
2021-07-04T21:36:46.740Z,-1.6593,-77.6036,168.4,4.3,mb,,125,1.284,0.74,us,us7000eiqq,2021-09-10T20:08:05.040Z,"40 km E of Palora, Ecuador",earthquake,8.6,6.8,0.08,44,reviewed,us,us
2021-07-10T16:48:32.605Z,-1.1735,-80.983,10,4.6,mb,,93,2.524,0.62,us,us7000em74,2021-09-17T22:50:46.040Z,"38 km SW of Manta, Ecuador",earthquake,5.8,1.9,0.132,17,reviewed,us,us
2021-07-13T11:36:56.250Z,0.8022,-80.0588,10,4.4,mb,,152,1.702,0.45,us,us7000emkt,2021-09-17T22:51:03.040Z,"21 km NNW of Muisne, Ecuador",earthquake,8.6,1.9,0.117,21,reviewed,us,us
2021-07-16T20:42:49.245Z,-3.5527,-77.1769,10,4.9,mww,,60,3.098,0.67,us,us7000empe,2025-12-22T19:04:30.197Z,"82 km W of Alianza Cristiana, Peru",earthquake,5.5,1.2,0.089,12,reviewed,us,us
2021-07-17T06:44:38.089Z,-5.1838,-80.7118,58.13,4.5,mb,,131,4.946,0.42,us,us7000emue,2021-09-25T21:07:56.040Z,"4 km W of San Martin, Peru",earthquake,7.1,12,0.135,16,reviewed,us,us
2021-07-21T15:07:35.214Z,-5.2125,-78.9765,31.87,4.9,mb,,82,4.478,0.59,us,us6000exn3,2025-12-22T19:04:44.064Z,"7 km SSE of San Ignacio, Peru",earthquake,8.7,4.2,0.034,272,reviewed,us,us
2021-07-30T17:10:19.554Z,-4.9149,-80.6156,34,6.2,mww,,18,3.121,0.81,us,us6000f0qr,2025-12-22T22:12:45.291Z,"7 km E of Sullana, Peru",earthquake,3.5,1.7,0.041,58,reviewed,us,us
2021-07-30T20:14:09.676Z,-4.8975,-80.6482,39.42,4.5,mb,,96,3.156,0.72,us,us6000f2qt,2021-10-14T01:08:08.040Z,"4 km E of Sullana, Peru",earthquake,8.8,5.8,0.069,63,reviewed,us,us
2021-07-31T04:33:02.681Z,-5.0645,-80.7928,35,4.3,mb,,144,4.878,0.92,us,us6000f0vx,2021-10-14T01:04:09.040Z,"17 km SSW of Nuevo Sullana, Peru",earthquake,9.2,2,0.101,29,reviewed,us,us
2021-08-01T07:07:14.692Z,-4.9081,-80.6564,35,4.3,mb,,65,4.677,0.46,us,us6000f168,2022-08-09T06:20:43.907Z,"3 km E of Sullana, Peru",earthquake,4.2,2,0.122,19,reviewed,us,us
2021-08-05T22:36:09.552Z,-5.0586,-80.8678,35,4.5,mb,,150,4.908,0.46,us,us6000f5jw,2021-10-14T01:10:26.040Z,"19 km SSE of La Huaca, Peru",earthquake,10.9,2,0.131,17,reviewed,us,us
2021-08-10T06:54:44.071Z,-0.0538,-80.6131,11.49,4.3,mb,,130,2.181,0.61,us,us6000f3sw,2021-10-23T15:46:00.040Z,"63 km NNW of Bahía de Caráquez, Ecuador",earthquake,5,6,0.108,24,reviewed,us,us
2021-08-13T18:59:37.512Z,-1.5799,-81.0419,10,4.7,mb,,95,2.681,0.63,us,us6000f5t9,2021-10-29T14:46:07.040Z,"57 km WSW of Jipijapa, Ecuador",earthquake,7.6,1.9,0.108,28,reviewed,us,us
2021-08-13T19:03:52.739Z,-1.5106,-80.9299,39.55,5.1,mww,,95,2.553,0.8,us,us6000f5tm,2025-12-22T22:13:38.761Z,"42 km WSW of Jipijapa, Ecuador",earthquake,6.2,6.3,0.093,11,reviewed,us,us
2021-08-15T05:40:02.588Z,-3.6911,-77.0504,96.44,5.4,mww,,89,3.277,0.68,us,us6000f6ge,2025-12-22T22:13:46.831Z,"72 km WSW of Alianza Cristiana, Peru",earthquake,8.4,5.7,0.039,63,reviewed,us,us
2021-08-16T06:50:04.368Z,-4.9599,-80.6521,62.99,4.6,mb,,102,4.721,0.56,us,us6000f6ux,2021-10-29T14:46:20.040Z,"7 km SSE of Sullana, Peru",earthquake,3.8,7.4,0.033,273,reviewed,us,us
2021-08-17T18:59:39.576Z,-4.8526,-80.4082,73.56,4.5,mb,,142,3.025,0.49,us,us6000f7mz,2021-10-29T14:46:25.040Z,"10 km NW of Tambo Grande, Peru",earthquake,5.1,7.9,0.057,94,reviewed,us,us
2021-08-31T09:11:10.370Z,-3.1664,-78.1119,89.15,4.6,mb,,79,2.45,0.47,us,us7000f64y,2021-11-06T20:28:39.040Z,"58 km ENE of Gualaquiza, Ecuador",earthquake,9.7,6.7,0.034,258,reviewed,us,us
2021-09-02T08:42:17.756Z,-3.8445,-76.2711,103.74,4.9,mww,,92,3.81,0.47,us,us7000f709,2021-11-06T20:28:29.040Z,"44 km SSE of Alianza Cristiana, Peru",earthquake,4.1,5.8,0.068,21,reviewed,us,us
2021-09-19T12:23:19.404Z,-3.1635,-77.9396,36.02,4.6,mb,,132,2.48,0.57,us,us7000fcnd,2021-12-03T15:01:32.040Z,"76 km ENE of Gualaquiza, Ecuador",earthquake,5.5,6.9,0.038,202,reviewed,us,us
2021-09-24T20:42:58.936Z,2.9785,-78.2576,35,4.4,mb,,99,2.729,0.55,us,us6000fq6n,2021-12-04T14:28:05.040Z,"56 km NNE of Mosquera, Colombia",earthquake,8.9,2,0.19,8,reviewed,us,us
2021-10-07T05:59:08.067Z,-2.4607,-78.7491,87.35,4.3,mb,,145,1.737,0.4,us,us6000fsj9,2021-12-10T21:14:17.040Z,"23 km ENE of Cañar, Ecuador",earthquake,7.8,9.5,0.107,25,reviewed,us,us
2021-10-12T00:33:46.781Z,0.3629,-80.3355,41.19,4.4,mb,,142,1.888,0.69,us,us6000ftvg,2021-12-18T19:58:56.040Z,"44 km SW of Muisne, Ecuador",earthquake,8.7,9.8,0.095,32,reviewed,us,us
2021-10-29T21:43:50.050Z,2.1847,-76.6147,24.01,4.3,mwr,,90,2.666,0.77,us,us7000fpxh,2022-01-14T17:58:43.040Z,"7 km S of Paispamba, Colombia",earthquake,7.4,5.6,0.093,11,reviewed,us,us
2021-11-02T00:02:58.914Z,-3.0565,-76.3517,10,4.5,mb,,111,3.152,0.87,us,us7000fqni,2022-01-14T17:58:51.040Z,"47 km N of Alianza Cristiana, Peru",earthquake,5.3,1.8,0.071,59,reviewed,us,us
2021-11-03T17:23:40.140Z,-2.0802,-74.4696,10,4.4,mb,,104,4.243,0.98,us,us7000fsmm,2022-01-14T17:59:06.040Z,"146 km SSE of Pantoja, Peru",earthquake,8.7,1.9,0.268,4,reviewed,us,us
2021-11-05T04:13:49.802Z,2.1522,-78.9939,24.44,4.5,mb,,81,1.977,1.11,us,us7000frle,2022-01-15T20:51:33.040Z,"39 km WNW of Salahonda, Colombia",earthquake,7.1,4.9,0.07,63,reviewed,us,us
2021-11-11T09:43:36.738Z,-2.6811,-79.4648,10,3.9,mb,,175,2.166,0.83,us,us7000ft6j,2022-01-15T20:51:48.040Z,"17 km E of Naranjal, Ecuador",earthquake,7.9,2,0.23,5,reviewed,us,us
2021-11-18T04:13:29.919Z,0.6621,-79.1512,58.67,4.5,mb,,136,0.817,0.75,us,us7000fuzu,2022-01-22T20:52:01.040Z,"51 km NE of Rosa Zarate, Ecuador",earthquake,8.6,8.4,0.116,22,reviewed,us,us
2021-11-20T22:06:41.068Z,-1.9136,-80.0795,69.63,4.7,mb,,45,1.971,0.73,us,us7000fvu1,2022-01-29T22:55:11.040Z,"3 km S of Lomas de Sargentillo, Ecuador",earthquake,8,5.9,0.075,53,reviewed,us,us
2021-11-22T15:13:37.635Z,-3.2245,-80.5572,47.18,4.4,mb,,91,3.221,0.6,us,us7000fx9i,2022-01-29T22:56:04.040Z,"39 km NNW of Tumbes, Peru",earthquake,10.2,6.8,0.095,34,reviewed,us,us
2021-11-23T16:03:23.669Z,-0.1754,-78.356,4.52,4.9,mb,,88,0.421,0.83,us,us7000fwgk,2025-12-22T22:20:44.016Z,"3 km NW of Oyambarillo, Ecuador",earthquake,5.9,3.3,0.05,131,reviewed,us,us
2021-11-28T10:52:14.579Z,-4.4667,-76.8126,126,7.5,mww,,40,4.951,0.61,us,us7000fxq2,2025-12-22T22:21:01.900Z,"43 km NNW of Barranca, Peru",earthquake,4.9,1.9,0.033,87,reviewed,us,us
2021-12-04T11:41:30.567Z,-5.8743,-77.2169,129.13,4.4,mb,,143,4.844,0.76,us,us6000gak0,2022-02-12T23:06:54.040Z,"14 km NNE of Segunda Jerusalén - Azunguillo, Peru",earthquake,9.2,6.9,0.07,59,reviewed,us,us
2021-12-06T06:30:48.660Z,-2.7621,-77.1961,10,5.1,mb,,126,2.401,0.56,us,us6000g9ew,2025-12-22T22:21:39.530Z,"113 km ESE of Macas, Ecuador",earthquake,8.9,1.8,0.025,519,reviewed,us,us
2021-12-07T06:56:50.536Z,-1.4616,-77.764,172.5,4.2,mb,,93,1.032,0.5,us,us6000g9yv,2022-02-12T23:06:20.040Z,"26 km E of Puyo, Ecuador",earthquake,9.1,6.2,0.087,37,reviewed,us,us
2021-12-13T13:28:45.519Z,-4.3694,-75.7891,98.98,4.5,mb,,150,9.269,1.22,us,us6000gbvm,2022-02-24T21:00:32.040Z,"northern Peru",earthquake,13.5,5.8,0.128,21,reviewed,us,us
2021-12-14T16:52:09.965Z,-3.5394,-75.0393,10,4.4,mb,,123,4.441,0.27,us,us6000gd5i,2022-02-24T21:02:21.040Z,"155 km E of Alianza Cristiana, Peru",earthquake,12.5,2,0.155,15,reviewed,us,us
2021-12-19T08:32:25.987Z,-4.7063,-77.7356,73,4.1,mb,,123,2.594,0.84,us,us6000gdk5,2022-03-01T16:37:52.040Z,"115 km N of Yambrasbamba, Peru",earthquake,7.4,12.6,0.145,13,reviewed,us,us
2021-12-20T07:51:31.970Z,-2.7947,-79.9684,62.65,4.1,mb,,136,0.754,0.38,us,us6000ge1w,2022-03-01T16:38:11.040Z,"21 km NW of Baláo, Ecuador",earthquake,7.4,8.7,0.117,20,reviewed,us,us
2021-12-22T08:14:27.687Z,-5.6408,-80.7156,64.55,4.4,mb,,186,2.177,0.95,us,us7000g986,2022-03-01T16:39:19.040Z,"15 km SE of Sechura, Peru",earthquake,10.1,10.7,0.143,14,reviewed,us,us
2021-12-28T20:22:22.422Z,-1.0513,-77.9027,34.05,4.6,mb,,118,0.674,0.7,us,us6000gfxf,2022-03-05T23:10:49.040Z,"11 km WSW of Tena, Ecuador",earthquake,6.1,5.4,0.05,124,reviewed,us,us
2021-12-31T17:17:58.927Z,-5.5529,-76.1681,111.01,4.5,mb,,54,2.714,0.63,us,us7000g871,2022-03-05T23:11:00.040Z,"38 km N of Yurimaguas, Peru",earthquake,6.9,4.5,0.054,105,reviewed,us,us
2021-12-31T17:54:19.796Z,-3.9402,-80.2221,67.77,4.1,mb,,166,0.419,1.07,us,us7000gaze,2022-03-05T23:11:13.040Z,"28 km S of Matapalo, Peru",earthquake,10.1,4.5,0.198,7,reviewed,us,us
2022-01-01T17:04:54.282Z,-5.0183,-80.9098,21.62,4.3,mb,,98,5.769,0.56,us,us7000gbcy,2022-03-12T22:19:17.040Z,"13 km SSE of La Huaca, Peru",earthquake,10.9,5.4,0.101,29,reviewed,us,us
2022-01-11T08:28:25.524Z,2.2295,-78.9499,24.56,4.4,mb,,95,0.46,0.85,us,us7000gaus,2022-03-19T22:07:40.040Z,"38 km WNW of Salahonda, Colombia",earthquake,6.7,6.6,0.202,7,reviewed,us,us
2022-01-18T21:56:50.349Z,-2.6364,-78.7454,78.43,4.2,mb,,118,1.141,1.07,us,us7000gd0q,2022-04-01T17:40:17.040Z,"16 km NE of Azogues, Ecuador",earthquake,5.2,12.2,0.132,16,reviewed,us,us
2022-01-29T20:04:54.207Z,-5.5048,-80.9415,35,4.2,mb,,69,2.13,0.63,us,us7000ghvt,2022-04-15T17:57:20.040Z,"14 km WNW of Sechura, Peru",earthquake,7.3,1.9,0.187,8,reviewed,us,us
2022-02-03T07:02:28.747Z,-3.8646,-79.5827,70.64,4,mb,,155,0.576,0.44,us,us7000ghk4,2022-04-15T17:57:15.040Z,"16 km SSE of Portovelo, Ecuador",earthquake,10.7,12.9,0.197,7,reviewed,us,us
2022-02-03T15:58:57.367Z,-4.4661,-76.9283,110,6.5,mww,,22,3.026,0.72,us,us7000ghm5,2022-04-15T17:57:16.040Z,"49 km NW of Barranca, Peru",earthquake,6.6,1.8,0.059,28,reviewed,us,us
2022-02-07T04:02:01.833Z,-2.3826,-77.1643,133.51,4.1,mb,,54,1.233,0.64,us,us7000girm,2022-04-19T17:38:55.040Z,"105 km E of Macas, Ecuador",earthquake,7,8.5,0.107,24,reviewed,us,us
2022-02-17T16:24:42.535Z,-1.5803,-78.0537,168.52,4.5,mb,,52,0.091,1.07,us,us7000gln0,2022-04-30T14:18:23.040Z,"12 km SSW of Puyo, Ecuador",earthquake,8.8,5.1,0.058,95,reviewed,us,us
2022-02-21T16:40:33.176Z,-2.2341,-77.3583,152.93,4.3,mb,,112,0.992,0.61,us,us6000h02f,2022-05-04T13:39:21.040Z,"84 km E of Macas, Ecuador",earthquake,9,7.9,0.267,4,reviewed,us,us
2022-03-02T11:11:21.650Z,-5.9114,-81.1985,37.81,4.4,mb,,119,2.604,0.56,us,us6000h2tb,2022-05-07T21:32:54.040Z,"57 km SW of Sechura, Peru",earthquake,9.4,3.1,0.115,22,reviewed,us,us
2022-03-13T10:51:03.577Z,-1.9892,-78.17,12.11,4.6,mb,,110,0.513,0.61,us,us6000h45x,2022-05-27T14:55:21.040Z,"35 km N of Macas, Ecuador",earthquake,7.6,4.8,0.044,158,reviewed,us,us
2022-03-17T08:11:27.242Z,-1.6307,-78.0366,163.43,4.2,mb,,99,0.137,0.66,us,us6000h5bx,2022-05-27T14:55:31.040Z,"11 km NW of Palora, Ecuador",earthquake,8.8,3.1,0.062,72,reviewed,us,us
2022-03-27T04:28:12.421Z,0.9038,-79.6109,19,5.8,mww,,37,1.335,1.08,us,us7000gxlu,2022-06-04T20:42:08.040Z,"7 km SE of Esmeraldas, Ecuador",earthquake,6.1,1.8,0.038,67,reviewed,us,us
2022-03-27T05:53:07.155Z,0.8462,-79.6219,35.14,5.2,mww,,132,1.317,0.51,us,us7000gxm3,2022-06-04T20:42:08.040Z,"12 km SSE of Esmeraldas, Ecuador",earthquake,2.8,5.8,0.062,25,reviewed,us,us
2022-03-27T20:17:07.324Z,0.9583,-79.552,21.81,5.2,mww,,48,1.313,0.98,us,us7000gxqu,2022-06-04T20:42:11.040Z,"11 km E of Esmeraldas, Ecuador",earthquake,4.3,3.8,0.06,27,reviewed,us,us
2022-03-27T20:51:15.360Z,0.8476,-79.654,38.81,4.9,mb,,77,1.347,0.85,us,us7000gxqx,2022-06-04T20:42:11.040Z,"12 km S of Esmeraldas, Ecuador",earthquake,7,6.1,0.033,284,reviewed,us,us
2022-03-31T21:54:39.802Z,-5.9993,-76.9011,127.47,4.3,mb,,75,1.863,0.48,us,us7000gytq,2022-06-04T20:42:31.040Z,"8 km ENE of Moyobamba, Peru",earthquake,7.5,7,0.133,16,reviewed,us,us
2022-04-03T17:29:31.016Z,-4.4845,-76.9158,111.24,4.5,mb,,106,3.171,0.75,us,us7000gzeg,2022-06-11T20:21:00.040Z,"46 km NW of Barranca, Peru",earthquake,8.8,8.1,0.096,32,reviewed,us,us
2022-04-04T14:18:20.651Z,-2.3328,-79.1884,112.19,4.5,mb,,123,0.892,0.34,us,us7000gzky,2022-06-11T20:21:03.040Z,"19 km ENE of La Troncal, Ecuador",earthquake,8.5,9.1,0.381,4,reviewed,us,us
2022-04-16T13:37:38.359Z,-0.1683,-78.361,10,4.2,mb,,60,0.233,0.53,us,us7000h2su,2022-06-26T01:18:26.040Z,"4 km NW of Oyambarillo, Ecuador",earthquake,1.4,1.9,0.167,10,reviewed,us,us
2022-04-19T19:32:27.438Z,1.8566,-75.8536,28.88,4.6,mb,,76,2.24,0.78,us,us7000h3ef,2022-06-26T01:19:49.040Z,"7 km NE of Acevedo, Colombia",earthquake,7.4,4.8,0.077,52,reviewed,us,us
2022-04-20T05:38:47.987Z,-1.6448,-77.7702,183.59,4.2,mb,,61,0.295,0.75,us,us7000h3hf,2022-06-26T01:19:58.040Z,"22 km ENE of Palora, Ecuador",earthquake,8.4,7.2,0.132,16,reviewed,us,us
2022-04-20T21:02:55.036Z,2.8283,-79.4273,10,4.4,mb,,80,2.662,0.75,us,us6000hf3t,2022-06-26T01:20:13.040Z,"114 km WNW of Mosquera, Colombia",earthquake,7.7,1.9,0.118,21,reviewed,us,us
2022-04-23T04:39:34.186Z,-5.0892,-76.7434,117.46,4.2,mb,21,76,2.612,1.12,us,us6000hfse,2022-07-05T03:39:31.040Z,"29 km SSW of Barranca, Peru",earthquake,6.5,9.9,0.2,8,reviewed,us,us
2022-04-29T18:49:51.840Z,-2.7513,-79.5186,56.49,4.8,mb,111,84,0.962,0.78,us,us7000h5w1,2022-07-05T03:42:10.040Z,"14 km SE of Naranjal, Ecuador",earthquake,5.4,5.7,0.034,270,reviewed,us,us
2022-05-06T02:39:59.543Z,-0.1985,-78.4059,10,3.9,mb,14,102,0.188,0.62,us,us7000h7fj,2022-07-09T21:40:05.040Z,"8 km W of Oyambarillo, Ecuador",earthquake,2,2,0.257,4,reviewed,us,us
2022-05-28T01:37:47.905Z,-2.9179,-79.0501,81.46,3.9,mb,13,129,1.192,0.34,us,us7000hd7f,2022-08-06T22:13:00.040Z,"5 km WSW of Cuenca, Ecuador",earthquake,8.8,18.9,0.195,7,reviewed,us,us
2022-06-03T06:24:56.012Z,-2.0507,-81.0444,10,5.2,mww,197,139,1.778,0.78,us,us7000hekd,2022-08-06T22:13:22.040Z,"20 km NNW of Salinas, Ecuador",earthquake,8.2,1.9,0.098,10,reviewed,us,us
2022-06-09T22:12:11.026Z,-2.8532,-79.132,76.26,4.4,mb,54,88,1.16,0.53,us,us7000hgbm,2022-08-13T21:52:27.040Z,"15 km WNW of Cuenca, Ecuador",earthquake,4.4,9.9,0.083,41,reviewed,us,us
2022-06-10T13:28:12.373Z,-0.6608,-80.6282,39.62,4.4,mb,25,153,1.943,0.88,us,us7000hgha,2022-08-13T21:51:53.040Z,"23 km WSW of Bahía de Caráquez, Ecuador",earthquake,2.5,11.1,0.155,12,reviewed,us,us
2022-06-12T02:37:44.708Z,-0.6922,-78.1108,10,4.5,mb,34,52,0.202,0.97,us,us7000hgui,2022-08-21T00:16:15.040Z,"41 km NW of Archidona, Ecuador",earthquake,3.4,1.8,0.11,26,reviewed,us,us
2022-06-12T07:05:50.196Z,0.8231,-77.9074,14.264,4,mb,20,99,0.161,0.6,us,us7000hgvq,2022-08-21T00:16:21.040Z,"16 km SW of Cumbal, Colombia",earthquake,4.69,5.357,0.195,7,reviewed,us,us
2022-06-16T02:43:54.884Z,-0.4854,-77.4292,10.75,4.4,mb,16,80,0.741,0.52,us,us7000hhps,2022-08-21T00:17:45.040Z,"39 km NW of Boca Suno, Ecuador",earthquake,4.4,7.4,0.268,6,reviewed,us,us
2022-06-22T04:50:21.838Z,0.6776,-77.9174,4.85,4.8,mb,62,78,0.136,0.56,us,us7000hj70,2022-08-28T03:20:02.040Z,"6 km NNE of El Ángel, Ecuador",earthquake,3.8,4,0.033,285,reviewed,us,us
2022-06-25T16:11:25.078Z,-4.856,-78.4254,10,4.8,mb,89,84,3.364,0.87,us,us7000hk7c,2022-09-03T21:03:38.040Z,"71 km ENE of San Ignacio, Peru",earthquake,8.6,1.38,0.033,292,reviewed,us,us
2022-06-26T09:27:56.652Z,-4.92,-80.542,68.33,4.1,mb,22,159,3.791,0.39,us,us7000hkci,2022-09-03T21:03:40.040Z,"10 km SE of Huangala, Peru",earthquake,7.6,11.3,0.14,14,reviewed,us,us
2022-06-29T13:53:13.368Z,-2.4664,-79.4237,77.339,4.6,mb,90,132,1.114,0.44,us,us7000hl2z,2022-09-03T21:03:48.040Z,"10 km WSW of La Troncal, Ecuador",earthquake,9.68,8.023,0.056,96,reviewed,us,us
2022-07-03T08:59:48.013Z,2.1113,-79.5531,10,4.4,mb,40,143,2.163,0.33,us,us6000i0l2,2022-09-13T06:23:46.040Z,"91 km WNW of Tumaco, Colombia",earthquake,8.4,1.8,0.092,34,reviewed,us,us
2022-07-14T22:30:11.448Z,-2.0369,-79.7903,73,5.7,mww,168,40,1.067,1.14,us,us6000i2j3,2022-09-24T21:25:36.040Z,"11 km SW of Samborondón, Ecuador",earthquake,6.09,1.67,0.041,56,reviewed,us,us
2022-07-17T00:53:36.099Z,-1.6236,-78.2034,157.814,4.5,mb,105,51,0.221,0.73,us,us6000i358,2022-09-27T16:56:55.040Z,"27 km SW of Puyo, Ecuador",earthquake,7.63,4.801,0.058,87,reviewed,us,us
2022-07-20T07:10:22.060Z,-1.9425,-78.4097,138.206,4.6,mb,87,79,0.59,0.65,us,us7000hs1v,2022-09-27T16:57:09.040Z,"39 km SE of Riobamba, Ecuador",earthquake,7.75,4.63,0.034,254,reviewed,us,us
2022-07-20T12:33:41.527Z,-5.8472,-75.1491,10.384,4.7,mb,26,108,3.064,0.7,us,us6000i6hb,2022-09-27T16:57:05.040Z,"85 km NE of Navarro, Peru",earthquake,4,5.028,0.159,12,reviewed,us,us
2022-07-22T07:57:33.822Z,-0.9643,-80.3564,49.01,4.9,mb,68,142,1.577,0.58,us,us7000hslt,2022-09-27T16:57:14.040Z,"11 km ESE of Rocafuerte, Ecuador",earthquake,7.39,2.835,0.084,45,reviewed,us,us
2022-07-22T08:39:09.423Z,-0.9744,-80.4004,48.437,4.5,mb,36,148,1.615,0.94,us,us7000hsly,2022-09-27T16:57:14.040Z,"7 km SE of Rocafuerte, Ecuador",earthquake,4.77,7.565,0.127,18,reviewed,us,us
2022-07-25T13:33:28.666Z,0.676,-77.8293,2.544,5.7,mww,81,73,0.058,0.38,us,us7000htbb,2022-10-26T18:08:47.776Z,"9 km N of San Gabriel, Ecuador",earthquake,5.31,4.021,0.045,47,reviewed,us,us
2022-07-26T10:24:26.805Z,0.5893,-77.9387,10,4.4,mb,97,88,0.405,0.4,us,us7000htic,2022-10-01T22:09:53.040Z,"3 km S of El Ángel, Ecuador",earthquake,6.39,1.905,0.052,105,reviewed,us,us
2022-07-27T12:40:11.183Z,2.6716,-77.6584,95.244,4.4,mb,20,128,1.947,0.95,us,us6000i5w5,2022-10-01T22:09:23.040Z,"11 km S of Timbiquí, Colombia",earthquake,9.25,4.244,0.239,5,reviewed,us,us
2022-08-01T01:38:56.718Z,0.1631,-79.3197,10,4.1,mb,12,252,0.802,0.48,us,us6000i72s,2022-10-12T14:49:26.040Z,"25 km SE of Rosa Zarate, Ecuador",earthquake,3.84,1.972,0.213,6,reviewed,us,us
2022-08-03T08:13:18.758Z,-2.7786,-80.1753,50.246,4.4,mb,22,217,0.772,1.32,us,us6000i7pr,2022-10-12T14:50:11.040Z,"28 km SE of Playas, Ecuador",earthquake,7.98,9.676,0.19,8,reviewed,us,us
2022-08-10T11:24:33.717Z,-4.5897,-76.1331,122.629,4.3,mb,20,65,3.384,0.41,us,us6000ic4n,2022-10-21T23:20:09.040Z,"65 km ENE of Barranca, Peru",earthquake,6.61,8.543,0.177,9,reviewed,us,us
2022-08-12T00:19:45.971Z,-3.3998,-80.6168,43.108,4.6,mb,51,158,0.568,0.59,us,us6000ia2z,2022-10-21T23:20:44.040Z,"Peru-Ecuador border region",earthquake,9.27,7.78,0.078,49,reviewed,us,us
2022-08-12T08:35:22.134Z,-0.2204,-80.8143,10,4.3,mb,26,146,2.221,0.67,us,us6000ia6a,2022-10-21T23:20:57.040Z,"60 km NW of Bahía de Caráquez, Ecuador",earthquake,6.09,1.948,0.153,12,reviewed,us,us
2022-08-12T08:47:57.885Z,-0.3107,-80.6553,10,4.4,mb,25,153,2.066,0.84,us,us6000ia6c,2022-10-21T23:20:57.040Z,"40 km NW of Bahía de Caráquez, Ecuador",earthquake,8.59,1.961,0.178,9,reviewed,us,us
2022-08-13T07:06:08.228Z,-0.1957,-80.6884,16.437,4.8,mb,65,142,2.095,0.8,us,us6000iah2,2022-10-28T02:25:35.040Z,"53 km NNW of Bahía de Caráquez, Ecuador",earthquake,6.71,3.546,0.078,51,reviewed,us,us
2022-08-17T07:09:20.410Z,-0.4227,-80.8382,10,4.6,mb,70,85,2.238,1.17,us,us6000ibis,2022-10-28T02:26:41.040Z,"50 km WNW of Bahía de Caráquez, Ecuador",earthquake,7.24,1.812,0.051,113,reviewed,us,us
2022-08-17T17:50:43.302Z,-0.3596,-80.7807,10,4.5,mb,74,84,2.194,0.78,us,us6000ibnk,2022-10-28T02:26:48.040Z,"47 km WNW of Bahía de Caráquez, Ecuador",earthquake,8.02,1.828,0.055,110,reviewed,us,us
2022-08-19T00:22:26.877Z,0.711,-78.0212,10,4.6,mb,182,94,0.467,0.56,us,us6000ibzn,2022-10-28T02:27:02.040Z,"13 km NW of El Ángel, Ecuador",earthquake,6,1.838,0.043,159,reviewed,us,us
2022-08-21T10:28:01.017Z,-0.2372,-80.6958,13,5.5,mww,120,120,2.103,0.56,us,us6000icif,2022-11-01T15:12:40.040Z,"50 km NW of Bahía de Caráquez, Ecuador",earthquake,6.91,1.85,0.044,49,reviewed,us,us
2022-08-21T13:18:38.420Z,-0.91,-80.055,56.312,4.6,mb,55,143,1.32,0.63,us,us6000icj1,2022-11-01T15:12:42.040Z,"14 km ESE of Calceta, Ecuador",earthquake,7.13,7.229,0.052,115,reviewed,us,us
2022-08-28T06:25:34.811Z,-3.9616,-80.3621,49.773,4,mb,21,182,0.506,0.77,us,us7000i32d,2022-11-06T04:38:55.040Z,"32 km E of Cañaveral, Peru",earthquake,3.74,8.912,0.164,10,reviewed,us,us
2022-08-29T14:51:20.627Z,-0.2875,-80.8831,10,4.1,mb,17,176,2.292,0.51,us,us7000i3dc,2022-11-06T04:38:00.040Z,"61 km NW of Bahía de Caráquez, Ecuador",earthquake,10.06,1.971,0.185,8,reviewed,us,us
2022-08-30T00:23:41.639Z,-0.7536,-80.227,42.477,4.4,mb,30,148,1.544,1.1,us,us7000i3k4,2022-11-06T04:37:50.040Z,"3 km NNE of Tosagua, Ecuador",earthquake,7.76,14.08,0.134,16,reviewed,us,us
2022-09-04T20:52:04.783Z,-4.6676,-79.928,42.442,4.5,mb,16,161,1.121,0.67,us,us7000i575,2022-11-15T19:06:06.040Z,"13 km NNE of Sapillica, Peru",earthquake,13,10.521,0.241,5,reviewed,us,us
2022-09-06T17:02:45.424Z,-1.7724,-77.925,168.282,4.1,mb,24,145,0.295,1.1,us,us7000i5rk,2022-11-15T19:06:11.040Z,"9 km SSE of Palora, Ecuador",earthquake,8.66,3.838,0.15,13,reviewed,us,us
2022-09-07T04:21:16.947Z,0.3258,-80.3309,27.426,4.2,mb,21,184,1.809,0.86,us,us7000i5x1,2022-11-15T19:06:12.040Z,"41 km NW of Pedernales, Ecuador",earthquake,6.78,11.044,0.236,5,reviewed,us,us
2022-09-12T04:30:03.413Z,-0.7088,-81.2075,10,4.1,mwr,25,172,2.464,0.49,us,us7000i7ae,2022-11-19T23:02:44.040Z,"61 km WNW of Manta, Ecuador",earthquake,6.11,1.96,0.065,23,reviewed,us,us
2022-09-23T23:44:41.750Z,-2.1042,-80.7245,32.14,4.3,mb,35,143,1.577,0.64,us,us7000iam8,2022-11-26T20:58:00.040Z,"20 km NE of Santa Elena, Ecuador",earthquake,7.92,6.604,0.091,34,reviewed,us,us
2022-09-28T09:53:12.116Z,-3.1211,-77.0086,57.812,4.4,mb,33,108,1.91,0.82,us,us6000iny1,2022-12-03T22:02:34.040Z,"74 km WNW of Alianza Cristiana, Peru",earthquake,8.93,12.114,0.106,26,reviewed,us,us
2022-09-29T23:02:43.203Z,0.1423,-77.3626,15.702,4.9,mb,53,78,0.71,0.75,us,us6000ipgb,2022-12-03T22:02:42.040Z,"52 km W of Nueva Loja, Ecuador",earthquake,4.66,3.333,0.069,66,reviewed,us,us
2022-10-03T13:14:54.392Z,-2.9509,-80.3428,47.005,4.4,mb,19,132,0.654,0.4,us,us6000iqes,2022-12-10T22:52:58.040Z,"35 km S of Playas, Ecuador",earthquake,9.2,10.361,0.162,11,reviewed,us,us
2022-10-04T05:13:54.668Z,1.808,-77.2764,128.35,4.8,mb,95,97,1.199,0.6,us,us6000iqmd,2024-01-18T16:58:01.513Z,"9 km NE of El Rosario, Colombia",earthquake,7.88,6.972,0.025,505,reviewed,us,us
2022-10-05T08:26:19.474Z,-4.8548,-80.5995,35,5.8,mww,114,36,1.403,0.94,us,us6000ir0b,2022-12-12T03:03:50.779Z,"1 km S of Huangala, Peru",earthquake,5.09,1.563,0.073,18,reviewed,us,us
2022-10-06T15:56:47.958Z,-1.9239,-78.0757,160.383,4.3,mb,27,67,0.431,1.04,us,us6000irkf,2022-12-10T22:53:33.040Z,"27 km SSW of Palora, Ecuador",earthquake,7.98,4.959,0.129,20,reviewed,us,us
2022-10-07T14:55:16.693Z,-0.5854,-81.0246,10,4.3,mb,41,152,2.336,0.37,us,us6000irvl,2022-12-10T22:53:53.040Z,"54 km NW of Manta, Ecuador",earthquake,10.79,1.95,0.101,28,reviewed,us,us
2022-10-15T05:23:11.862Z,-3.907,-80.8095,50.494,4.5,mb,48,144,0.822,0.48,us,us6000itvu,2022-12-31T23:03:33.040Z,"Peru-Ecuador border region",earthquake,7.55,6.761,0.101,29,reviewed,us,us
2022-10-15T07:39:53.073Z,-2.2212,-79.9025,72.292,4.7,mb,104,131,1.26,0.8,us,us6000itwi,2022-12-31T23:03:33.040Z,"3 km SSW of Guayaquil, Ecuador",earthquake,7.96,6.729,0.058,90,reviewed,us,us
2022-10-19T13:34:24.220Z,-2.2165,-79.6636,83.687,4.2,mb,44,120,0.112,0.39,us,us6000iuua,2022-12-31T23:03:39.040Z,"11 km SW of Milagro, Ecuador",earthquake,3.98,7.366,0.084,39,reviewed,us,us
2022-10-19T21:55:23.984Z,-1.6438,-77.6628,181.838,4.6,mb,113,48,0.392,0.78,us,us6000iuys,2022-12-31T23:03:40.040Z,"34 km E of Palora, Ecuador",earthquake,8.63,5.652,0.057,93,reviewed,us,us
2022-10-23T00:39:08.102Z,1.8089,-78.9969,47.031,4.3,mb,37,128,0.534,0.91,us,us6000ivuj,2023-01-03T15:23:33.040Z,"22 km W of Tumaco, Colombia",earthquake,7.23,6.784,0.133,16,reviewed,us,us
2022-10-26T03:06:13.342Z,-4.7937,-80.5835,59.377,4.4,mb,52,90,1.341,0.54,us,us7000iker,2023-01-03T15:23:40.040Z,"5 km NNE of Huangala, Peru",earthquake,8.31,7.033,0.09,35,reviewed,us,us
2022-10-26T09:45:22.100Z,-4.0126,-80.7856,42.031,4.5,mb,35,140,0.853,0.72,us,us7000ikg9,2023-01-03T15:23:40.040Z,"Peru-Ecuador border region",earthquake,8.17,8.917,0.125,19,reviewed,us,us
2022-10-28T23:19:59.619Z,-3.7733,-76.2845,108.034,4.6,mb,28,107,2.855,0.64,us,us7000il2n,2023-01-03T15:23:48.040Z,"36 km SSE of Alianza Cristiana, Peru",earthquake,6.58,8.377,0.114,23,reviewed,us,us
2022-10-31T13:22:44.105Z,-2.4103,-76.2393,149.348,5.6,mww,90,84,2.677,0.57,us,us7000ilgs,2023-01-12T23:10:46.040Z,"119 km N of Alianza Cristiana, Peru",earthquake,9.16,6.247,0.035,77,reviewed,us,us
2022-11-02T05:06:43.780Z,-2.428,-76.2688,149.645,4.6,mb,63,85,2.664,0.88,us,us7000ilwy,2023-01-12T23:11:01.040Z,"117 km N of Alianza Cristiana, Peru",earthquake,8.43,4.981,0.082,44,reviewed,us,us
2022-11-03T01:14:25.645Z,-5.3137,-80.8436,49.982,4.5,mb,39,62,1.917,0.7,us,us7000im3c,2023-01-12T23:11:06.040Z,"11 km NW of Tablazo Norte, Peru",earthquake,3.63,7.224,0.118,21,reviewed,us,us
2022-11-07T20:40:40.592Z,-1.677,-77.7544,182.62,4.1,mb,30,67,1.076,0.85,us,us7000in5l,2023-01-21T19:27:13.040Z,"Ecuador",earthquake,8.51,6.415,0.197,7,reviewed,us,us
2022-11-09T01:15:10.413Z,-4.2315,-80.5466,54.125,5.1,mww,258,49,2.261,0.61,us,us7000ine5,2024-01-18T17:20:10.790Z,"27 km SE of Papayal, Peru",earthquake,7.59,5.163,0.066,22,reviewed,us,us
2022-11-16T05:55:22.496Z,-1.5604,-77.6103,180.482,4.5,mb,54,92,1.974,1.09,us,us7000iq2c,2023-01-28T19:58:18.040Z,"42 km ENE of Palora, Ecuador",earthquake,9.2,6.397,0.068,63,reviewed,us,us
2022-11-17T04:19:50.414Z,-1.9348,-78.0817,138.881,5,mww,166,45,2.189,0.7,us,us7000iqb6,2023-01-28T19:58:20.040Z,"28 km SSW of Palora, Ecuador",earthquake,3.21,4.085,0.065,23,reviewed,us,us
2022-11-24T19:36:48.776Z,-1.1651,-80.5615,32.919,4.5,mb,46,81,1.427,1.09,us,us7000is68,2023-01-30T06:01:36.040Z,"near the coast of Ecuador",earthquake,4.14,4.893,0.107,26,reviewed,us,us
2022-12-01T06:52:28.422Z,0.7774,-80.1899,10,4.2,mb,15,184,1.179,0.48,us,us6000j5y9,2023-02-05T23:25:43.040Z,"26 km NW of Muisne, Ecuador",earthquake,7.89,1.994,0.236,5,reviewed,us,us
2022-12-02T08:46:33.715Z,2.5622,-79.849,10,4.6,mb,29,143,2.759,0.99,us,us6000j695,2023-02-05T23:26:00.040Z,"144 km WNW of Salahonda, Colombia",earthquake,3.31,1.935,0.182,9,reviewed,us,us
2022-12-02T15:44:38.564Z,0.4178,-79.9285,47.186,4.6,mb,39,139,0.775,1.04,us,us6000j6c2,2023-02-05T23:26:06.040Z,"23 km SSE of Muisne, Ecuador",earthquake,6.57,7.953,0.103,28,reviewed,us,us
2022-12-09T03:24:34.351Z,-0.6077,-79.7062,86.478,4.5,mb,18,171,7.634,0.65,us,us6000j82i,2023-02-11T23:03:19.040Z,"44 km ENE of Chone, Ecuador",earthquake,9.88,8.266,0.108,25,reviewed,us,us
2022-12-11T21:00:06.723Z,-4.8007,-80.5332,52.154,4.4,mb,36,75,8.019,0.66,us,us6000j9ia,2023-02-18T22:04:13.040Z,"8 km ENE of Huangala, Peru",earthquake,11.04,6.594,0.123,19,reviewed,us,us
2022-12-12T06:55:00.411Z,-4.438,-79.9071,71.23,4.9,mb,148,98,7.873,0.39,us,us6000j8q6,2023-02-18T22:04:05.040Z,"7 km SSE of Macará, Ecuador",earthquake,10.36,6.589,0.032,307,reviewed,us,us
2022-12-17T09:46:31.195Z,1.4701,-79.3053,12.73,5.3,mww,132,79,6,0.52,us,us6000j9z0,2023-02-28T23:06:21.040Z,"43 km NW of Valdez, Ecuador",earthquake,8.45,3.759,0.043,53,reviewed,us,us
2022-12-17T09:49:19.390Z,1.4416,-79.5846,25,4.7,mb,30,140,6.248,0.43,us,us7000j0fb,2023-02-28T23:06:21.040Z,"near the coast of Ecuador",earthquake,7.86,5.661,0.123,24,reviewed,us,us
2022-12-17T15:57:56.151Z,1.3493,-79.3521,43.987,4.5,mb,20,149,6.107,1.19,us,us6000ja0q,2024-01-18T17:36:01.898Z,"42 km WNW of Valdez, Ecuador",earthquake,9.88,8.063,0.144,14,reviewed,us,us
2022-12-19T00:57:04.674Z,-3.4711,-76.9707,101.306,4.9,mww,116,85,3.906,0.61,us,us6000ja7n,2023-02-28T23:06:28.040Z,"59 km W of Alianza Cristiana, Peru",earthquake,6.62,4.963,0.098,10,reviewed,us,us
2022-12-19T11:01:55.987Z,-1.0179,-80.3295,35,4.4,mb,37,142,8.363,0.48,us,us6000jaar,2023-02-28T23:06:29.040Z,"near the coast of Ecuador",earthquake,8.26,1.636,0.082,43,reviewed,us,us
2022-12-19T12:26:23.993Z,-0.9707,-80.3711,35,4.1,mb,22,142,8.361,0.73,us,us6000jab8,2023-02-28T23:06:30.040Z,"10 km ESE of Rocafuerte, Ecuador",earthquake,5.08,1.951,0.157,11,reviewed,us,us
2022-12-24T05:49:10.511Z,-1.7136,-77.482,181.664,4.1,mb,21,67,1.281,0.6,us,us6000jbeg,2023-03-07T18:59:45.040Z,"53 km E of Palora, Ecuador",earthquake,9.13,6.663,0.185,8,reviewed,us,us
2022-12-27T05:25:11.191Z,-2.0806,-79.8896,73.782,4.2,mb,21,132,0.349,0.28,us,us6000jbx4,2023-09-17T15:33:43.762Z,"11 km NNW of Eloy Alfaro, Ecuador",earthquake,4.59,5.254,0.175,9,reviewed,us,us
2022-12-30T17:43:01.113Z,-5.0236,-77.3878,123.83,4.3,mb,49,67,2.324,0.86,us,us7000j3pb,2023-03-07T19:00:10.040Z,"81 km WSW of Barranca, Peru",earthquake,8.44,7.087,0.106,28,reviewed,us,us
2022-12-31T00:43:57.999Z,-1.7451,-77.7617,182.543,4.3,mb,51,76,1.127,0.59,us,us7000j15l,2023-03-07T19:00:01.040Z,"23 km ESE of Palora, Ecuador",earthquake,4.63,6.144,0.072,54,reviewed,us,us
2023-01-06T12:33:17.462Z,-4.0222,-81.7315,8.451,4.4,mb,29,124,1.726,0.51,us,us7000j2in,2023-03-11T22:51:42.040Z,"63 km WNW of El Alto, Peru",earthquake,2.66,4.165,0.144,14,reviewed,us,us
2023-01-15T17:59:19.869Z,0.7556,-77.3987,9.7,4.3,mb,26,100,0.39,0.67,us,us7000j4jw,2023-03-31T19:44:27.040Z,"17 km SE of Córdoba, Colombia",earthquake,5.93,6.278,0.168,10,reviewed,us,us
2023-01-16T21:04:16.684Z,-2.1417,-77.7717,152.782,4,mb,18,135,1.272,0.34,us,us6000jj5e,2023-03-31T19:43:14.040Z,"Peru-Ecuador border region",earthquake,8.9,4.589,0.259,4,reviewed,us,us
2023-01-18T23:43:32.344Z,-1.7012,-78.0794,158.386,4.3,mb,44,54,0.816,0.62,us,us7000j5dh,2023-03-31T19:45:18.040Z,"12 km W of Palora, Ecuador",earthquake,7.53,5.952,0.122,19,reviewed,us,us
2023-01-25T09:11:39.920Z,-3.4777,-80.7345,39.801,4.3,mb,43,159,0.67,0.71,us,us6000jj3z,2023-04-11T18:51:30.040Z,"23 km NNW of Zorritos, Peru",earthquake,2.46,8.727,0.109,24,reviewed,us,us
2023-01-26T03:16:21.968Z,-1.9602,-79.9976,76.274,4.6,mb,23,137,0.495,0.38,us,us6000jjb9,2023-04-11T18:51:33.040Z,"4 km SW of El Triunfo, Ecuador",earthquake,6.52,8.276,0.165,11,reviewed,us,us
2023-01-26T04:29:44.012Z,-0.1313,-77.4686,10,4.4,mb,27,72,0.301,0.68,us,us6000jjbm,2023-04-11T18:51:33.040Z,"Ecuador",earthquake,2.48,1.816,0.189,8,reviewed,us,us
2023-01-28T11:58:29.831Z,-3.7762,-80.4779,61.631,4.5,mb,17,173,0.469,0.51,us,us6000jjzg,2023-04-11T18:51:38.040Z,"23 km S of Tumbes, Peru",earthquake,10.51,8.315,0.222,6,reviewed,us,us
2023-02-01T02:54:27.922Z,-3.6451,-79.6826,10,4.3,mb,20,122,0.396,0.82,us,us6000jkn6,2023-04-13T21:53:14.040Z,"3 km N of Piñas, Ecuador",earthquake,3.86,1.973,0.201,7,reviewed,us,us
2023-02-01T08:58:27.869Z,-1.8098,-78.0035,159.108,4.4,mb,52,47,0.921,0.8,us,us6000jkpi,2023-04-13T21:53:15.040Z,"12 km SSW of Palora, Ecuador",earthquake,6.23,5.98,0.087,38,reviewed,us,us
2023-02-01T21:14:57.755Z,-1.9108,-81.428,22.807,5.1,mww,143,82,1.891,0.52,us,us6000jkue,2023-04-13T21:53:16.040Z,"62 km WNW of Salinas, Ecuador",earthquake,7.75,3.922,0.089,12,reviewed,us,us
2023-02-19T01:48:38.285Z,-1.1134,-80.8114,10,4.3,mb,19,183,1.226,1.1,us,us6000jq0w,2023-04-29T21:57:10.040Z,"18 km WSW of Montecristi, Ecuador",earthquake,4.83,1.974,0.267,4,reviewed,us,us
2023-02-27T03:01:25.650Z,-5.8854,-80.8696,32.402,4.8,mb,136,91,2.456,0.56,us,us6000jru0,2023-05-08T01:59:38.040Z,"36 km S of Sechura, Peru",earthquake,6.52,4.134,0.05,122,reviewed,us,us
2023-02-27T09:05:04.142Z,-5.6873,-80.8196,35,4.6,mb,40,91,2.254,1.12,us,us6000jrwb,2023-05-08T01:59:41.040Z,"near the coast of northern Peru",earthquake,9.81,1.877,0.112,24,reviewed,us,us
2023-03-08T04:24:57.841Z,0.5931,-80.1644,29.058,4.4,mb,55,83,0.997,0.81,us,us7000ji24,2023-05-15T02:50:09.040Z,"16 km W of Muisne, Ecuador",earthquake,5.89,4.652,0.117,21,reviewed,us,us
2023-03-13T03:11:49.705Z,-3.8227,-76.5998,111.925,4.6,mb,157,35,2.717,0.64,us,us7000jjgg,2023-05-20T23:20:19.040Z,"42 km SSW of Alianza Cristiana, Peru",earthquake,7.99,5.123,0.049,125,reviewed,us,us
2023-03-17T19:19:23.934Z,-0.1877,-80.651,18.564,4.3,mb,36,138,0.824,0.94,us,us7000jkyh,2024-01-18T19:30:03.543Z,"51 km NNW of Bah?a de Car?quez, Ecuador",earthquake,5.25,4.866,0.116,21,reviewed,us,us
2023-03-18T17:12:52.481Z,-2.7834,-79.8518,68,6.8,mww,308,23,0.664,0.92,us,us7000jl3s,2025-03-20T16:43:44.035Z,"14 km NNW of Baláo, Ecuador",earthquake,6.49,1.818,0.038,68,reviewed,us,us
2023-04-02T12:32:42.774Z,-1.6175,-77.6591,177.187,4.5,mb,77,83,0.386,0.54,us,us6000k1hb,2023-06-13T03:13:26.040Z,"Ecuador",earthquake,4.18,4.426,0.039,198,reviewed,us,us
2023-04-04T13:35:24.352Z,-3.1276,-75.7336,133.059,4.8,mb,125,58,2.807,0.89,us,us6000k1xe,2023-06-13T03:13:03.040Z,"86 km ENE of Alianza Cristiana, Peru",earthquake,7.48,3.918,0.033,292,reviewed,us,us
2023-04-05T11:25:03.931Z,-4.5409,-75.5598,11.162,4.6,mb,53,108,3.902,0.69,us,us6000k24y,2023-06-13T03:12:52.040Z,"northern Peru",earthquake,9.94,4.68,0.085,42,reviewed,us,us
2023-04-11T10:38:20.367Z,-3.6899,-81.0133,10,4.4,mb,31,160,0.955,0.72,us,us6000k3gz,2023-06-17T21:36:46.040Z,"37 km W of Zorritos, Peru",earthquake,4.18,1.857,0.112,23,reviewed,us,us
2023-04-15T03:50:57.952Z,2.2187,-79.0054,10,4.6,mb,50,74,0.933,0.98,us,us6000k4lx,2023-06-17T21:36:56.040Z,"43 km WNW of Salahonda, Colombia",earthquake,6.4,1.812,0.086,40,reviewed,us,us
2023-04-21T23:10:40.876Z,-5.0803,-77.3303,37.683,5,mww,161,81,3.125,0.5,us,us6000k68a,2023-07-03T02:46:45.040Z,"northern Peru",earthquake,7.54,4.877,0.093,11,reviewed,us,us
2023-04-25T05:36:00.112Z,-2.8231,-79.8374,68.886,5.2,mww,95,83,0.756,0.72,us,us7000jvqd,2023-07-11T01:45:27.040Z,"10 km NNW of Baláo, Ecuador",earthquake,6.22,5.802,0.098,10,reviewed,us,us
2023-04-26T03:16:18.670Z,0.764,-77.8395,10,4.4,mwr,56,56,0.071,0.49,us,us7000jvxx,2023-07-11T01:44:45.040Z,"14 km WSW of Tulcán, Ecuador",earthquake,3.34,1.838,0.06,27,reviewed,us,us
2023-04-30T03:33:52.995Z,-5.0489,-80.9211,32.689,4.4,mb,23,144,1.717,1.03,us,us7000jx3g,2023-07-15T22:10:32.040Z,"15 km SSE of La Huaca, Peru",earthquake,11.19,3.049,0.103,27,reviewed,us,us
2023-05-08T00:51:55.882Z,-2.7506,-78.9272,90.32,5.2,mww,125,39,1.25,0.66,us,us6000kaam,2025-01-13T02:32:21.138Z,"8 km W of Azogues, Ecuador",earthquake,5.46,3.78,0.053,34,reviewed,us,us
2023-05-12T06:06:16.158Z,0.7544,-77.9505,10,4.5,mb,27,120,0.168,0.98,us,us6000kbbv,2023-07-22T19:16:58.040Z,"Colombia-Ecuador border region",earthquake,2.9,1.766,0.128,18,reviewed,us,us
2023-05-13T12:13:56.057Z,-5.6458,-81.0435,27.268,4.4,mb,16,192,2.3,0.67,us,us6000kcu1,2023-07-22T19:17:35.040Z,"26 km WSW of Sechura, Peru",earthquake,8.78,7.955,0.179,9,reviewed,us,us
2023-05-13T18:59:37.367Z,-1.5139,-80.4564,49.223,4.5,mb,71,150,1.302,0.82,us,us6000kbqc,2023-07-22T19:17:19.040Z,"5 km NW of Paján, Ecuador",earthquake,6.42,8.413,0.071,64,reviewed,us,us
2023-05-19T03:00:22.231Z,-5.482,-79.8025,101.047,4.1,mb,18,174,1.939,0.7,us,us6000kd0r,2023-07-24T01:16:07.040Z,"24 km WSW of Canchaque, Peru",earthquake,12.52,12.126,0.175,9,reviewed,us,us
2023-05-21T07:44:39.139Z,-2.717,-80.0599,54.961,4.5,mb,71,145,0.825,0.43,us,us6000kdkj,2023-07-29T22:00:25.040Z,"34 km NW of Baláo, Ecuador",earthquake,7.17,5.634,0.048,129,reviewed,us,us
2023-05-21T18:39:37.665Z,0.1212,-77.4579,12.026,4.3,mb,18,62,0.131,0.61,us,us6000kdqa,2024-01-18T19:59:04.095Z,"61 km ESE of Pimampiro, Ecuador",earthquake,2.3,2.391,0.237,5,reviewed,us,us
2023-06-17T16:17:48.052Z,-4.369,-81.9976,10,4.7,mb,51,63,9.056,0.53,us,us7000k984,2023-08-21T04:19:20.040Z,"83 km WNW of Talara, Peru",earthquake,10.08,1.84,0.072,58,reviewed,us,us
2023-06-18T09:10:28.964Z,-0.6767,-77.5799,26.6,5.1,mww,84,121,6.378,0.49,us,us7000k9bu,2023-08-26T20:54:22.040Z,"36 km NE of Archidona, Ecuador",earthquake,3.46,4.951,0.086,13,reviewed,us,us
2023-06-25T21:50:22.142Z,-1.9188,-79.8835,10,3.8,ml,14,175,1.098,0.35,us,us7000kb1e,2023-09-08T14:18:41.040Z,"9 km E of El Triunfo, Ecuador",earthquake,3.83,1.984,0.071,26,reviewed,us,us
2023-06-27T14:07:27.441Z,0.5974,-79.9871,35,5,mww,129,92,0.959,0.67,us,us6000knee,2023-09-08T14:18:23.040Z,"3 km ESE of Muisne, Ecuador",earthquake,2.51,1.84,0.08,15,reviewed,us,us
2023-07-10T23:46:35.711Z,-4.8978,-80.7007,53.254,4.5,mb,109,90,1.483,0.48,us,us7000kerd,2023-09-16T19:16:09.040Z,"1 km WNW of Sullana, Peru",earthquake,9.41,6.075,0.046,141,reviewed,us,us
2023-07-15T18:29:21.681Z,-0.1762,-78.3751,12.946,4.5,mb,20,59,0.219,0.43,us,us7000kg5n,2023-09-16T19:16:18.040Z,"5 km WNW of Oyambarillo, Ecuador",earthquake,1.57,1.393,0.313,3,reviewed,us,us
2023-07-23T19:24:26.254Z,-3.3398,-79.9724,53.378,4.4,mb,37,118,0.227,0.58,us,us7000khun,2023-09-30T21:36:39.040Z,"8 km SSE of Puerto Bolívar, Ecuador",earthquake,12.01,7.107,0.091,35,reviewed,us,us
2023-07-24T01:47:57.121Z,1.2765,-79.4858,35,4,mb,11,180,0.639,0.48,us,us7000khw2,2023-09-30T21:36:39.040Z,"39 km NNE of Esmeraldas, Ecuador",earthquake,4.57,2.004,0.367,2,reviewed,us,us
2023-07-26T01:24:42.709Z,-0.8996,-79.2191,107.934,4.1,mb,19,171,0.686,0.37,us,us6000kvk8,2023-09-30T21:36:31.040Z,"4 km N of La Maná, Ecuador",earthquake,6.49,7.228,0.234,5,reviewed,us,us
2023-07-28T01:38:25.207Z,-1.9055,-78.0476,140.531,4.8,mb,87,62,0.41,0.73,us,us6000kw1l,2023-09-30T21:36:32.040Z,"24 km SSW of Palora, Ecuador",earthquake,7.81,4.345,0.03,336,reviewed,us,us
2023-08-04T20:17:33.280Z,-3.9008,-80.9532,29.419,4.8,mwr,176,56,3.17,0.74,us,us6000kxye,2023-10-07T21:38:58.040Z,"25 km NNE of Máncora, Peru",earthquake,6.31,4.171,0.083,14,reviewed,us,us
2023-08-12T21:52:12.274Z,-3.1805,-75.72,130.191,4.4,mb,59,83,2.848,0.44,us,us6000kzlz,2023-10-17T22:01:31.040Z,"85 km ENE of Alianza Cristiana, Peru",earthquake,8.2,6.583,0.08,45,reviewed,us,us
2023-08-13T12:58:42.674Z,2.7209,-79.6777,10,4.3,mb,35,137,1.644,0.87,us,us6000kzpp,2023-10-27T21:39:00.040Z,"136 km WNW of Salahonda, Colombia",earthquake,8.71,1.948,0.126,18,reviewed,us,us
2023-08-14T10:59:51.500Z,-2.3176,-76.7324,148.63,4.5,mb,67,91,1.53,0.82,us,us6000kzu5,2023-10-27T21:39:01.040Z,"132 km NNW of Alianza Cristiana, Peru",earthquake,8.38,5.674,0.057,90,reviewed,us,us
2023-08-20T07:29:00.170Z,-3.7461,-77.7625,9.28,4.4,mb,43,131,2.253,0.49,us,us7000kpkv,2023-10-28T19:15:32.040Z,"98 km ESE of Gualaquiza, Ecuador",earthquake,7.33,3.891,0.082,45,reviewed,us,us
2023-08-21T04:48:59.875Z,-1.9542,-77.1014,165.489,4.2,mb,31,85,1.031,0.54,us,us7000kpsv,2023-10-28T19:15:33.040Z,"100 km ESE of Palora, Ecuador",earthquake,10.14,6.841,0.147,13,reviewed,us,us
2023-08-21T05:24:12.006Z,-3.1989,-79.9653,40.35,5.4,mww,310,138,2.017,0.78,us,us7000kpt4,2023-11-07T03:46:54.494Z,"6 km N of Machala, Ecuador",earthquake,8.08,4.788,0.05,39,reviewed,us,us
2023-08-22T21:13:15.701Z,-5.3188,-81.7522,10,4.6,mb,26,96,4.766,0.64,us,us7000kq78,2023-10-28T19:15:35.040Z,"75 km WSW of Paita, Peru",earthquake,12.27,1.902,0.151,13,reviewed,us,us
2023-08-29T21:31:30.557Z,-0.4475,-80.3221,40.091,4.6,mb,56,140,0.488,0.86,us,us7000krz9,2023-11-04T21:35:48.040Z,"20 km NE of Bahía de Caráquez, Ecuador",earthquake,6.69,6.146,0.086,40,reviewed,us,us
2023-08-31T09:38:11.868Z,-1.4705,-77.6831,183.826,4.6,mb,81,40,0.342,0.67,us,us7000ksb3,2023-11-04T21:36:03.040Z,"35 km E of Puyo, Ecuador",earthquake,7.12,5.269,0.03,334,reviewed,us,us
2023-09-03T21:08:18.680Z,-1.7049,-78.2723,142.752,4.3,mb,23,99,5.396,0.52,us,us7000ku7n,2023-11-17T19:47:50.040Z,"34 km W of Palora, Ecuador",earthquake,10.47,6.99,0.147,13,reviewed,us,us
2023-09-08T20:45:50.752Z,-1.6136,-78.0652,159.557,4.4,mb,143,45,0.127,0.81,us,us7000kuel,2023-11-17T19:47:51.040Z,"14 km NW of Palora, Ecuador",earthquake,7.16,4.64,0.044,150,reviewed,us,us
2023-09-14T09:01:40.995Z,-2.4387,-80.0276,67.826,4.3,mb,33,87,1.102,0.8,us,us7000kvnw,2023-11-18T22:29:34.040Z,"28 km S of Santa Lucía, Ecuador",earthquake,8.39,4.04,0.091,34,reviewed,us,us
2023-09-15T07:13:53.516Z,-3.1087,-77.6645,10.113,4.4,mb,36,79,2.438,0.75,us,us7000kwxd,2023-11-18T22:29:36.040Z,"91 km SE of Sucúa, Ecuador",earthquake,7.64,4.763,0.104,27,reviewed,us,us
2023-09-15T19:29:58.602Z,2.8041,-79.7139,10,4.4,mb,28,138,3.715,0.71,us,us7000kwxt,2023-11-18T22:29:36.040Z,"144 km WNW of Mosquera, Colombia",earthquake,9.66,1.894,0.117,22,reviewed,us,us
2023-09-18T22:33:46.364Z,-4.9012,-80.9141,10,4.2,mb,17,144,1.588,0.78,us,us7000kxdw,2023-12-02T23:01:10.040Z,"Peru-Ecuador border region",earthquake,5.16,1.943,0.136,15,reviewed,us,us
2023-09-26T19:25:02.218Z,1.1728,-79.1733,48.268,4.5,mb,58,78,1.32,1.03,us,us6000layf,2023-12-09T22:00:40.040Z,"22 km WSW of Valdez, Ecuador",earthquake,6.05,6.1,0.102,31,reviewed,us,us
2023-09-28T06:28:04.193Z,1.2324,-78.8118,53.309,4.1,mb,15,97,0.069,0.57,us,us6000lbba,2023-12-09T22:00:40.040Z,"6 km SSE of San Lorenzo de Esmeraldas, Ecuador",earthquake,5.2,4.66,0.234,5,reviewed,us,us
2023-10-05T20:55:06.784Z,0.6912,-77.9134,10,4.8,mwr,75,75,0.129,1.12,us,us6000ld9m,2023-12-14T21:26:53.040Z,"8 km NNE of El Ángel, Ecuador",earthquake,5.49,1.749,0.083,14,reviewed,us,us
2023-10-09T14:29:05.778Z,-0.9149,-79.1892,104.575,4.1,mb,25,111,0.658,0.73,us,us6000le97,2023-12-16T22:13:06.040Z,"4 km NE of La Maná, Ecuador",earthquake,4.46,5.726,0.144,13,reviewed,us,us
2023-10-13T04:00:14.342Z,-2.9014,-79.094,85.441,4.5,mb,26,85,1.164,0.59,us,us6000lfa8,2023-12-16T22:13:08.040Z,"9 km W of Cuenca, Ecuador",earthquake,6.06,9.564,0.145,14,reviewed,us,us
2023-10-23T05:23:31.744Z,0.2419,-78.3038,7.9,3.6,mb,13,83,0.11,0.71,us,us6000lhf4,2024-01-04T04:21:55.040Z,"4 km W of Otavalo, Ecuador",earthquake,1.67,6.199,0.352,2,reviewed,us,us
2023-11-06T05:18:37.567Z,-4.0832,-76.7297,10,4.1,mb,22,160,2.88,0.66,us,us7000l93t,2024-01-13T23:10:10.040Z,"74 km SSW of Alianza Cristiana, Peru",earthquake,6.22,1.894,0.165,10,reviewed,us,us
2023-11-07T03:33:46.457Z,-0.9016,-79.2503,25.049,5,mww,130,81,0.701,0.64,us,us7000l99x,2024-01-13T23:10:20.040Z,"5 km NNW of La Maná, Ecuador",earthquake,1.61,3.722,0.089,12,reviewed,us,us
2023-11-12T08:26:50.690Z,-2.5189,-80.6013,37.932,4.5,mb,29,149,1.153,0.6,us,us7000lagc,2024-01-26T16:37:56.040Z,"26 km WNW of Playas, Ecuador",earthquake,5,8.026,0.101,29,reviewed,us,us
2023-11-14T04:48:30.138Z,-5.684,-76.5337,11.83,4.6,mb,55,68,2.345,0.72,us,us7000laua,2024-01-26T16:37:59.040Z,"51 km WNW of Yurimaguas, Peru",earthquake,6.52,3.754,0.067,66,reviewed,us,us
2023-11-15T12:20:41.563Z,-2.4599,-79.4749,21.974,4.5,mb,44,116,1.135,0.67,us,us6000lprv,2024-01-26T16:37:53.040Z,"15 km WSW of La Troncal, Ecuador",earthquake,3.18,5.726,0.099,30,reviewed,us,us
2023-11-18T06:35:49.868Z,-1.2383,-77.7529,189.021,4.7,mb,92,58,0.371,0.75,us,us6000lpa5,2024-01-26T16:37:51.040Z,"27 km SSE of Tena, Ecuador",earthquake,8.08,4.254,0.061,80,reviewed,us,us
2023-11-18T23:32:53.076Z,2.5126,-79.7082,10,4.5,mwr,48,131,1.486,1.07,us,us6000lpdj,2024-01-26T16:37:52.040Z,"127 km WNW of Salahonda, Colombia",earthquake,7.57,1.89,0.063,24,reviewed,us,us
2023-11-22T17:45:03.578Z,-2.2421,-77.1393,12.773,4.7,mb,86,52,1.156,0.75,us,us6000lq4i,2024-02-01T15:13:42.040Z,"108 km E of Macas, Ecuador",earthquake,6.25,3.752,0.059,87,reviewed,us,us
2023-11-25T12:59:52.776Z,-2.0798,-77.281,155.521,5.1,mww,134,110,0.945,0.59,us,us6000lqpg,2024-02-01T15:13:44.040Z,"86 km ESE of Palora, Ecuador",earthquake,8.87,5.018,0.054,33,reviewed,us,us
2023-11-28T12:42:48.892Z,-2.2069,-77.0449,131.34,4.3,mb,58,111,1.209,0.61,us,us7000leb0,2024-02-06T21:53:54.040Z,"116 km ESE of Palora, Ecuador",earthquake,9.47,6.759,0.08,45,reviewed,us,us
2023-12-11T07:36:33.539Z,0.9582,-77.5751,95.262,4.6,mb,55,143,5.584,0.43,us,us7000li20,2024-02-17T22:43:06.040Z,"4 km NNW of Gualmatán, Colombia",earthquake,9.51,9.611,0.074,54,reviewed,us,us
2023-12-28T22:44:58.620Z,-1.7562,-78.0928,164.91,4.2,mb,22,113,0.27,0.46,us,us6000m09z,2024-03-02T21:39:32.040Z,"15 km WSW of Palora, Ecuador",earthquake,9.93,9.745,0.199,7,reviewed,us,us
2024-01-04T13:46:26.091Z,-5.8112,-80.9384,39.007,4.7,mb,42,96,2.41,0.79,us,us6000m1rn,2024-03-09T21:39:20.040Z,"30 km SSW of Sechura, Peru",earthquake,9.65,6.574,0.061,80,reviewed,us,us
2024-01-06T01:03:31.563Z,-1.3156,-81.0475,10,4.5,mb,39,92,2.185,0.82,us,us6000m24p,2024-03-09T21:39:41.040Z,"52 km W of Jipijapa, Ecuador",earthquake,5.13,1.824,0.113,23,reviewed,us,us
2024-01-06T11:51:34.489Z,-2.2219,-79.7851,83.278,4.4,mb,43,137,1.167,0.75,us,us6000m26z,2024-03-09T21:39:44.040Z,"9 km ESE of Eloy Alfaro, Ecuador",earthquake,7.33,7.109,0.089,37,reviewed,us,us
2024-01-08T12:59:52.208Z,-2.4091,-81.9572,10,4.6,mb,47,85,2.2,1.11,us,us6000m2g7,2024-03-16T19:00:00.040Z,"113 km W of Salinas, Ecuador",earthquake,3.87,1.818,0.105,27,reviewed,us,us
2024-01-08T13:06:56.285Z,-2.5314,-81.8388,10,4.6,mb,57,86,2.037,0.5,us,us6000m2g9,2024-03-16T19:00:01.040Z,"104 km WSW of Salinas, Ecuador",earthquake,4.74,1.843,0.092,35,reviewed,us,us
2024-01-10T23:54:46.124Z,-5.9215,-76.7022,120.742,5,mb,167,69,2.069,0.53,us,us6000m2zs,2024-03-16T19:00:16.040Z,"32 km ENE of Moyobamba, Peru",earthquake,8.61,5.069,0.047,145,reviewed,us,us
2024-01-24T01:42:11.505Z,-3.1744,-77.6843,10,4.5,mb,23,103,1.704,0.68,us,us7000ltcs,2024-03-30T22:32:59.040Z,"95 km SE of Sucúa, Ecuador",earthquake,7.82,1.924,0.163,11,reviewed,us,us
2024-01-28T05:19:05.061Z,-3.8201,-80.3235,35.382,4.4,mb,30,172,0.372,1.35,us,us7000luh6,2024-03-30T22:34:41.040Z,"20 km SW of Matapalo, Peru",earthquake,7.88,8.115,0.12,20,reviewed,us,us
2024-02-08T02:36:12.771Z,1.2167,-78.9339,77.318,4.4,mb,41,115,0.115,1.12,us,us7000lxnx,2024-04-20T19:34:03.040Z,"6 km ESE of Valdez, Ecuador",earthquake,6.11,7.207,0.12,20,reviewed,us,us
2024-02-09T08:44:16.531Z,-0.9735,-80.9261,10,4.4,mb,29,158,1.244,1.02,us,us7000lxy9,2024-04-20T19:34:33.040Z,"23 km W of Manta, Ecuador",earthquake,4.04,1.959,0.149,13,reviewed,us,us
2024-02-15T06:45:34.125Z,-1.7319,-77.6488,166.527,4.8,mb,141,100,1.183,0.61,us,us7000lzcf,2025-02-27T19:37:36.156Z,"35 km E of Palora, Ecuador",earthquake,9.02,6.227,0.049,129,reviewed,us,us
2024-02-16T19:02:32.417Z,-2.0009,-80.7707,32.311,4.2,mb,21,183,1.69,0.71,us,us7000lzqj,2024-04-24T14:42:04.040Z,"26 km NNE of Santa Elena, Ecuador",earthquake,5.34,8.209,0.199,8,reviewed,us,us
2024-02-24T19:12:56.851Z,-0.9392,-81.1548,10,4.6,mb,24,182,1.434,0.54,us,us7000m1dh,2024-05-02T15:50:14.040Z,"49 km W of Manta, Ecuador",earthquake,4.61,1.941,0.193,8,reviewed,us,us
2024-02-25T07:27:03.237Z,0.1948,-80.0034,24.429,4.6,mwr,47,140,0.572,0.76,us,us7000m1gh,2024-05-02T15:50:14.040Z,"14 km NNE of Pedernales, Ecuador",earthquake,4.78,5.24,0.065,23,reviewed,us,us
2024-03-13T08:26:38.917Z,-0.6921,-81.1198,10,4.5,mb,32,155,1.32,1.38,us,us6000mjsn,2024-05-18T21:23:54.040Z,"54 km WNW of Manta, Ecuador",earthquake,6.62,1.911,0.171,10,reviewed,us,us
2024-03-13T09:23:35.007Z,-3.5036,-77.5175,10.582,4.3,mb,23,159,2.06,0.55,us,us6000mjsq,2024-05-18T21:23:55.040Z,"118 km E of Gualaquiza, Ecuador",earthquake,9.82,5.178,0.137,15,reviewed,us,us
2024-03-17T05:56:41.034Z,-5.3197,-77.1613,9.925,4.5,mb,77,87,2.181,0.59,us,us6000mjeb,2024-05-18T21:23:31.040Z,"75 km N of Segunda Jerusalén - Azunguillo, Peru",earthquake,6.98,4.348,0.07,60,reviewed,us,us
2024-03-18T23:40:53.426Z,-4.7954,-75.829,120.219,4.3,mb,28,60,3.451,0.52,us,us6000mkhw,2024-05-27T14:19:21.040Z,"50 km NNW of Lagunas, Peru",earthquake,7.84,6.619,0.168,10,reviewed,us,us
2024-03-25T18:47:47.184Z,-5.6591,-78.5615,78.387,4.1,mb,28,151,2.579,0.76,us,us7000m7yj,2024-06-01T21:55:46.040Z,"12 km E of Bellavista, Peru",earthquake,7.8,9.679,0.165,10,reviewed,us,us
2024-03-26T12:30:46.162Z,-3.5916,-81.7108,10,4.1,mb,14,235,1.641,0.89,us,us7000m9de,2024-06-01T21:55:50.040Z,"92 km NW of El Alto, Peru",earthquake,12.8,1.987,0.213,6,reviewed,us,us
2024-03-30T08:56:17.434Z,-3.7337,-80.9371,25.594,4.3,mb,14,151,0.888,0.67,us,us7000m8wi,2024-06-01T21:55:49.040Z,"29 km WSW of Zorritos, Peru",earthquake,10.68,8.642,0.266,4,reviewed,us,us
2024-04-09T03:07:04.680Z,-3.8582,-80.9823,35,4.5,mb,42,144,0.964,0.52,us,us7000mcvw,2024-06-17T02:14:55.040Z,"28 km NNE of Máncora, Peru",earthquake,8.84,1.917,0.116,22,reviewed,us,us
2024-04-11T04:20:38.804Z,-1.9647,-80.0909,65.893,4.1,mwr,77,142,1.307,0.91,us,us7000mbbj,2024-06-17T02:15:08.040Z,"9 km S of Lomas de Sargentillo, Ecuador",earthquake,6.9,7.31,0.08,15,reviewed,us,us
2024-04-14T10:58:42.151Z,-1.5879,-80.9147,19.142,4.5,mb,34,171,1.626,0.58,us,us7000mc1b,2024-06-17T02:15:33.040Z,"45 km SW of Jipijapa, Ecuador",earthquake,9.17,2.644,0.113,23,reviewed,us,us
2024-04-21T23:22:32.776Z,-3.4452,-81.9309,10,4.6,mb,55,88,1.863,0.54,us,us7000mdqs,2024-06-25T21:03:26.040Z,"120 km NW of El Alto, Peru",earthquake,8.77,1.834,0.094,34,reviewed,us,us
2024-05-04T04:00:32.314Z,-4.5459,-76.5756,114.242,4.9,mb,65,96,3.145,0.72,us,us6000mw9l,2024-07-15T03:58:05.040Z,"33 km NNE of Barranca, Peru",earthquake,8.83,2.038,0.029,373,reviewed,us,us
2024-05-05T06:11:07.336Z,2.0194,-76.027,12.009,4.4,mb,23,171,2.184,0.56,us,us6000mwfa,2024-07-15T03:57:55.040Z,"3 km NNE of Saladoblanco, Colombia",earthquake,8.08,5.829,0.219,6,reviewed,us,us
2024-05-05T09:27:12.224Z,-5.8222,-75.268,9.6,4.6,mb,57,125,5.105,0.86,us,us6000mwgq,2024-07-15T03:57:52.040Z,"77 km NE of Navarro, Peru",earthquake,11.87,4.793,0.059,86,reviewed,us,us
2024-05-06T15:17:03.966Z,0.4474,-77.5722,4.838,4.9,mww,84,70,0.343,0.59,us,us6000mwpy,2024-07-20T22:20:01.040Z,"32 km ESE of San Gabriel, Ecuador",earthquake,8.58,3.895,0.073,18,reviewed,us,us
2024-05-06T15:32:31.412Z,0.4825,-77.5688,8.031,4.8,mww,106,61,0.318,0.63,us,us6000mwq2,2024-07-20T22:20:01.040Z,"31 km ESE of San Gabriel, Ecuador",earthquake,6.08,3.865,0.098,10,reviewed,us,us
2024-05-07T22:22:47.616Z,-4.4386,-81.9917,10,4.4,mb,25,145,4.275,0.58,us,us6000mx3a,2024-07-20T22:20:02.040Z,"81 km W of Talara, Peru",earthquake,8.34,1.944,0.156,12,reviewed,us,us
2024-05-14T03:00:35.837Z,-4.6609,-77.6581,10,4.5,mb,48,134,3.168,0.55,us,us6000myff,2024-07-26T23:58:08.040Z,"110 km W of Barranca, Peru",earthquake,11.99,1.901,0.092,35,reviewed,us,us
2024-05-14T16:39:55.019Z,-2.8696,-77.8395,30.205,4.4,mb,44,125,1.38,0.83,us,us6000myjz,2024-07-26T23:58:08.040Z,"58 km SE of Sucúa, Ecuador",earthquake,7.85,4.246,0.12,21,reviewed,us,us
2024-05-21T02:43:10.935Z,-3.7141,-79.6819,84.173,5.1,mww,117,44,2.35,0.67,us,us6000mzyb,2024-08-06T02:09:45.040Z,"3 km S of Piñas, Ecuador",earthquake,7.52,3.61,0.083,14,reviewed,us,us
2024-05-22T05:34:19.975Z,2.5123,-79.0178,10,5,mww,107,73,1.223,0.98,us,us6000n077,2024-08-06T02:10:10.040Z,"63 km W of Mosquera, Colombia",earthquake,5.55,1.353,0.073,18,reviewed,us,us
2024-05-22T08:44:13.991Z,2.5004,-79.0534,10,4.7,mb,68,74,1.217,1.03,us,us6000n08a,2024-08-06T02:10:10.040Z,"66 km W of Mosquera, Colombia",earthquake,6.65,1.814,0.075,53,reviewed,us,us
2024-05-26T10:24:52.504Z,2.6312,-79.0382,10,4.3,mb,27,130,1.343,0.87,us,us6000n12v,2024-08-06T02:10:16.040Z,"66 km WNW of Mosquera, Colombia",earthquake,4.73,1.973,0.201,7,reviewed,us,us
2024-06-07T15:27:42.762Z,2.946,-79.319,10,4,mb,19,139,1.709,0.74,us,us7000mr0t,2024-08-16T21:59:24.040Z,"107 km WNW of Mosquera, Colombia",earthquake,6.49,1.933,0.232,7,reviewed,us,us
2024-06-16T17:32:12.805Z,-1.9579,-77.695,13.734,4.5,mb,37,111,0.567,0.43,us,us7000msuc,2024-08-23T18:04:34.040Z,"41 km SE of Palora, Ecuador",earthquake,4.55,3.27,0.11,24,reviewed,us,us
2024-06-18T02:22:10.098Z,-3.8928,-76.671,106.228,5.5,mww,154,33,2.741,0.54,us,us7000mt41,2024-08-30T18:17:09.040Z,"53 km SSW of Alianza Cristiana, Peru",earthquake,7.83,3.247,0.034,83,reviewed,us,us
2024-06-18T17:11:01.492Z,-2.1885,-77.2246,144.004,4.6,mb,113,51,1.057,0.77,us,us7000mt8i,2024-08-30T18:17:08.040Z,"98 km ESE of Palora, Ecuador",earthquake,5.4,4.764,0.061,80,reviewed,us,us
2024-06-19T22:15:04.783Z,-4.0785,-77.2879,117.775,4.2,mb,21,144,2.672,0.66,us,us7000mths,2024-08-30T18:17:08.040Z,"107 km NW of Barranca, Peru",earthquake,11.29,4.992,0.186,8,reviewed,us,us
2024-06-21T06:02:51.539Z,-2.4551,-78.7579,98.435,4.4,mwr,35,146,0.961,0.95,us,us7000mtr3,2024-08-30T18:17:07.040Z,"23 km ENE of Cañar, Ecuador",earthquake,8.62,6.777,0.098,10,reviewed,us,us
2024-07-01T05:27:51.380Z,-0.1306,-78.2865,10,4.4,mb,61,69,0.264,0.57,us,us7000mxti,2024-09-12T21:52:31.040Z,"8 km NE of Oyambarillo, Ecuador",earthquake,3.08,1.886,0.082,43,reviewed,us,us
2024-07-05T07:06:59.484Z,-0.7614,-81.6824,10,4.4,mb,27,169,1.883,1.19,us,us6000nafg,2024-09-12T21:52:27.040Z,"110 km WNW of Manta, Ecuador",earthquake,8.91,1.967,0.17,10,reviewed,us,us
2024-07-21T23:56:22.172Z,-4.8705,-78.6486,35,4.4,mb,56,142,2.264,0.75,us,us7000n0qm,2024-09-28T22:42:57.040Z,"49 km NE of San Ignacio, Peru",earthquake,8.99,1.895,0.061,78,reviewed,us,us
2024-07-25T05:44:16.035Z,-3.0689,-76.4987,117.89,4.7,mb,122,111,2.185,0.86,us,us6000nfje,2024-10-08T21:49:12.005Z,"45 km N of Alianza Cristiana, Peru",earthquake,9.66,3.858,0.052,111,reviewed,us,us
2024-07-28T06:04:34.479Z,-2.7785,-80.0589,10,4.1,mb,27,145,0.775,0.77,us,us6000nggb,2024-10-08T21:49:13.005Z,"30 km WNW of Baláo, Ecuador",earthquake,5.18,1.637,0.151,12,reviewed,us,us
2024-08-01T12:35:02.202Z,2.2475,-79.7656,10,4,mb,28,80,1.32,1.04,us,us7000n7y1,2024-10-11T19:39:12.040Z,"119 km WNW of Tumaco, Colombia",earthquake,3,1.841,0.233,5,reviewed,us,us
2024-08-04T06:00:26.679Z,-1.3059,-77.4333,197.728,4.2,mb,24,67,0.62,0.45,us,us6000ni0h,2024-10-11T19:39:10.040Z,"54 km SE of Tena, Ecuador",earthquake,8.48,5.339,0.137,15,reviewed,us,us
2024-08-04T06:57:04.532Z,-3.7868,-78.6111,103.103,4.4,mb,34,159,1.85,0.8,us,us6000ni0m,2024-10-11T19:39:10.040Z,"17 km ENE of Yantzaza, Ecuador",earthquake,8.83,6.024,0.108,25,reviewed,us,us
2024-08-04T23:42:55.000Z,-2.3806,-77.531,39.929,4.4,mwr,48,47,1.01,0.66,us,us6000ni3u,2024-10-11T19:39:10.040Z,"65 km E of Macas, Ecuador",earthquake,5.12,5.978,0.071,19,reviewed,us,us
2024-08-14T04:58:03.126Z,-0.9052,-79.8469,63.193,3.5,ml,14,193,0.544,0.62,us,us6000nk0c,2024-10-26T15:47:47.040Z,"27 km WNW of Velasco Ibarra, Ecuador",earthquake,6.31,11.46,0.069,28,reviewed,us,us
2024-09-04T13:57:14.324Z,-1.5846,-77.6956,184.843,4.4,mb,101,94,0.341,0.73,us,us6000npn5,2024-11-15T16:19:54.040Z,"32 km ENE of Palora, Ecuador",earthquake,8.92,4.792,0.049,119,reviewed,us,us
2024-09-21T02:04:18.792Z,-0.9024,-79.213,112.458,3.1,ml,11,115,0.681,0.3,us,us6000ntet,2024-11-23T23:26:30.040Z,"4 km NNE of La Maná, Ecuador",earthquake,8.82,8.109,0.081,20,reviewed,us,us
2024-09-21T16:47:00.612Z,-1.5742,-80.1351,52.113,3.3,ml,11,248,0.839,0.45,us,us6000nti3,2024-11-23T23:26:37.040Z,"14 km WSW of Colimes, Ecuador",earthquake,9.22,29.621,0.077,22,reviewed,us,us
2024-09-23T14:40:34.376Z,-2.4687,-77.7983,120.537,4.2,mb,42,97,0.995,0.66,us,us6000ntv6,2024-12-06T19:30:12.040Z,"39 km ESE of Macas, Ecuador",earthquake,7.92,6.97,0.121,21,reviewed,us,us
2024-09-24T19:41:59.925Z,-2.0609,-78.782,125.752,3.4,ml,10,96,0.57,0.34,us,us7000ng0b,2024-12-06T19:30:15.040Z,"17 km NNE of Alausí, Ecuador",earthquake,9.72,6.097,0.085,18,reviewed,us,us
2024-10-01T07:23:17.389Z,-2.566,-80.757,35,3.6,mb,16,240,1.259,0.7,us,us7000nhe3,2024-12-14T14:50:52.040Z,"39 km SSE of Santa Elena, Ecuador",earthquake,12.53,2.021,0.352,2,reviewed,us,us
2024-10-01T09:04:27.694Z,-2.5441,-80.5651,35,3.6,ml,13,260,1.07,0.29,us,us7000nher,2024-12-14T14:50:54.040Z,"21 km WNW of Playas, Ecuador",earthquake,4.34,2.024,0.074,24,reviewed,us,us
2024-10-01T09:07:36.362Z,-2.6626,-80.8407,35,4.5,mwr,87,152,1.369,0.37,us,us7000nhes,2024-12-14T14:50:54.040Z,"48 km S of La Libertad, Ecuador",earthquake,8.52,1.927,0.068,21,reviewed,us,us
2024-10-01T09:17:15.591Z,-2.6694,-80.895,35,4.6,mb,90,153,1.422,0.52,us,us7000nhew,2024-12-14T14:50:55.040Z,"48 km S of La Libertad, Ecuador",earthquake,9.45,1.948,0.048,129,reviewed,us,us
2024-10-01T15:09:17.071Z,-2.2452,-80.2865,35,3.7,ml,10,296,0.733,0.97,us,us7000nhhp,2024-12-14T14:50:57.040Z,"32 km WSW of Santa Lucía, Ecuador",earthquake,8.87,2.028,0.077,22,reviewed,us,us
2024-10-05T23:54:06.547Z,-1.9285,-80.337,35,4.1,ml,13,276,0.821,0.74,us,us6000nwsi,2024-12-14T14:50:38.040Z,"17 km SW of Pedro Carbo, Ecuador",earthquake,7.18,2.025,0.074,24,reviewed,us,us
2024-10-07T20:12:06.484Z,1.3893,-79.7834,10,3.4,ml,10,293,0.941,0.89,us,us6000nx4r,2024-12-23T15:45:53.040Z,"49 km NNW of Esmeraldas, Ecuador",earthquake,10.97,2.027,0.081,20,reviewed,us,us
2024-10-12T00:26:21.346Z,-1.6761,-78.071,169.652,3.4,ml,16,217,0.188,0.53,us,us6000ny7n,2024-12-23T15:46:59.040Z,"12 km WNW of Palora, Ecuador",earthquake,9.91,7.947,0.081,20,reviewed,us,us
2024-10-12T06:27:10.411Z,-0.1471,-78.9564,105.588,3,ml,9,219,0.364,0.34,us,us6000ny94,2024-12-23T15:47:04.040Z,"27 km ENE of Santo Domingo de los Colorados, Ecuador",earthquake,6.94,6.407,0.085,18,reviewed,us,us
2024-10-16T10:06:09.907Z,-2.0178,-80.3925,35,3.2,ml,10,299,0.852,0.58,us,us6000nz0s,2024-12-26T23:03:47.040Z,"28 km SW of Pedro Carbo, Ecuador",earthquake,7.28,2.027,0.081,20,reviewed,us,us
2024-10-16T22:04:48.380Z,2.1028,-79.7589,10,4.7,mb,64,139,1.216,0.75,us,us6000nz6y,2024-12-26T23:04:02.040Z,"112 km WNW of Tumaco, Colombia",earthquake,4.27,1.888,0.079,49,reviewed,us,us
2024-10-17T13:14:18.003Z,-0.6616,-79.7068,58.679,3.6,ml,10,209,1.177,0.35,us,us6000nzca,2024-12-26T23:03:43.040Z,"42 km N of Velasco Ibarra, Ecuador",earthquake,6.31,27.803,0.081,20,reviewed,us,us
2024-10-22T00:55:10.585Z,1.1182,-79.3631,10,3.2,ml,11,214,0.544,0.97,us,us7000nmch,2025-01-04T23:07:15.040Z,"36 km ENE of Esmeraldas, Ecuador",earthquake,4.24,1.998,0.081,20,reviewed,us,us
2024-10-27T15:53:20.694Z,-1.0053,-80.5016,35,3.2,ml,10,264,0.921,0.7,us,us7000nnhv,2025-01-04T23:07:15.040Z,"7 km NW of Portoviejo, Ecuador",earthquake,5.79,2.002,0.081,20,reviewed,us,us
2024-10-28T01:22:44.080Z,-2.377,-79.4503,88.15,4.4,mb,19,169,0.212,0.54,us,us7000nnjj,2025-01-16T18:43:59.040Z,"13 km WNW of La Troncal, Ecuador",earthquake,9.22,4.987,0.203,7,reviewed,us,us
2024-10-28T21:50:42.586Z,-1.5485,-81.1823,10,3.9,mb,12,128,1.744,0.37,us,us7000nnpr,2025-01-16T18:43:24.040Z,"70 km WSW of Jipijapa, Ecuador",earthquake,8.47,1.882,0.364,2,reviewed,us,us
2024-10-30T13:12:10.865Z,-0.6415,-80.661,35,4.2,ml,11,282,1.981,0.27,us,us7000np04,2025-01-16T18:45:20.040Z,"26 km W of Bahía de Caráquez, Ecuador",earthquake,8.42,2.026,0.077,22,reviewed,us,us
2024-10-30T13:55:42.715Z,-0.5112,-79.9131,10,3,ml,9,261,1.36,0.63,us,us7000np0b,2025-01-16T18:43:28.040Z,"28 km NE of Chone, Ecuador",earthquake,6.45,2.016,0.085,18,reviewed,us,us
2024-10-31T18:14:13.933Z,-3.089,-79.6181,10,3.5,ml,10,334,0.716,0.31,us,us7000np8h,2025-01-16T18:43:27.040Z,"29 km SE of Baláo, Ecuador",earthquake,9.59,2.005,0.081,20,reviewed,us,us
2024-11-01T03:54:58.916Z,0.4041,-78.5537,10,3.7,ml,8,234,0.195,0.78,us,us7000npar,2025-01-16T18:43:26.040Z,"34 km WNW of Cotacachi, Ecuador",earthquake,1.65,1.964,0.091,16,reviewed,us,us
2024-11-03T02:18:54.701Z,-0.9325,-79.2085,127.225,3,ml,8,211,0.653,0.15,us,us7000npmk,2025-01-16T18:43:29.040Z,"2 km ENE of La Maná, Ecuador",earthquake,9.04,9.325,0.097,14,reviewed,us,us
2024-11-07T05:59:19.771Z,-2.4513,-78.0185,113.059,4.2,mb,18,98,0.952,0.36,us,us7000nqcu,2025-01-24T19:51:19.040Z,"17 km E of Sucúa, Ecuador",earthquake,7.11,7.339,0.141,14,reviewed,us,us
2024-11-08T10:37:42.623Z,-1.4492,-77.4738,190.812,5.1,mww,244,76,0.553,0.6,us,us7000nqkx,2025-01-24T19:51:23.040Z,"58 km E of Puyo, Ecuador",earthquake,8.99,5.677,0.065,23,reviewed,us,us
2024-11-09T14:44:53.442Z,-2.2658,-80.1141,53.066,3.8,ml,12,290,0.879,0.77,us,us7000nqw6,2025-01-24T19:51:07.040Z,"15 km SW of Santa Lucía, Ecuador",earthquake,10.91,22.666,0.077,22,reviewed,us,us
2024-11-10T06:44:27.665Z,-4.1655,-75.4979,10,4.5,mb,41,104,3.663,0.82,us,us7000nqyh,2025-01-24T19:51:29.040Z,"119 km N of Lagunas, Peru",earthquake,8.37,1.901,0.091,35,reviewed,us,us
2024-11-20T21:51:37.964Z,-1.6531,-77.9327,184.136,3.7,mb,11,89,0.184,0.47,us,us6000p6my,2025-01-30T17:00:30.040Z,"6 km NE of Palora, Ecuador",earthquake,9.5,6.501,0.29,3,reviewed,us,us
2024-11-24T00:56:04.636Z,-2.3757,-78.2878,112.431,4.3,mb,28,83,0.915,1,us,us6000p7cc,2025-01-30T17:00:33.040Z,"15 km NW of Sucúa, Ecuador",earthquake,6.68,5.29,0.147,13,reviewed,us,us
2024-12-01T22:45:49.457Z,-5.2019,-80.9853,35,4.3,mb,22,172,3.218,0.87,us,us7000nvc6,2025-02-02T00:54:41.040Z,"18 km SE of Paita, Peru",earthquake,5.67,1.968,0.169,10,reviewed,us,us
2024-12-05T23:14:13.612Z,-1.4822,-80.5495,30.936,4.4,mb,24,169,1.619,0.74,us,us7000nwcz,2025-02-15T18:30:07.040Z,"15 km SSE of Jipijapa, Ecuador",earthquake,5.02,8.268,0.162,11,reviewed,us,us
2024-12-14T18:05:16.955Z,-1.5331,-80.6605,40.045,4.4,mb,44,159,1.681,0.88,us,us7000nyw6,2025-02-18T20:02:59.040Z,"22 km SSW of Jipijapa, Ecuador",earthquake,7.88,4.389,0.101,29,reviewed,us,us
2024-12-23T23:00:52.184Z,-1.6086,-77.9319,181.076,4.4,mb,32,70,0.148,0.73,us,us6000pfdr,2025-03-08T22:39:09.040Z,"10 km NNE of Palora, Ecuador",earthquake,6.25,4.233,0.149,13,reviewed,us,us
2025-01-07T03:37:29.214Z,-1.9216,-77.2282,161.491,4.7,mb,120,65,0.903,0.62,us,us6000pibx,2025-03-17T21:35:05.040Z,"85 km ESE of Palora, Ecuador",earthquake,9.03,5.653,0.055,101,reviewed,us,us
2025-01-09T23:09:44.363Z,-0.9953,-78.7949,10,4,mb,15,161,0.398,0.58,us,us6000pj1z,2025-03-20T20:54:57.040Z,"11 km WSW of Pujilí, Ecuador",earthquake,2.69,1.969,0.232,5,reviewed,us,us
2025-01-13T02:20:54.549Z,-2.2781,-79.7517,90.55,5,mww,177,54,0.528,0.61,us,us6000pjm2,2025-05-14T21:24:28.768Z,"16 km SE of Eloy Alfaro, Ecuador",earthquake,8.36,4.371,0.061,26,reviewed,us,us
2025-01-14T15:52:33.789Z,-1.784,-78.0352,150.095,4.2,mb,40,79,0.289,0.63,us,us6000pjxc,2025-03-20T20:55:28.040Z,"12 km SW of Palora, Ecuador",earthquake,5.59,5.994,0.098,31,reviewed,us,us
2025-01-21T11:29:45.534Z,-2.6227,-80.2295,53.664,4.2,mb,29,120,0.984,0.6,us,us7000pa4m,2025-03-29T22:12:48.040Z,"17 km E of Playas, Ecuador",earthquake,8.58,10.585,0.167,10,reviewed,us,us
2025-01-31T23:02:28.845Z,-0.8609,-78.0956,8,5.5,mww,96,64,0.3,0.68,us,us7000pahy,2025-04-15T20:55:26.040Z,"32 km W of Archidona, Ecuador",earthquake,4.95,1.863,0.043,51,reviewed,us,us
2025-02-01T01:50:50.277Z,-0.8465,-78.1352,10,4.3,mb,24,109,0.258,0.86,us,us7000pajt,2025-04-15T20:55:26.040Z,"37 km W of Archidona, Ecuador",earthquake,1.75,1.89,0.147,13,reviewed,us,us
2025-02-01T11:05:50.660Z,-0.8167,-78.1383,10,4.7,mwr,67,58,0.252,0.93,us,us7000palx,2025-04-15T20:55:26.040Z,"38 km WNW of Archidona, Ecuador",earthquake,4.7,1.888,0.073,18,reviewed,us,us
2025-02-01T11:27:31.041Z,-0.8286,-78.1318,10,4.5,mb,40,90,0.259,1.09,us,us7000pam3,2025-04-15T20:55:26.040Z,"37 km WNW of Archidona, Ecuador",earthquake,2.02,1.893,0.106,26,reviewed,us,us
2025-02-04T07:45:13.544Z,-3.644,-79.9818,70.943,4.6,mb,61,117,1.376,1.26,us,us7000pb6s,2025-04-15T20:55:31.040Z,"21 km S of Santa Rosa, Ecuador",earthquake,8.47,5.604,0.052,112,reviewed,us,us
2025-02-05T08:21:34.425Z,-1.873,-78.1268,147.729,4.9,mb,83,68,0.391,0.67,us,us7000pbgl,2025-04-26T14:47:02.040Z,"26 km SW of Palora, Ecuador",earthquake,6.89,5.864,0.029,377,reviewed,us,us
2025-02-12T00:58:54.797Z,-2.4221,-76.5761,139.658,4.1,mb,15,164,1.717,0.96,us,us7000pd1e,2025-05-02T16:26:15.040Z,"117 km N of Alianza Cristiana, Peru",earthquake,12.64,26.976,0.174,9,reviewed,us,us
2025-02-16T04:49:35.297Z,-3.7634,-80.8697,43.401,4.3,mb,21,107,2.062,1.08,us,us7000pe29,2025-05-02T16:26:19.040Z,"23 km WSW of Zorritos, Peru",earthquake,10.87,4.8,0.217,6,reviewed,us,us
2025-02-17T21:30:31.284Z,-0.6894,-80.9834,10,4,mb,12,271,2.442,0.73,us,us7000pecc,2025-05-02T16:26:21.040Z,"42 km NW of Manta, Ecuador",earthquake,6.38,2.016,0.366,2,reviewed,us,us
2025-02-22T01:06:51.034Z,-3.9494,-80.7627,41.517,4.4,mb,17,159,2.105,0.74,us,us7000pfdh,2025-05-06T21:39:18.040Z,"12 km W of Cañaveral, Peru",earthquake,9.96,9.165,0.24,5,reviewed,us,us
2025-02-23T07:25:17.202Z,-1.1862,-77.5594,10,4.8,mwr,56,53,0.556,0.66,us,us7000pfks,2025-05-06T21:39:19.040Z,"35 km SE of Tena, Ecuador",earthquake,3.75,1.874,0.065,23,reviewed,us,us
2025-03-01T09:38:49.850Z,2.871,-79.4812,10,5,mww,71,138,2.729,0.91,us,us6000pw9c,2025-05-21T02:06:42.645Z,"121 km WNW of Mosquera, Colombia",earthquake,7.91,1.879,0.073,18,reviewed,us,us
2025-03-08T05:37:41.913Z,-1.3443,-77.5464,191.941,5.3,mww,176,72,0.501,0.77,us,us6000pxlb,2025-05-16T17:30:02.040Z,"48 km SE of Tena, Ecuador",earthquake,9.23,5.694,0.06,27,reviewed,us,us
2025-03-25T22:08:06.816Z,2.5566,-78.869,10,4.5,mb,36,136,2.124,0.94,us,us6000q3rc,2025-05-29T17:36:25.040Z,"46 km W of Mosquera, Colombia",earthquake,5.69,1.898,0.136,16,reviewed,us,us
2025-04-07T12:17:18.273Z,-5.248,-80.8657,41.447,4.3,mb,46,115,7.787,0.41,us,us6000q6tf,2025-06-09T13:38:48.040Z,"18 km NW of Tablazo Norte, Peru",earthquake,9.95,7.885,0.093,33,reviewed,us,us
2025-04-09T07:40:43.530Z,-5.9103,-81.3068,26.075,4.5,mb,35,156,5.475,0.83,us,us6000q4vu,2025-06-14T18:26:38.040Z,"66 km SW of Sechura, Peru",earthquake,10.07,6.967,0.097,32,reviewed,us,us
2025-04-13T22:11:22.270Z,-1.4197,-77.8491,161.905,4.4,mb,27,75,0.19,0.95,us,us6000q5um,2025-06-14T18:26:42.040Z,"18 km ENE of Puyo, Ecuador",earthquake,3.26,4.683,0.126,18,reviewed,us,us
2025-04-15T00:07:59.361Z,-1.5667,-78.0334,161.451,4,mb,19,176,0.074,0.49,us,us6000q62p,2025-06-14T18:26:44.040Z,"9 km SSW of Puyo, Ecuador",earthquake,11.3,4.712,0.232,5,reviewed,us,us
2025-04-16T00:07:04.050Z,0.1429,-80.8788,10,4.4,mb,13,142,2.307,0.58,us,us6000q6cg,2025-06-27T00:34:08.040Z,"92 km W of Pedernales, Ecuador",earthquake,5.32,1.965,0.309,3,reviewed,us,us
2025-04-19T02:20:17.032Z,-3.4875,-77.6433,10,4.6,mb,39,144,2.017,0.91,us,us6000q75b,2025-06-27T00:34:29.040Z,"104 km E of Gualaquiza, Ecuador",earthquake,6.67,1.907,0.094,34,reviewed,us,us
2025-04-21T22:23:17.999Z,-5.3915,-76.2563,10,4.8,mb,121,96,4.224,0.61,us,us7000pu39,2025-06-27T00:34:46.040Z,"58 km NNW of Yurimaguas, Peru",earthquake,7.57,1.815,0.057,95,reviewed,us,us
2025-04-25T11:44:52.634Z,1.0835,-79.5319,18,6.3,mww,208,32,0.715,1.12,us,us7000pv06,2025-07-11T15:46:20.040Z,"19 km NE of Esmeraldas, Ecuador",earthquake,5.62,1.724,0.032,96,reviewed,us,us
2025-04-26T02:40:24.350Z,-5.2911,-79.0806,112.199,4.2,mb,29,152,3.917,0.67,us,us7000pv5z,2025-07-11T15:46:20.040Z,"18 km SSW of San Ignacio, Peru",earthquake,10.6,8.224,0.136,15,reviewed,us,us
2025-05-02T15:06:53.791Z,-3.6407,-77.2832,104.742,4.4,mb,29,120,2.258,0.67,us,us7000pwli,2025-07-12T16:30:42.040Z,"96 km W of Alianza Cristiana, Peru",earthquake,11.23,9.826,0.117,23,reviewed,us,us
2025-05-03T14:50:14.676Z,-0.628,-77.9905,1.702,4.5,mwr,69,50,0.222,0.69,us,us7000pwwy,2025-07-12T16:30:43.040Z,"37 km NNW of Archidona, Ecuador",earthquake,6.6,5.066,0.083,14,reviewed,us,us
2025-05-05T09:17:23.248Z,-3.0415,-79.8935,63.412,4.1,mb,21,161,0.855,0.78,us,us7000px81,2025-07-12T16:30:45.040Z,"16 km SSW of Baláo, Ecuador",earthquake,10.37,11.393,0.185,8,reviewed,us,us
2025-05-06T20:33:39.240Z,-1.8981,-77.8274,156.913,4.2,mb,62,114,0.448,0.53,us,us7000pxkc,2025-07-12T16:30:47.040Z,"26 km SE of Palora, Ecuador",earthquake,10.37,7.417,0.073,52,reviewed,us,us
2025-05-08T11:22:40.880Z,-3.8399,-80.7011,45,5.4,mww,109,31,1.985,0.82,us,us7000pxx7,2025-07-24T21:30:11.040Z,"12 km NNW of Cañaveral, Peru",earthquake,7.87,1.888,0.053,34,reviewed,us,us
2025-05-10T12:12:53.089Z,-2.5964,-79.706,10,4.4,mwr,58,149,0.466,1.27,us,us7000pyez,2025-07-24T21:30:13.040Z,"12 km NW of Naranjal, Ecuador",earthquake,3.89,1.882,0.083,14,reviewed,us,us
2025-05-10T18:02:26.606Z,-1.6311,-77.6831,172.909,4.2,mb,39,66,0.368,0.6,us,us7000pyg8,2025-07-24T21:30:13.040Z,"32 km ENE of Palora, Ecuador",earthquake,7.11,4.974,0.097,32,reviewed,us,us
2025-05-11T01:29:58.305Z,-3.9693,-80.8004,40.959,4.7,mb,64,108,2.145,1.1,us,us7000pyhr,2025-07-24T21:30:14.040Z,"13 km NNW of Papayal, Peru",earthquake,7.06,7.081,0.045,147,reviewed,us,us
2025-05-11T02:07:09.460Z,-3.9323,-80.808,35,4.7,mb,64,108,2.126,1.03,us,us7000pyhv,2025-07-24T21:30:14.040Z,"17 km W of Cañaveral, Peru",earthquake,6.85,1.902,0.04,184,reviewed,us,us
2025-05-11T05:16:48.782Z,-3.986,-80.9703,26.134,4.6,mb,53,139,2.281,0.86,us,us7000pyii,2025-07-24T21:30:14.040Z,"15 km NNE of Máncora, Peru",earthquake,8.28,5.258,0.033,276,reviewed,us,us
2025-05-14T20:13:24.200Z,-5.8972,-81.1057,10,5.2,mww,156,65,3.875,0.68,us,us7000pz8t,2025-07-25T17:06:15.040Z,"49 km SW of Sechura, Peru",earthquake,8.33,1.775,0.066,22,reviewed,us,us
2025-05-27T11:29:36.194Z,-1.444,-77.8727,164.528,4.4,mb,88,77,0.16,0.7,us,us7000q1rn,2025-08-13T15:14:33.040Z,"15 km ENE of Puyo, Ecuador",earthquake,9.99,5.04,0.061,77,reviewed,us,us
2025-06-03T02:30:41.375Z,-5.7636,-80.7809,55.95,4.4,mb,48,134,3.611,0.51,us,us6000qhjm,2025-08-16T21:54:15.040Z,"23 km SSE of Sechura, Peru",earthquake,10.98,4.792,0.082,43,reviewed,us,us
2025-06-14T03:31:36.618Z,-1.2913,-80.8907,10,4.6,mb,40,170,1.602,0.8,us,us6000qk7i,2025-08-22T20:26:00.040Z,"35 km W of Jipijapa, Ecuador",earthquake,8.13,1.924,0.07,62,reviewed,us,us
2025-06-17T02:46:26.793Z,-0.9126,-78.2111,10,5,mww,95,87,0.209,0.78,us,us6000qkr0,2025-08-22T20:26:03.040Z,"44 km ENE of San Miguel de Salcedo, Ecuador",earthquake,7.67,1.874,0.066,22,reviewed,us,us
2025-06-17T06:47:15.562Z,-0.8783,-78.1101,4.899,4.2,mb,18,87,0.289,0.71,us,us6000qkrr,2025-08-22T20:26:03.040Z,"33 km W of Archidona, Ecuador",earthquake,1.58,6.31,0.198,7,reviewed,us,us
2025-06-19T01:06:23.890Z,-0.8567,-78.1327,10,4.4,mb,51,88,0.262,1.1,us,us6000ql5b,2025-09-02T21:23:38.040Z,"36 km W of Archidona, Ecuador",earthquake,1.85,1.867,0.089,36,reviewed,us,us
2025-06-20T19:58:33.019Z,2.4911,-76.2254,35.053,4.4,mb,51,72,2.355,0.68,us,us6000qli3,2025-09-02T21:23:39.040Z,"18 km WSW of Inzá, Colombia",earthquake,7.8,6.209,0.089,37,reviewed,us,us
2025-06-21T19:18:48.533Z,-2.6158,-79.6742,49.966,5.2,mww,83,126,0.442,0.93,us,us6000qlnk,2025-09-02T21:23:40.040Z,"8 km NW of Naranjal, Ecuador",earthquake,8.01,5.104,0.073,18,reviewed,us,us
2025-06-23T00:10:30.511Z,2.5853,-79.7833,10,4.3,mb,41,161,1.589,0.64,us,us6000qlvd,2025-09-02T21:23:41.040Z,"138 km WNW of Salahonda, Colombia",earthquake,7.59,1.736,0.104,26,reviewed,us,us
2025-06-23T21:36:29.929Z,-1.511,-80.9737,10,4,ml,11,296,1.567,0.46,us,us7000q8a0,2025-09-02T21:23:42.040Z,"47 km WSW of Jipijapa, Ecuador",earthquake,6.65,2.027,0.077,22,reviewed,us,us
2025-06-27T06:31:53.768Z,-2.1982,-80.0324,61.56,4.7,mb,54,142,0.477,1.11,us,us7000q91v,2025-09-04T20:40:00.040Z,"3 km WSW of Santa Lucía, Ecuador",earthquake,5.7,6.304,0.038,204,reviewed,us,us
2025-07-06T11:27:43.745Z,-5.5489,-77.0114,10,5.1,mww,138,55,3.794,0.73,us,us7000qazs,2025-09-12T16:23:09.040Z,"53 km N of Moyobamba, Peru",earthquake,7.9,1.747,0.089,12,reviewed,us,us
2025-07-08T17:36:09.023Z,0.8665,-79.7091,42.703,4.6,mb,119,57,0.96,0.85,us,us7000qbe7,2025-09-12T16:23:12.040Z,"11 km SSW of Esmeraldas, Ecuador",earthquake,6.84,2.698,0.058,89,reviewed,us,us
2025-07-11T04:12:36.938Z,-3.0688,-75.5425,133.839,4.4,mb,52,128,2.933,0.86,us,us7000qbyk,2025-11-28T20:47:32.604Z,"108 km ENE of Alianza Cristiana, Peru",earthquake,8.57,7.686,0.051,114,reviewed,us,us
2025-07-20T21:06:32.639Z,0.4719,-79.3622,57.913,4.4,mb,32,116,0.954,0.38,us,us7000qe4h,2025-10-03T18:43:06.040Z,"20 km NE of Rosa Zarate, Ecuador",earthquake,3.75,9.028,0.134,16,reviewed,us,us
2025-07-27T07:36:13.589Z,-1.609,-77.9864,171.439,4.1,mb,22,96,0.121,1,us,us6000qvgc,2025-10-11T20:57:21.040Z,"10 km NNW of Palora, Ecuador",earthquake,8.83,4.561,0.146,13,reviewed,us,us
2025-07-28T12:34:01.516Z,-3.5845,-79.8973,59.178,4.4,mb,26,118,1.282,0.93,us,us6000qvm0,2025-10-11T20:57:27.040Z,"16 km SSE of Santa Rosa, Ecuador",earthquake,9.23,11.838,0.179,9,reviewed,us,us
2025-08-08T00:31:47.803Z,2.5724,-79.7378,10,4.9,mww,47,139,1.552,0.92,us,us6000qyzv,2025-10-25T13:40:31.040Z,"133 km WNW of Salahonda, Colombia",earthquake,7.01,1.69,0.069,20,reviewed,us,us
2025-08-16T10:47:02.299Z,-0.589,-78.3584,10,4.6,mb,49,98,0.196,1.02,us,us6000r1kx,2025-11-04T16:43:47.040Z,"24 km ESE of Machachi, Ecuador",earthquake,6.98,1.878,0.047,137,reviewed,us,us
2025-08-20T15:06:59.764Z,-3.8222,-76.2677,112.687,4.9,mb,105,55,2.904,0.55,us,us6000r2by,2025-11-12T16:25:34.040Z,"42 km SSE of Alianza Cristiana, Peru",earthquake,10.54,6.23,0.031,327,reviewed,us,us
2025-08-24T10:50:32.963Z,-2.3844,-79.0147,94.391,4.8,mb,61,71,0.256,1.21,us,us6000r3gp,2025-11-12T16:25:40.040Z,"21 km NNW of Cañar, Ecuador",earthquake,9.51,6.583,0.06,86,reviewed,us,us
2025-08-25T18:10:57.293Z,2.1354,-79.9559,10,4.9,mww,61,140,1.389,0.56,us,us7000qqvw,2025-11-12T16:25:44.040Z,"134 km NNW of Esmeraldas, Ecuador",earthquake,6.16,1.873,0.071,19,reviewed,us,us
2025-08-26T07:30:30.244Z,-3.7474,-80.9351,25.8,4.4,mb,61,107,2.075,0.78,us,us7000qqzi,2025-11-12T16:25:44.040Z,"29 km WSW of Zorritos, Peru",earthquake,7.84,6.341,0.073,55,reviewed,us,us
2025-08-27T04:26:23.607Z,-4.1365,-80.3547,52.124,4.2,mb,19,162,1.988,0.83,us,us7000qr8m,2025-11-19T21:59:40.040Z,"39 km ESE of Cañaveral, Peru",earthquake,11.83,8.189,0.166,10,reviewed,us,us
2025-08-27T09:31:35.740Z,2.7226,-76.7369,10,4.4,mb,47,155,2.253,0.55,us,us7000qr9r,2025-11-19T21:59:41.040Z,"12 km WSW of Morales, Colombia",earthquake,8.29,1.956,0.093,33,reviewed,us,us
2025-09-03T04:40:48.228Z,-5.7303,-75.1936,117.465,4.2,mb,33,113,3.171,0.78,us,us7000qtf3,2025-11-30T23:39:31.040Z,"77 km SE of Lagunas, Peru",earthquake,9.68,10.736,0.118,20,reviewed,us,us
2025-09-03T14:56:45.140Z,-1.5015,-77.856,161.773,5.3,mww,377,25,0.169,0.69,us,us7000qthm,2025-11-30T23:39:38.040Z,"16 km E of Puyo, Ecuador",earthquake,8.91,4.134,0.063,24,reviewed,us,us
2025-09-05T17:42:32.285Z,-1.821,-81.0466,3.061,5.4,mww,177,39,1.533,0.86,us,us7000qu91,2025-11-30T23:40:09.040Z,"44 km NNW of Salinas, Ecuador",earthquake,5.95,1.103,0.051,37,reviewed,us,us
2025-09-11T09:19:41.988Z,-3.0498,-80.2418,52.291,4.2,mb,32,123,1.099,0.92,us,us7000qvej,2025-12-03T03:58:01.040Z,"36 km NW of Puerto Bolívar, Ecuador",earthquake,6.73,11.154,0.118,20,reviewed,us,us
2025-09-13T21:18:36.570Z,-1.8288,-81.0175,10,4.4,mb,35,155,1.503,0.92,us,us7000qw1p,2025-12-03T03:58:24.040Z,"43 km N of Salinas, Ecuador",earthquake,7.95,1.938,0.11,24,reviewed,us,us
2025-09-13T23:59:55.076Z,-1.732,-81.1699,10,4.8,mb,75,143,1.675,0.96,us,us7000qw23,2025-12-03T03:58:26.040Z,"58 km NNW of Salinas, Ecuador",earthquake,8.15,1.891,0.07,63,reviewed,us,us
2025-09-16T03:41:52.928Z,-5.702,-81.2004,10,5.1,mb,142,62,3.753,0.52,us,us7000qwfa,2025-12-03T03:58:43.040Z,"44 km WSW of Sechura, Peru",earthquake,11.13,4.23,0.048,140,reviewed,us,us
2025-09-16T03:54:49.142Z,-1.6625,-81.0281,10,4.7,mb,53,155,1.56,0.67,us,us7000qwff,2025-12-03T03:58:43.040Z,"60 km SW of Jipijapa, Ecuador",earthquake,8.89,1.908,0.089,38,reviewed,us,us
2025-09-19T01:49:50.251Z,-1.4,-80.7338,39.893,4.6,mb,30,164,1.365,1.16,us,us7000qx6e,2025-12-06T16:00:21.040Z,"18 km WSW of Jipijapa, Ecuador",earthquake,9.4,8.549,0.105,27,reviewed,us,us
2025-09-19T22:33:06.743Z,-0.5341,-80.324,34.003,4.9,mb,72,138,0.512,0.73,us,us7000qxh4,2025-12-06T16:00:24.040Z,"13 km ENE of Bahía de Caráquez, Ecuador",earthquake,6.58,5.687,0.035,256,reviewed,us,us
2025-09-20T12:46:06.042Z,-3.2878,-77.9048,99.569,4,mb,28,143,1.578,0.85,us,us7000qxk0,2025-12-06T16:00:25.040Z,"76 km E of Gualaquiza, Ecuador",earthquake,9.66,9.703,0.113,21,reviewed,us,us
2025-09-25T23:40:15.388Z,-1.353,-77.9383,171.311,4.3,mb,54,54,0.164,0.88,us,us6000rcz1,2025-12-11T21:40:40.040Z,"16 km NNE of Puyo, Ecuador",earthquake,7.99,4.781,0.058,83,reviewed,us,us
2025-09-26T17:25:01.915Z,-2.346,-77.4063,6.582,4.2,mb,38,86,1.049,1.04,us,us6000rd6t,2025-12-11T21:40:38.040Z,"78 km E of Macas, Ecuador",earthquake,3.98,4.103,0.118,23,reviewed,us,us
2025-10-02T14:52:50.750Z,0.5213,-79.9972,12.915,4.3,mb,20,151,0.886,1,us,us6000riyc,2025-12-19T22:50:30.040Z,"10 km SSE of Muisne, Ecuador",earthquake,5.2,5.134,0.217,6,reviewed,us,us
2025-10-07T01:27:59.527Z,-0.4711,-80.281,38.23,4.4,mb,38,111,0.453,0.88,us,us6000rf82,2025-12-19T22:50:18.040Z,"21 km NE of Bahía de Caráquez, Ecuador",earthquake,6.2,8.186,0.114,22,reviewed,us,us
2025-10-11T23:52:28.147Z,-5.1691,-80.8889,43.081,4.4,mb,19,162,3.14,1,us,us6000rgmu,2026-01-01T23:11:10.040Z,"24 km W of San Martin, Peru",earthquake,13.16,9.487,0.162,11,reviewed,us,us
2025-10-22T00:05:44.495Z,-3.6137,-79.8408,77.13,5.5,mww,102,28,1.28,0.53,us,us6000rik7,2026-01-15T22:46:45.040Z,"19 km WNW of Piñas, Ecuador",earthquake,6.32,4.537,0.041,56,reviewed,us,us
2025-11-04T07:14:14.875Z,-4.0796,-76.5241,121.567,4.2,mb,41,96,2.974,0.97,us,us6000rlcc,2026-01-27T17:59:08.040Z,"67 km S of Alianza Cristiana, Peru",earthquake,9.78,9.515,0.105,25,reviewed,us,us
2025-11-06T23:11:15.301Z,-1.2716,-77.6039,186.918,4.5,mb,75,62,0.475,0.74,us,us6000rm0g,2026-01-29T22:05:32.040Z,"38 km SE of Tena, Ecuador",earthquake,8.05,2.115,0.054,103,reviewed,us,us
2025-11-17T23:13:51.062Z,-1.321,-77.8568,177.305,4.2,mb,54,49,0.24,0.58,us,us6000rnv4,2026-02-10T15:55:13.040Z,"24 km NE of Puyo, Ecuador",earthquake,6.1,3.637,0.1,28,reviewed,us,us
2025-12-01T06:37:00.570Z,-5.8617,-81.0816,32.602,4.2,mb,27,175,2.511,0.6,us,us7000reu7,2026-02-25T16:18:40.040Z,"44 km SW of Sechura, Peru",earthquake,12.06,9.088,0.124,18,reviewed,us,us
2025-12-13T09:40:52.633Z,-1.7801,-79.0621,10,4,mwr,55,91,0.636,0.9,us,us7000rn73,2026-03-10T22:18:48.040Z,"8 km SSW of San Miguel, Ecuador",earthquake,3.53,1.833,0.086,13,reviewed,us,us
2025-12-14T20:23:42.032Z,-1.7675,-78.0415,155.618,4.5,mb,73,62,0.273,0.84,us,us6000ruuw,2026-03-10T22:18:41.040Z,"11 km SW of Palora, Ecuador",earthquake,7.48,4.152,0.045,144,reviewed,us,us
2025-12-16T00:30:40.757Z,-1.5529,-77.7537,181.434,4.1,mb,40,63,0.277,0.65,us,us6000rv5p,2026-03-10T22:18:43.040Z,"28 km NE of Palora, Ecuador",earthquake,8.87,4.766,0.105,25,reviewed,us,us
2025-12-19T21:59:54.472Z,-0.7716,-77.9623,10,5.1,mww,72,43,0.429,1.03,us,us6000rw3h,2026-03-19T13:56:06.040Z,"22 km NW of Archidona, Ecuador",earthquake,5.06,1.789,0.098,10,reviewed,us,us
2026-01-02T20:59:15.179Z,-1.7724,-77.9219,165.074,4.1,mb,25,88,0.296,0.97,us,us7000rm62,2026-04-07T22:11:52.040Z,"9 km SSE of Palora, Ecuador",earthquake,5.75,4.637,0.131,18,reviewed,us,us
2026-01-03T08:46:48.944Z,-1.9381,-78.8688,8.151,4.6,mb,80,101,0.652,0.6,us,us7000rm8f,2026-04-07T22:11:52.040Z,"29 km N of Alausí, Ecuador",earthquake,5.13,4.899,0.064,72,reviewed,us,us
2026-01-08T05:17:50.354Z,-4.0453,-77.8303,109.868,5.5,mww,197,91,2.119,0.79,us,us7000rndf,2026-04-10T15:20:40.040Z,"105 km ESE of Yantzaza, Ecuador",earthquake,8.66,5.721,0.052,35,reviewed,us,us
2026-01-16T21:15:03.852Z,-4.579,-77.8704,12.243,4.2,mb,21,122,2.419,1.22,us,us7000rq7p,2026-04-18T14:46:58.040Z,"128 km N of Yambrasbamba, Peru",earthquake,8.24,11.182,0.152,12,reviewed,us,us
2026-02-10T08:20:44.899Z,-1.4987,-78.2272,158.767,4.3,mb,21,94,0.202,1.28,us,us6000s7lj,2026-05-01T14:35:49.040Z,"24 km ESE of Baños, Ecuador",earthquake,8.59,5.041,0.177,9,reviewed,us,us
2026-02-12T21:52:58.837Z,-2.4913,-77.6787,126.01,4.7,mb,41,90,1.05,1.34,us,us6000s8l7,2026-05-06T17:53:48.040Z,"52 km ESE of Macas, Ecuador",earthquake,8.44,2.54,0.087,40,reviewed,us,us
2026-02-15T09:37:03.656Z,0.1322,-80.7518,10,4.2,mb,25,96,2.252,1.22,us,us6000s9de,2026-05-06T17:53:54.040Z,"78 km W of Pedernales, Ecuador",earthquake,5.22,1.916,0.128,17,reviewed,us,us
2026-02-22T06:43:52.602Z,-4.6719,-76.4374,115.085,5,mb,92,31,3.533,0.79,us,us6000sara,2026-05-12T17:28:07.040Z,"31 km NE of Barranca, Peru",earthquake,9.2,5.952,0.026,488,reviewed,us,us
2026-03-04T04:14:25.062Z,-4.0254,-80.9143,35,4.2,mb,15,179,0.969,0.86,us,us7000s1wl,2026-05-15T22:02:43.040Z,"17 km ENE of Máncora, Peru",earthquake,10.52,2.004,0.187,9,reviewed,us,us
2026-03-06T01:40:24.501Z,-4.6128,-76.8109,114.512,4.6,mb,40,130,3.242,0.64,us,us7000s2fd,2026-05-22T21:58:36.040Z,"28 km NNW of Barranca, Peru",earthquake,5.47,7.579,0.061,79,reviewed,us,us
2026-03-07T16:36:12.218Z,-5.6526,-79.1316,59.851,4.6,mb,80,140,2.289,0.84,us,us7000s2u0,2026-05-22T21:58:39.040Z,"20 km E of Sallique, Peru",earthquake,8.52,7.649,0.041,186,reviewed,us,us
2026-03-07T18:15:38.429Z,-5.5118,-78.9675,68.776,4.8,mb,147,140,2.238,0.8,us,us7000s2uz,2026-05-22T21:58:39.040Z,"12 km NNW of Huabal, Peru",earthquake,8.43,4.224,0.032,304,reviewed,us,us
2026-03-15T11:23:54.489Z,0.5877,-80.1174,31.594,4.4,mb,47,141,1.702,0.88,us,us6000sgfx,2026-05-26T19:16:58.040Z,"11 km WSW of Muisne, Ecuador",earthquake,6.34,6.256,0.093,33,reviewed,us,us
2026-03-15T18:31:38.700Z,-1.3056,-77.5337,222.549,4.3,mb,45,82,0.525,1.06,us,us6000sgh9,2026-05-26T19:16:58.040Z,"46 km SE of Tena, Ecuador",earthquake,10.05,5.746,0.084,40,reviewed,us,us
2026-03-23T07:18:45.733Z,-3.8068,-81.097,35,4.3,mb,38,108,1.06,1.07,us,us7000s9ge,2026-06-04T18:38:12.040Z,"33 km N of Máncora, Peru",earthquake,7.06,1.95,0.113,22,reviewed,us,us
2026-03-23T07:19:08.805Z,-3.9296,-81.0447,35,4.4,mb,30,144,1.047,0.56,us,us6000sitf,2026-06-04T18:38:00.040Z,"19 km N of Máncora, Peru",earthquake,8.54,1.952,0.13,17,reviewed,us,us
2026-03-26T18:10:02.396Z,-1.364,-78.0183,171.372,4.1,mb,22,140,0.128,0.52,us,us7000s7wk,2026-06-10T15:14:51.040Z,"13 km N of Puyo, Ecuador",earthquake,5.7,4.126,0.139,14,reviewed,us,us
2026-04-04T12:23:29.388Z,-2.2449,-80.3406,57.234,4.9,mb,66,139,1.104,0.86,us,us6000smky,2026-06-20T17:05:13.040Z,"38 km W of Santa Lucía, Ecuador",earthquake,7.87,6.368,0.029,363,reviewed,us,us
2026-04-10T14:15:32.180Z,-1.7698,-77.8022,165.471,4.6,mb,72,51,0.354,0.73,us,us6000sp0a,2026-06-24T16:34:30.040Z,"19 km ESE of Palora, Ecuador",earthquake,8.41,4.614,0.03,325,reviewed,us,us
2026-04-11T13:44:11.761Z,-4.5481,-80.6987,53.261,4.8,mb,86,57,1.176,0.65,us,us6000spaz,2026-06-24T16:34:31.040Z,"32 km N of Querecotillo, Peru",earthquake,8.52,6.32,0.032,303,reviewed,us,us
2026-04-14T22:21:25.595Z,-4.5208,-80.5788,60.323,4.3,mb,13,141,1.093,0.64,us,us6000sq3j,2026-06-24T16:34:38.040Z,"35 km N of Huangala, Peru",earthquake,12.66,9.317,0.238,5,reviewed,us,us
2026-04-21T02:22:20.976Z,0.3397,-78.2699,123.657,5.2,mww,207,23,0.392,0.6,us,us6000srr2,2026-07-03T01:38:39.040Z,"4 km N of Cotacachi, Ecuador",earthquake,7.44,3.677,0.045,47,reviewed,us,us
2026-04-23T14:39:36.636Z,-0.6404,-80.0976,10,4.1,mb,11,174,1.572,0.58,us,us6000ssap,2026-07-11T19:57:46.040Z,"6 km N of Chone, Ecuador",earthquake,7.66,1.988,0.261,4,reviewed,us,us
2026-04-29T06:12:14.369Z,-5.626,-79.1298,33.358,4.8,mb,53,143,2.266,0.9,us,us7000sgvu,2026-07-11T19:59:52.040Z,"20 km E of Sallique, Peru",earthquake,8.38,5.138,0.043,166,reviewed,us,us
2026-05-05T15:58:26.295Z,-3.5486,-80.6904,43.212,4.9,mb,164,84,0.622,0.62,us,us6000svc4,2026-07-15T15:25:54.040Z,"14 km N of Zorritos, Peru",earthquake,7.1,6.023,0.035,262,reviewed,us,us
2026-05-06T22:06:49.679Z,-2.2707,-79.1824,97.172,4.6,mb,47,104,0.208,0.69,us,us6000svsx,2026-07-15T15:25:57.040Z,"24 km NE of La Troncal, Ecuador",earthquake,6.72,2.629,0.053,108,reviewed,us,us
2026-05-08T17:50:10.736Z,-4.6273,-77.8472,10,4.4,mb,29,123,2.46,0.67,us,us6000swaq,2026-07-18T18:23:17.040Z,"122 km N of Yambrasbamba, Peru",earthquake,8.07,1.939,0.12,20,reviewed,us,us
2026-05-23T08:44:52.458Z,-2.6463,-77.5168,118.742,4.5,mb,88,101,1.253,0.74,us,us6000szp0,2026-08-05T15:58:50.040Z,"75 km ESE of Sucúa, Ecuador",earthquake,8.72,7.937,0.042,165,reviewed,us,us
2026-05-27T06:27:36.900Z,-1.6736,-77.8628,170.238,4.4,mb,36,83,0.242,1.02,us,us7000sntq,2026-08-05T15:58:58.040Z,"11 km ENE of Palora, Ecuador",earthquake,9.08,6.012,0.069,60,reviewed,us,us
2026-06-09T18:17:24.756Z,-5.9856,-75.1321,10,4.6,mb,76,82,5.314,0.63,us,us7000srup,2026-08-15T17:27:09.040Z,"78 km ENE of Navarro, Peru",earthquake,10,1.808,0.075,53,reviewed,us,us
2026-06-13T06:35:39.995Z,-4.5468,-80.0698,80.617,5.1,mww,118,39,0.992,0.96,us,us7000ssms,2026-07-07T16:01:22.725Z,"8 km WSW of Suyo, Peru",earthquake,9.17,4.684,0.098,10,reviewed,us,us
2026-06-16T14:56:02.790Z,0.5419,-80.2888,10,4,mb,22,144,1.841,0.48,us,us7000stei,2026-07-03T19:02:48.040Z,"31 km WSW of Muisne, Ecuador",earthquake,7.29,1.933,0.173,10,reviewed,us,us
2026-07-09T23:42:59.846Z,-2.7409,-80.8398,39.312,4.6,mb,47,102,1.113,0.83,us,us7000szbp,2026-07-24T04:07:27.040Z,"51 km WSW of Playas, Ecuador",earthquake,6.12,6.513,0.058,87,reviewed,us,us
2026-07-27T04:38:58.348Z,-2.049,-79.8886,83.356,4.4,mb,36,129,0.359,1.14,us,us7000t3lb,2026-08-05T01:50:41.298Z,"14 km NNW of Eloy Alfaro, Ecuador",earthquake,6.57,6.468,0.098,30,reviewed,us,us
2026-07-31T01:10:00.736Z,-0.6197,-80.9479,10,4.3,mb,13,233,2.086,0.98,us,us6000th4p,2026-07-31T01:23:50.040Z,"46 km NW of Manta, Ecuador",earthquake,6.95,1.998,0.375,2,reviewed,us,us
2026-08-02T17:09:44.170Z,-3.1069,-75.7595,140.288,4.3,mb,17,100,3.485,0.56,us,us6000thmt,2026-08-15T16:44:16.040Z,"85 km ENE of Alianza Cristiana, Peru",earthquake,10.04,12.629,0.138,15,reviewed,us,us
2026-08-11T08:00:34.362Z,-5.8682,-81.0116,39.674,4.6,mb,37,154,2.49,0.74,us,us6000tjwd,2026-08-11T08:53:31.040Z,"40 km SSW of Sechura, Peru",earthquake,10.74,7.738,0.073,56,reviewed,us,us
